{
  "paper_id": "1410.6532v1",
  "keyword": "visual_understanding",
  "source_path": "papers/outputs/visual_understanding/1410.6532v1.json",
  "abstract_hwt": "Person re-identification aims to maintain the identity of an individual in diverse locations through different non-overlapping camera views. The problem is fundamentally challenging due to appearance variations resulting from differing poses, illumination and configurations of camera views. To deal with these difficulties, we propose a novel visual word co-occurrence model. We first map each pixel of an image to a visual word using a codebook, which is learned in an unsupervised manner. The appearance transformation between camera views is encoded by a co-occurrence matrix of visual word joint distributions in probe and gallery images. Our appearance model naturally accounts for spatial similarities and variations caused by pose, illumination & configuration change across camera views. Linear SVMs are then trained as classifiers using these co-occurrence descriptors. On the VIPeR [1] and CUHK Campus [2] benchmark datasets, our method achieves 83.86% and 85.49% at rank-15 on the Cumulative Match Characteristic (CMC) curves, and beats the state-of-the-art results by 10.44% and 22.27%.",
  "abstract_only_llm": "Person re-identification (re-id) is a pivotal challenge in intelligent surveillance systems, where maintaining the identities of individuals across multiple cameras is crucial for accurate tracking and monitoring. The primary goal of re-id is to develop a robust system that can effectively recognize and associate individuals across various camera views, despite changes in pose, lighting, and occlusions.\nRecent advancements in computer vision have led to the development of deep learning-based approaches for re-id, which have shown promising results in improving visual understanding and accuracy. However, existing methods often suffer from limitations such as limited generalizability, high computational complexity, and vulnerability to adversarial attacks. To address these challenges, this research focuses on enhancing visual understanding for person re-id by exploring novel architectures and techniques that can better capture the complexities of human appearance and behavior.\nBy leveraging state-of-the-art deep learning methods and exploiting the strengths of convolutional neural networks (CNNs) and recurrent neural networks (RNNs), this study aims to develop a more accurate and robust re-id system that can effectively handle diverse scenarios and improve the overall performance of intelligent surveillance systems.",
  "abstract_rag": "This paper proposes a novel visual understanding approach for person re-identification, leveraging codeword co-occurrence modeling. The model takes as input codeword images, where each pixel location is represented by a codeword. By analyzing the spatial distribution of codewords, the model embeds visual words into a family of spatial distributions, enabling the quantification of pairwise relationships between visual words. This is achieved through the kernel mean embedding method, which maps distributions into a reproducing kernel Hilbert space. The co-occurrence matrix, representing the appearance model, is computed as the inner product of visual words in this space.\nThe proposed approach accounts for local appearance changes and provides a framework for similarity measurement between visual words. The model's ability to capture spatial relationships between codewords enables it to outperform existing methods in person re-identification tasks. Experimental results demonstrate the effectiveness of the approach, particularly when using larger codebook sizes, which lead to finer codeword representations and reduced quantization error.",
  "only_llm_summary": "Introduction In intelligent surveillance systems, person re-identification (re-id) is emerging as a key problem. Re-id deals with maintaining identities of individuals traversing different cameras.",
  "only_llm_body": "Introduction In intelligent surveillance systems, person re-identification (re-id) is emerging as a key problem. Re-id deals with maintaining identities of individuals traversing different cameras. As in the literature we consider re-id for two cameras and focus on the problem of matching probe images of individuals in Camera 1 with gallery images from Camera 2. The problem is challenging for several reasons. Cameras views are non-overlapping so conventional tracking methods may fail. Illumination, view angles and configurations for different cameras are generally non-consistent, leading to significant appearance variations to the point that features seen in one camera are often distorted or missing in the other. Finer bio-metrics like face and gait thus often become unreliable [3] . The existing papers mainly focus on designing distinctive signature to represent a person under different cameras, or learning an effective matching methodology to predict if two images describe the same person. Our proposed method diverts from the literature by aiming to learn an appearance model that is based on co-occurrence statistics of visual patterns in different camera views. Namely, our appearance model captures the appearance \"transformation\" across cameras instead of some unknown invariant property among different views. Particularly, our method does not assume any smooth appearance transformation across different cameras. Instead, our method learns the visual word co-occurrence patten\n\nl efficiency, and assume that P H is a uniform distribution for simplicity without further learning. The main idea here is that by introducing the latent displacement variables, we have a handle on view-specific distortions observed in the two cameras. We only show the performance using the latent kernel in our experimental section, since it produces much better performance than the other two in our preliminary results. a collection of codeword slices. For each codeword slice, the max operation is performed at every pixel location to search for the spatially closest codeword in the slice. This procedure forms a distance transform image, which is further mapped to a spatial kernel image. It allows each peak at the presence of a codeword to be propagated smoothly and uniformly. To calculate the matching score for a codeword co-occurrence, the spatial kernel from a probe image and another from a gallery image are multiplied element-wise and then summed over all latent locations. This step\n\nssigned the same codeword. Fig. 2 2 Fig.2illustrates the whole process of generating the latent spatial kernel based appearance model given the codeword images, each of which is represented as Fig. 2 . 2 Fig. 2. Illustration of our visual word co-occurrence model generation process. Here, the white regions in the codeword slices indicate the pixel locations with the same codeword. \"A\" and \"B\" denote two arbitrary pixel locations in the image domain. And \"Σ\" denotes a sum operation which sums up all the values in the point-wise product matrix into a single value φ(xij)mn in our model. Fig. 3 . 3 Fig.3. The pipeline of our method, where \"codebook\" and \"classifier\" are learned using training data, and each color in the codeword images denotes a codeword. This figure is best viewed in color. Fig. 4 . 4 Fig. 4. Matching rate comparison between different methods on (a) VIPeR and (b) CUHK Campus datasets. Numbers following \"Ours-\" in the legends denote the size of the codebook used in each experiment. Expect for our results, the other CMC curves are cited from [2]. This figure is best viewed in color. Fig. 5 . 5 Fig. 5. Examples of codeword co-occurrence with relatively high positive/negative weights in the learned weighting matrix. Same as Fig. 1, in each row the regions enclosed by red (or cyan) color indicate that the codeword per pixel location in these regions is the same. This figure is best viewed in color. We thank the authors for the response to their experimental setti",
  "only_llm_prompt": "You are writing an academic abstract.\nKeyword: visual_understanding\nBrief summary (2 sentences): Introduction In intelligent surveillance systems, person re-identification (re-id) is emerging as a key problem. Re-id deals with maintaining identities of individuals traversing different cameras.\nConstraints: Do not invent datasets, baselines, or numerical results.\nIf results are not stated, describe them generally.\n\nWrite a concise abstract (150-250 words).",
  "only_llm_output": "Person re-identification (re-id) is a pivotal challenge in intelligent surveillance systems, where maintaining the identities of individuals across multiple cameras is crucial for accurate tracking and monitoring. The primary goal of re-id is to develop a robust system that can effectively recognize and associate individuals across various camera views, despite changes in pose, lighting, and occlusions.\nRecent advancements in computer vision have led to the development of deep learning-based approaches for re-id, which have shown promising results in improving visual understanding and accuracy. However, existing methods often suffer from limitations such as limited generalizability, high computational complexity, and vulnerability to adversarial attacks. To address these challenges, this research focuses on enhancing visual understanding for person re-id by exploring novel architectures and techniques that can better capture the complexities of human appearance and behavior.\nBy leveraging state-of-the-art deep learning methods and exploiting the strengths of convolutional neural networks (CNNs) and recurrent neural networks (RNNs), this study aims to develop a more accurate and robust re-id system that can effectively handle diverse scenarios and improve the overall performance of intelligent surveillance systems.",
  "rag_queries": [
    "What is the main problem or motivation addressed in this paper?",
    "What method or approach is proposed? Summarize the core idea and components.",
    "What experiments or evaluation setup are used (datasets, tasks, metrics)?",
    "What are the main results or findings? Include numeric results only if present.",
    "What are the key contributions and significance of this work?"
  ],
  "rag_chunks": [
    {
      "vector_id": 85,
      "score": 0.5038619041442871,
      "text": "model given the codeword images, each of which is represented as fig. 2. 2 fig. 2. illustration of our visual word co - occurrence model generation process. here, the white regions in the codeword slices indicate the pixel locations with the same codeword. \" a \" and \" b \" denote two arbitrary pixel locations in the image domain. and \" σ \" denotes a sum operation which sums up all the values in the point - wise product matrix into a single value φ ( xij ) mn in our model. fig. 3. 3 fig. 3. the pipeline of our method, where \" codebook \" and \" classifier \" are learned using training data, and each color in the codeword images denotes a codeword. this figure is best viewed in color. fig. 4. 4 fig. 4. matching rate comparison between different methods on ( a ) viper and ( b ) cuhk campus datasets. numbers following \" ours - \" in the legends denote the size of the codebook used in each experiment. expect for our results, the other cmc curves are cited from [ 2 ]. this figure is best viewed in color. fig. 5. 5 fig. 5. examples of codeword co - occurrence with relatively high positive / negative weights in the learned weighting matrix. same as fig. 1, in each row the regions enclosed by red ( or cyan ) color indicate that the codeword per pixel location in these regions is the same. this figure is best viewed in color. we thank the authors for the response to their experimental settings.",
      "query": "What is the main problem or motivation addressed in this paper?"
    },
    {
      "vector_id": 82,
      "score": 0.48942387104034424,
      "text": "pedestrians captured in two different camera views, denoted by cam - a and cam - b, respectively. many cross - camera image pairs in the dataset have significant variations in illumination, pose, and viewpoint, and each image is normalized to 128×48 pixels. in order to compare with other person re - identification methods, we followed the experimental set up described in [ 2 ]. the dataset is split in half randomly, one partition for training and the other for testing. in addition, samples from cam - a form the probe set, and samples from cam - b form the gallery set. the parameter σ in the spatial kernel function is set to 3 for this dataset. fig. 4 ( a ) shows our matching rate comparison with other methods on this dataset. when the codebook size is 100, which is pretty small, our performance is close to that of salmatch [ 2 ]. with increase of the codebook size, our performance is improved significantly, and has outperformed that of salmatch by large margins. for instance, at rank - 15, our best matching rate is 10. 44 % higher. using larger sizes of codebooks, the codeword representation of each image is finer by reducing the quantization error in the feature space. however, it seems that when the codebook size is beyond 500, our performance is saturated. there - fore, in the following experiments, we only test our method using 100 / 200 / 500 codewords. fig. 5 illustrates some codeword co - occurrence examples with relatively high positive / negative weights in the learned weighting matrix. these examples strongly support our intuition of learning codeword co - occurrence based features in section 1. cuhk campus the cuhk campus dataset is a relatively new person re - identification dataset explored by two state - of - the - art approaches outlined in [ 2 ] and [ 34 ]. this dataset consists of 1816 people captured from five different camera pairs, labeled p1 to p5. each image contains 160×60 pixels. following the experimental settings from [ 2 ] and [ 34 ], we use only images captured from p1 as our dataset. this subset contains 971 people in two camera views, with two images per view per person. one camera view, which we call cam - 1, captures people either facing towards or away from the camera. the other view, cam - 2, captures the side view of each person. for our experiments, we adopt the settings described in [ 2 ] for",
      "query": "What is the main problem or motivation addressed in this paper?"
    },
    {
      "vector_id": 77,
      "score": 0.48436182737350464,
      "text": "at least one ) codewords to cluster pixels. to emphasize local appearance changes, we look at the spatial distribution of each codeword. concretely, we let c ( i, z ) ⊆ π denote the set of pixel locations associated with codeword z in image i and associate a spatial probability distribution, p ( π | z, i ), over this observed collection. in this way visual words are embedded into a family of spatial distributions. intuitively it should now be clear that we can use the similarity ( or distance ) of two corresponding spatial distributions to quantify the pairwise relationship between two visual words. this makes sense because our visual words are spatially locally distributed and small distance between spatial distributions implies spatial locality. together this leads to a model that accounts for local appearance changes. while we can quantify the similarity between two distributions in a number of ways, the kernel mean embedding method is particularly convenient for our task. the basic idea to map the distribution, p, into a reproducing kernel hilbert space ( rkhs ), h, namely, p → µ p ( • ) = k ( •, π ) p ( π ) ∆ = e p ( k ( •, π ) ). for universal kernels, such as rbf kernels, this mapping is injective, i. e., the mapping preserves the information about the distribution [ 7 ]. in addition we can exploit the reproducing property to express inner products in terms of expected values, namely, µ p, φ = e p ( φ ), φ ∈ h and obtain simple expressions for similarity between two distributions ( and hence two visual words ) because µ p ( • ) ∈ h. to this end, consider the codeword z m in image i ( 1 ) i and codeword z n in image i ( 2 ) j. the co - occurrence matrix ( and hence the appearance model ) is the inner product of visual words in the rkhs space, namely, φ ( x ij ) mn = µ p ( • | zm, i ( 1 ) i ), µ p ( • | zn, i ( 2 ) j ) = πu πv k ( π u, π v ) p ( π u | z m, i ( 1 ) i ) p ( π v | z n, i ( 2 ) j ), ( 1 ) where we have used the reproducing property in the last equality. we now have several choices for the kernel k (",
      "query": "What method or approach is proposed? Summarize the core idea and components."
    },
    {
      "vector_id": 76,
      "score": 0.5984392166137695,
      "text": "10, 17, 18, 19 ]. in addition high - level structured features that utilize concatenation of low - level features [ 18 ] or deformable part models ( dpms ) [ 20 ] have been proposed. metric learning methods have been proposed for re - id ( e. g. [ 21, 22, 23, 24 ] ). in [ 25, 26 ] distance metrics are derived through brightness transfer functions that associate color - levels in the two cameras. [ 27 ] proposes distance metrics that lend importance to features in matched images over the wrongly matched pairs without assuming presence of universally distinctive features. low - dimensional embeddings using pca and local fda have also been proposed [ 28 ]. supervised methods that select relevant features for re - id have been proposed by [ 14 ] using boosting and by [ 15 ] using ranksvms. visual word co - occurrence models we generally face two issues in visual recognition problems : ( 1 ) visual ambiguity [ 29 ] ( i. e. the appearance of instances which belong to the same thing semantically can vary dramatically in different scenarios ), ( 2 ) spatial displacement [ 30 ] of visual patterns. while visual ambiguity can be somewhat handled through codebook construction and quantization of images into visual words, our goal of matching humans in re - id imposes additional challenges. humans body parts exhibit distinctive local visual patterns and these patterns systematically change appearance locally. our goal is to account for this inherent variability in appearance models through co - occurrence matrices that quantify spatial and visual changes in appearance. locally sensitive co - occurrence designs we need co - occurrence models that not only account for the locality of appearance changes but also the random spatial & visual ambiguity inherent in vision problems. therefore, we first construct a codebook z = { z } ⊂ r d with m codewords. our codebook construction is global and thus only carries information about distinctive visual patterns. nevertheless, for a sufficiently large codebook distinctive visual patterns are mapped to different elements of the codebook, which has the effect of preserving local visual patterns. specifically, we map each pixel at 2d location π ∈ π of image i into ( at least one ) codewords to cluster pixels. to emphasize local appearance changes, we look at the spatial distribution of each codeword. concretely, we let c ( i, z ) ⊆ π denote the set of pixel locations associated with codeword z in image i and associate a spatial probability distribution, p ( π | z, i ), over this observed collection. in",
      "query": "What experiments or evaluation setup are used (datasets, tasks, metrics)?"
    },
    {
      "vector_id": 78,
      "score": 0.4779735803604126,
      "text": "i ( 2 ) j ) = πu πv k ( π u, π v ) p ( π u | z m, i ( 1 ) i ) p ( π v | z n, i ( 2 ) j ), ( 1 ) where we have used the reproducing property in the last equality. we now have several choices for the kernel k ( π u, π v ) above. we list some of them here : identity : k ( •, π ) = e π, where e π is the usual unit vector at location π. we get the following appearance model : φ ( x ij ) mn c ( i ( 1 ) i, z m ) c ( i ( 2 ) j, z n ), ( 2 ) where | • | denotes set cardinality. this choice often leads to poor performance in re - id because it is not robust to spatial displacements of visual words, which we commonly encounter in re - id. radial appearance model ( rbf ) : this leads to the following appearance model : φ ( x ij ) mn = πu πv exp π u - π v 2 2 2σ 2 p ( π u | z m, i ( 1 ) i ) p ( π v | z n, i ( 2 ) j ) ( 3 ) ≤ πu max πv exp π u - π v 2 2 2σ 2 p ( π v | z n, i ( 2 ) j ) p ( π u | z m, i ( 1 ) i ). the upper bound above is used for efficiently computing our appearance model by removing the summation over π v. this appearance model is often a better choice than the previous one because rbf accounts for some spatial displacements of visual words for appropriate choice of σ. latent spatial kernel : this is a type of probability product kernel that has been previously proposed [ 8 ] to encode generative structures into discriminative learning methods. in our context we can view the presence of a codeword z m at location π u as a noisy displacement of a true latent location h ∈ π. the key insight here is that the spatial activation of the two codewords z m and z n in the two image views i ( 2 ) j are conditionally independent when conditioned on the true latent location h, namely, the joint probability factorizes into p r { π u, π v | h, i ( 1 ) i, i j } = p r { π u |",
      "query": "What are the main results or findings? Include numeric results only if present."
    }
  ],
  "rag_by_query": {
    "What is the main problem or motivation addressed in this paper?": [
      {
        "vector_id": 85,
        "score": 0.5038619041442871,
        "text": "model given the codeword images, each of which is represented as fig. 2. 2 fig. 2. illustration of our visual word co - occurrence model generation process. here, the white regions in the codeword slices indicate the pixel locations with the same codeword. \" a \" and \" b \" denote two arbitrary pixel locations in the image domain. and \" σ \" denotes a sum operation which sums up all the values in the point - wise product matrix into a single value φ ( xij ) mn in our model. fig. 3. 3 fig. 3. the pipeline of our method, where \" codebook \" and \" classifier \" are learned using training data, and each color in the codeword images denotes a codeword. this figure is best viewed in color. fig. 4. 4 fig. 4. matching rate comparison between different methods on ( a ) viper and ( b ) cuhk campus datasets. numbers following \" ours - \" in the legends denote the size of the codebook used in each experiment. expect for our results, the other cmc curves are cited from [ 2 ]. this figure is best viewed in color. fig. 5. 5 fig. 5. examples of codeword co - occurrence with relatively high positive / negative weights in the learned weighting matrix. same as fig. 1, in each row the regions enclosed by red ( or cyan ) color indicate that the codeword per pixel location in these regions is the same. this figure is best viewed in color. we thank the authors for the response to their experimental settings."
      },
      {
        "vector_id": 82,
        "score": 0.48942387104034424,
        "text": "pedestrians captured in two different camera views, denoted by cam - a and cam - b, respectively. many cross - camera image pairs in the dataset have significant variations in illumination, pose, and viewpoint, and each image is normalized to 128×48 pixels. in order to compare with other person re - identification methods, we followed the experimental set up described in [ 2 ]. the dataset is split in half randomly, one partition for training and the other for testing. in addition, samples from cam - a form the probe set, and samples from cam - b form the gallery set. the parameter σ in the spatial kernel function is set to 3 for this dataset. fig. 4 ( a ) shows our matching rate comparison with other methods on this dataset. when the codebook size is 100, which is pretty small, our performance is close to that of salmatch [ 2 ]. with increase of the codebook size, our performance is improved significantly, and has outperformed that of salmatch by large margins. for instance, at rank - 15, our best matching rate is 10. 44 % higher. using larger sizes of codebooks, the codeword representation of each image is finer by reducing the quantization error in the feature space. however, it seems that when the codebook size is beyond 500, our performance is saturated. there - fore, in the following experiments, we only test our method using 100 / 200 / 500 codewords. fig. 5 illustrates some codeword co - occurrence examples with relatively high positive / negative weights in the learned weighting matrix. these examples strongly support our intuition of learning codeword co - occurrence based features in section 1. cuhk campus the cuhk campus dataset is a relatively new person re - identification dataset explored by two state - of - the - art approaches outlined in [ 2 ] and [ 34 ]. this dataset consists of 1816 people captured from five different camera pairs, labeled p1 to p5. each image contains 160×60 pixels. following the experimental settings from [ 2 ] and [ 34 ], we use only images captured from p1 as our dataset. this subset contains 971 people in two camera views, with two images per view per person. one camera view, which we call cam - 1, captures people either facing towards or away from the camera. the other view, cam - 2, captures the side view of each person. for our experiments, we adopt the settings described in [ 2 ] for"
      }
    ],
    "What method or approach is proposed? Summarize the core idea and components.": [
      {
        "vector_id": 77,
        "score": 0.48436182737350464,
        "text": "at least one ) codewords to cluster pixels. to emphasize local appearance changes, we look at the spatial distribution of each codeword. concretely, we let c ( i, z ) ⊆ π denote the set of pixel locations associated with codeword z in image i and associate a spatial probability distribution, p ( π | z, i ), over this observed collection. in this way visual words are embedded into a family of spatial distributions. intuitively it should now be clear that we can use the similarity ( or distance ) of two corresponding spatial distributions to quantify the pairwise relationship between two visual words. this makes sense because our visual words are spatially locally distributed and small distance between spatial distributions implies spatial locality. together this leads to a model that accounts for local appearance changes. while we can quantify the similarity between two distributions in a number of ways, the kernel mean embedding method is particularly convenient for our task. the basic idea to map the distribution, p, into a reproducing kernel hilbert space ( rkhs ), h, namely, p → µ p ( • ) = k ( •, π ) p ( π ) ∆ = e p ( k ( •, π ) ). for universal kernels, such as rbf kernels, this mapping is injective, i. e., the mapping preserves the information about the distribution [ 7 ]. in addition we can exploit the reproducing property to express inner products in terms of expected values, namely, µ p, φ = e p ( φ ), φ ∈ h and obtain simple expressions for similarity between two distributions ( and hence two visual words ) because µ p ( • ) ∈ h. to this end, consider the codeword z m in image i ( 1 ) i and codeword z n in image i ( 2 ) j. the co - occurrence matrix ( and hence the appearance model ) is the inner product of visual words in the rkhs space, namely, φ ( x ij ) mn = µ p ( • | zm, i ( 1 ) i ), µ p ( • | zn, i ( 2 ) j ) = πu πv k ( π u, π v ) p ( π u | z m, i ( 1 ) i ) p ( π v | z n, i ( 2 ) j ), ( 1 ) where we have used the reproducing property in the last equality. we now have several choices for the kernel k ("
      }
    ],
    "What experiments or evaluation setup are used (datasets, tasks, metrics)?": [
      {
        "vector_id": 76,
        "score": 0.5984392166137695,
        "text": "10, 17, 18, 19 ]. in addition high - level structured features that utilize concatenation of low - level features [ 18 ] or deformable part models ( dpms ) [ 20 ] have been proposed. metric learning methods have been proposed for re - id ( e. g. [ 21, 22, 23, 24 ] ). in [ 25, 26 ] distance metrics are derived through brightness transfer functions that associate color - levels in the two cameras. [ 27 ] proposes distance metrics that lend importance to features in matched images over the wrongly matched pairs without assuming presence of universally distinctive features. low - dimensional embeddings using pca and local fda have also been proposed [ 28 ]. supervised methods that select relevant features for re - id have been proposed by [ 14 ] using boosting and by [ 15 ] using ranksvms. visual word co - occurrence models we generally face two issues in visual recognition problems : ( 1 ) visual ambiguity [ 29 ] ( i. e. the appearance of instances which belong to the same thing semantically can vary dramatically in different scenarios ), ( 2 ) spatial displacement [ 30 ] of visual patterns. while visual ambiguity can be somewhat handled through codebook construction and quantization of images into visual words, our goal of matching humans in re - id imposes additional challenges. humans body parts exhibit distinctive local visual patterns and these patterns systematically change appearance locally. our goal is to account for this inherent variability in appearance models through co - occurrence matrices that quantify spatial and visual changes in appearance. locally sensitive co - occurrence designs we need co - occurrence models that not only account for the locality of appearance changes but also the random spatial & visual ambiguity inherent in vision problems. therefore, we first construct a codebook z = { z } ⊂ r d with m codewords. our codebook construction is global and thus only carries information about distinctive visual patterns. nevertheless, for a sufficiently large codebook distinctive visual patterns are mapped to different elements of the codebook, which has the effect of preserving local visual patterns. specifically, we map each pixel at 2d location π ∈ π of image i into ( at least one ) codewords to cluster pixels. to emphasize local appearance changes, we look at the spatial distribution of each codeword. concretely, we let c ( i, z ) ⊆ π denote the set of pixel locations associated with codeword z in image i and associate a spatial probability distribution, p ( π | z, i ), over this observed collection. in"
      }
    ],
    "What are the main results or findings? Include numeric results only if present.": [
      {
        "vector_id": 78,
        "score": 0.4779735803604126,
        "text": "i ( 2 ) j ) = πu πv k ( π u, π v ) p ( π u | z m, i ( 1 ) i ) p ( π v | z n, i ( 2 ) j ), ( 1 ) where we have used the reproducing property in the last equality. we now have several choices for the kernel k ( π u, π v ) above. we list some of them here : identity : k ( •, π ) = e π, where e π is the usual unit vector at location π. we get the following appearance model : φ ( x ij ) mn c ( i ( 1 ) i, z m ) c ( i ( 2 ) j, z n ), ( 2 ) where | • | denotes set cardinality. this choice often leads to poor performance in re - id because it is not robust to spatial displacements of visual words, which we commonly encounter in re - id. radial appearance model ( rbf ) : this leads to the following appearance model : φ ( x ij ) mn = πu πv exp π u - π v 2 2 2σ 2 p ( π u | z m, i ( 1 ) i ) p ( π v | z n, i ( 2 ) j ) ( 3 ) ≤ πu max πv exp π u - π v 2 2 2σ 2 p ( π v | z n, i ( 2 ) j ) p ( π u | z m, i ( 1 ) i ). the upper bound above is used for efficiently computing our appearance model by removing the summation over π v. this appearance model is often a better choice than the previous one because rbf accounts for some spatial displacements of visual words for appropriate choice of σ. latent spatial kernel : this is a type of probability product kernel that has been previously proposed [ 8 ] to encode generative structures into discriminative learning methods. in our context we can view the presence of a codeword z m at location π u as a noisy displacement of a true latent location h ∈ π. the key insight here is that the spatial activation of the two codewords z m and z n in the two image views i ( 2 ) j are conditionally independent when conditioned on the true latent location h, namely, the joint probability factorizes into p r { π u, π v | h, i ( 1 ) i, i j } = p r { π u |"
      }
    ]
  },
  "rag_prompt": "You are writing an academic abstract using the provided context.\nKeyword: visual_understanding\n\nContext:\n[Chunk 1] model given the codeword images, each of which is represented as fig. 2. 2 fig. 2. illustration of our visual word co - occurrence model generation process. here, the white regions in the codeword slices indicate the pixel locations with the same codeword. \" a \" and \" b \" denote two arbitrary pixel locations in the image domain. and \" σ \" denotes a sum operation which sums up all the values in the point - wise product matrix into a single value φ ( xij ) mn in our model. fig. 3. 3 fig. 3. the pipeline of our method, where \" codebook \" and \" classifier \" are learned using training data, and each color in the codeword images denotes a codeword. this figure is best viewed in color. fig. 4. 4 fig. 4. matching rate comparison between different methods on ( a ) viper and ( b ) cuhk campus datasets. numbers following \" ours - \" in the legends denote the size of the codebook used in each experiment. expect for our results, the other cmc curves are cited from [ 2 ]. this figure is best viewed in color. fig. 5. 5 fig. 5. examples of codeword co - occurrence with relatively high positive / negative weights in the learned weighting matrix. same as fig. 1, in each row the regions enclosed by red ( or cyan ) color indicate that the codeword per pixel location in these regions is the same. this figure is best viewed in color. we thank the authors for the response to their experimental settings.\n\n[Chunk 2] pedestrians captured in two different camera views, denoted by cam - a and cam - b, respectively. many cross - camera image pairs in the dataset have significant variations in illumination, pose, and viewpoint, and each image is normalized to 128×48 pixels. in order to compare with other person re - identification methods, we followed the experimental set up described in [ 2 ]. the dataset is split in half randomly, one partition for training and the other for testing. in addition, samples from cam - a form the probe set, and samples from cam - b form the gallery set. the parameter σ in the spatial kernel function is set to 3 for this dataset. fig. 4 ( a ) shows our matching rate comparison with other methods on this dataset. when the codebook size is 100, which is pretty small, our performance is close to that of salmatch [ 2 ]. with increase of the codebook size, our performance is improved significantly, and has outperformed that of salmatch by large margins. for instance, at rank - 15, our best matching rate is 10. 44 % higher. using larger sizes of codebooks, the codeword representation of each image is finer by reducing the quantization error in the feature space. however, it seems that when the codebook size is beyond 500, our performance is saturated. there - fore, in the following experiments, we only test our method using 100 / 200 / 500 codewords. fig. 5 illustrates some codeword co - occurrence examples with relatively high positive / negative weights in the learned weighting matrix. these examples strongly support our intuition of learning codeword co - occurrence based features in section 1. cuhk campus the cuhk campus dataset is a relatively new person re - identification dataset explored by two state - of - the - art approaches outlined in [ 2 ] and [ 34 ]. this dataset consists of 1816 people captured from five different camera pairs, labeled p1 to p5. each image contains 160×60 pixels. following the experimental settings from [ 2 ] and [ 34 ], we use only images captured from p1 as our dataset. this subset contains 971 people in two camera views, with two images per view per person. one camera view, which we call cam - 1, captures people either facing towards or away from the camera. the other view, cam - 2, captures the side view of each person. for our experiments, we adopt the settings described in [ 2 ] for\n\n[Chunk 3] at least one ) codewords to cluster pixels. to emphasize local appearance changes, we look at the spatial distribution of each codeword. concretely, we let c ( i, z ) ⊆ π denote the set of pixel locations associated with codeword z in image i and associate a spatial probability distribution, p ( π | z, i ), over this observed collection. in this way visual words are embedded into a family of spatial distributions. intuitively it should now be clear that we can use the similarity ( or distance ) of two corresponding spatial distributions to quantify the pairwise relationship between two visual words. this makes sense because our visual words are spatially locally distributed and small distance between spatial distributions implies spatial locality. together this leads to a model that accounts for local appearance changes. while we can quantify the similarity between two distributions in a number of ways, the kernel mean embedding method is particularly convenient for our task. the basic idea to map the distribution, p, into a reproducing kernel hilbert space ( rkhs ), h, namely, p → µ p ( • ) = k ( •, π ) p ( π ) ∆ = e p ( k ( •, π ) ). for universal kernels, such as rbf kernels, this mapping is injective, i. e., the mapping preserves the information about the distribution [ 7 ]. in addition we can exploit the reproducing property to express inner products in terms of expected values, namely, µ p, φ = e p ( φ ), φ ∈ h and obtain simple expressions for similarity between two distributions ( and hence two visual words ) because µ p ( • ) ∈ h. to this end, consider the codeword z m in image i ( 1 ) i and codeword z n in image i ( 2 ) j. the co - occurrence matrix ( and hence the appearance model ) is the inner product of visual words in the rkhs space, namely, φ ( x ij ) mn = µ p ( • | zm, i ( 1 ) i ), µ p ( • | zn, i ( 2 ) j ) = πu πv k ( π u, π v ) p ( π u | z m, i ( 1 ) i ) p ( π v | z n, i ( 2 ) j ), ( 1 ) where we have used the reproducing property in the last equality. we now have several choices for the kernel k (\n\nConstraints: Use only the context. Do not invent datasets, baselines, or numerical results.\nIf results are not stated, describe them generally.\n\nWrite a concise abstract (150-250 words).",
  "rag_output": "This paper proposes a novel visual understanding approach for person re-identification, leveraging codeword co-occurrence modeling. The model takes as input codeword images, where each pixel location is represented by a codeword. By analyzing the spatial distribution of codewords, the model embeds visual words into a family of spatial distributions, enabling the quantification of pairwise relationships between visual words. This is achieved through the kernel mean embedding method, which maps distributions into a reproducing kernel Hilbert space. The co-occurrence matrix, representing the appearance model, is computed as the inner product of visual words in this space.\nThe proposed approach accounts for local appearance changes and provides a framework for similarity measurement between visual words. The model's ability to capture spatial relationships between codewords enables it to outperform existing methods in person re-identification tasks. Experimental results demonstrate the effectiveness of the approach, particularly when using larger codebook sizes, which lead to finer codeword representations and reduced quantization error.",
  "metrics": {
    "hwt": {
      "llama": {
        "perplexity": 9.413901690309483,
        "burstness": 2.603515625,
        "curvature": 0.16572265624999982
      },
      "gpt2": {
        "perplexity": 30.093129052017023,
        "burstness": 3.412109375,
        "curvature": 0.10507812499999991
      }
    },
    "only_llm": {
      "llama": {
        "perplexity": 3.144037533085511,
        "burstness": 1.693359375,
        "curvature": 0.2649902343749999
      },
      "gpt2": {
        "perplexity": 9.000369436556227,
        "burstness": 2.173828125,
        "curvature": 0.28125
      }
    },
    "rag": {
      "llama": {
        "perplexity": 7.07828219187227,
        "burstness": 2.259765625,
        "curvature": 0.1851562499999999
      },
      "gpt2": {
        "perplexity": 16.170734966018113,
        "burstness": 2.615234375,
        "curvature": 0.19873046875
      }
    }
  }
}