{
  "paper_id": "1412.7659v3",
  "keyword": "visual_understanding",
  "source_path": "papers/outputs/visual_understanding/1412.7659v3.json",
  "abstract_hwt": "When a three-dimensional object moves relative to an observer, a change occurs on the observer's image plane and in the visual representation computed by a learned model. Starting with the idea that a good visual representation is one that transforms linearly under scene motions, we show, using the theory of group representations, that any such representation is equivalent to a combination of the elementary irreducible representations. We derive a striking relationship between irreducibility and the statistical dependency structure of the representation, by showing that under restricted conditions, irreducible representations are decorrelated. Under partial observability, as induced by the perspective projection of a scene onto the image plane, the motion group does not have a linear action on the space of images, so that it becomes necessary to perform inference over a latent representation that does transform linearly. This idea is demonstrated in a model of rotating NORB objects that employs a latent representation of the noncommutative 3D rotation group SO(3).",
  "abstract_only_llm": "Object recognition is a fundamental challenge in computer vision, and invariant representations have been a cornerstone of research in this area. While much attention has been devoted to invariance to groups such as translations, rotations, and projective transformations, the role of hierarchical invariance in visual understanding remains under-explored. This study investigates the impact of hierarchical invariant representations on the robustness and generalizability of visual models. By leveraging insights from cognitive psychology and neuroscience, we propose a novel framework that incorporates multiple levels of invariance to capture complex visual hierarchies.\nOur framework builds upon the notion that invariant representations are not fixed properties of objects, but rather emerge from the hierarchical organization of visual features. We argue that a hierarchical approach to invariance can provide a more comprehensive understanding of visual understanding, enabling models to generalize across various transformations and contexts. Through a theoretical analysis, we demonstrate the potential benefits of hierarchical invariance in improving the robustness and adaptability of visual models. The implications of our work extend beyond computer vision, with potential applications in fields such as robotics, neuroscience, and artificial intelligence.",
  "abstract_rag": "This paper presents a novel approach to visual understanding, leveraging latent group representations to model non-linear transformations in 3D scenes. Unlike traditional models that assume linear actions in input space, our model acts linearly on a latent representation of the scene, enabling it to properly handle non-commutative transformations. We introduce the concept of group representation and derive the main theoretical results on the dependency structure of irreducible representations. Our model and training algorithm are designed to learn latent group representations from data, allowing for the discovery of underlying symmetries in visual scenes.\nWe experimentally demonstrate the effectiveness of our approach on a challenging visual understanding task, where the model is trained to generate images of objects under various poses and lighting conditions. The results show that our model can generate reasonable images for unseen angles and extrapolate to novel angles of known objects, retaining object identity. Our work contributes to the understanding of visual symmetries and representations, and has implications for applications in computer vision and robotics. The approach presented in this paper offers a new perspective on visual understanding, highlighting the importance of latent group representations in modeling complex visual transformations.",
  "only_llm_summary": "INTRODUCTION Much has been written about invariant representations (e.g. (2014) ), and invariance to groups such as translations, rotations and projective transformations is indeed very important for object recognition.",
  "only_llm_body": "INTRODUCTION Much has been written about invariant representations (e.g. Anselmi et al. (2014) ), and invariance to groups such as translations, rotations and projective transformations is indeed very important for object recognition. However, for a general purpose visual representation -capable not only of supporting recognition tasks but also motion understanding and geometrical reasoning -invariance is not enough. Instead, the transformation properties of a representation are crucially important. If we could understand how a given representation of visual data transforms under various rigid or non-rigid transformations of the latent 3D scene, we would be in a better position to build an integrated system that computes invariant representations as well as motion and relative poses of objects. However, performing a mathematical analysis of the transformation properties of, for example, the hidden layer in a deep neural network under motions of a 3D scene is extremely complicated. A better approach is to directly impose good transformation properties on a representation space, and then learn the mapping between data and representation space such that these transformation properties are realized (Hinton et al., 2011) . In this paper we study the transformation properties of distributed representations, using tools from group representation theory (Sugiura, 1990) . We relate the transformation properties of a distributed representation to statistical notions such as decorrelati\n\nresentations: p(x t | xt-1 ) = l p l (x l t | xl t-1 ) , so in this model an irreducible representation gives us conditional independence. PARTIAL OBSERVABILITY In reality, we do not observe the complete scene x ∈ S but only a projected image I ∈ I, which we model as a function I : R 2 → R 3 (for 3 color channels). Naively, one could try to construct a representation T : SE(3) × I → I such that the perspective projection π : S → I is an equivariant map: T (g) • π = π • T (g), but this is not possible. The reason is that a 3D motion can bring entirely new structures into the image. In classical computer vision, the solution is sought in strong assumptions on the scene geometry, such as the assumption that the scene is planar, in which case one obtains a representation of the projective group on the image plane. This assumption leads to neat formulas but real scenes are not flat. A better approach to the problem of partial observability is to model all variability that is not caused by t\n\ntier. One of the central challenges is to move away from the idea that images are i.i.d. draws from an underlying distribution (as is the case only in current day benchmark datasets), and begin to model the dynamics of the visual world. Another challenge is to generalize effectively from few examples, which necessitates the exploitation of symmetries of the data distribution. Both of these problems require us to take a closer look at the transformation properties of learned visual representations. In this paper, we have theoretically studied the consequences of assuming a linear representation of a symmetry group in the observed or latent representation space. We have shown that the entire class of such models can be understood mathematically (they are all direct sums of irreducible representations), and have shown how the theory specializes for the case of the 3D rotation group. Furthermore, we have shown that under uniform sampling of orbits, the geometrical objective of learning a linear, unitary and irreducible representation leads to decorrelated representations, thereby shedding new light on this common learning objective. Figure 1 : 1 Figure 1: Graphical model description of the latent linear SO(3) representation. Figure 2 : 2 Figure 2: Real spherical harmonics and Wigner D-Matrices Figure 3 : 3 Figure 3: Interpolation over 40 degrees for various objects. Figure 4 : 4 Figure 4: Extrapolation: the first two images in each sequence of 4 were not part of the training ",
  "only_llm_prompt": "You are writing an academic abstract.\nKeyword: visual_understanding\nBrief summary (2 sentences): INTRODUCTION Much has been written about invariant representations (e.g. (2014) ), and invariance to groups such as translations, rotations and projective transformations is indeed very important for object recognition.\nConstraints: Do not invent datasets, baselines, or numerical results.\nIf results are not stated, describe them generally.\n\nWrite a concise abstract (150-250 words).",
  "only_llm_output": "Object recognition is a fundamental challenge in computer vision, and invariant representations have been a cornerstone of research in this area. While much attention has been devoted to invariance to groups such as translations, rotations, and projective transformations, the role of hierarchical invariance in visual understanding remains under-explored. This study investigates the impact of hierarchical invariant representations on the robustness and generalizability of visual models. By leveraging insights from cognitive psychology and neuroscience, we propose a novel framework that incorporates multiple levels of invariance to capture complex visual hierarchies.\nOur framework builds upon the notion that invariant representations are not fixed properties of objects, but rather emerge from the hierarchical organization of visual features. We argue that a hierarchical approach to invariance can provide a more comprehensive understanding of visual understanding, enabling models to generalize across various transformations and contexts. Through a theoretical analysis, we demonstrate the potential benefits of hierarchical invariance in improving the robustness and adaptability of visual models. The implications of our work extend beyond computer vision, with potential applications in fields such as robotics, neuroscience, and artificial intelligence.",
  "rag_queries": [
    "What is the main problem or motivation addressed in this paper?",
    "What method or approach is proposed? Summarize the core idea and components.",
    "What experiments or evaluation setup are used (datasets, tasks, metrics)?",
    "What are the main results or findings? Include numeric results only if present.",
    "What are the key contributions and significance of this work?"
  ],
  "rag_chunks": [
    {
      "vector_id": 676,
      "score": 0.5463500618934631,
      "text": "1999 ; miao & rao, 2007 ; sohl - dickstein et al., 2010 ; wang et al., 2011 ; bruna et al., 2013 ; cohen & welling, 2014 ), our model does not assume a linear action of the group in the input space, but instead acts linearly on a latent representation of the 3d scene. furthermore, our model is the first learned lie group model that can properly deal with non - commutative transformations. the rest of the paper is organized as follows. in the next section, we introduce the concept of a group representation which is at the core of our analysis. section three contains the main theoretical results on the dependency structure of irreducible representations. it is followed by a discussion of the problems that arise when partial observability is taken into account in section 4. section 5 presents a model and training algorithm for learning latent group representations, followed by experiments, related work and a conclusion. symmetries and representations we start from the basic assumption that our learning agent is situated in space, and this space contains a scene. formally, we represent the scene as a function x : r 3 → r k that at each point p in space gives a list of numbers x ( p ) describing, for example, the color, transparency value, material properties, etc. at p. in this section and the next, we further assume full observability, i. e. that x is known entirely. we think of x as a vector in a hilbert space s of sufficiently well - behaved functions. as we will see, the following analysis does not depend on this particular data representation, but it provides useful intuition and is ultimately realistic. we say that the vector x is a representation of the scene, because the numerical values that one would store in a computer to describe or approximate x depend on both \" what is in the scene \" and \" how it is represented in our preferred frame of reference \". if we transform our reference frame by g, an element of the special euclidean group se ( 3 ) of rigid body motions, the points in space transform as g - 1 p. such a transformation leaves invariant euclidean distances, angles and areas, and is therefore called a symmetry of euclidean space. under this symmetry, the scene transforms as x ( p ) = x ( g - 1 p ) ≡ [ t ( g ) x ] ( p ), ( 1 ) notice that t ( g ) [ αx + βy ] ( p ) = α [ t",
      "query": "What is the main problem or motivation addressed in this paper?"
    },
    {
      "vector_id": 687,
      "score": 0.5227826833724976,
      "text": "##astic algorithm, we perform a single gradient step on ln p ( x n, g n, z n, θ, σ x ). we use adagrad for all optimization ( duchi et al., 2011 ). experiments we trained the model on the norb dataset ( lecun & bottou, 2004 ). this dataset consists of objects in 5 generic categories : four - legged animals, human figures, airplanes, trucks, and cars. each category contains 10 instances, of which we used the last 5 for training. each instance is imaged at 9 camera elevations ( 30 to 70 degrees from horizontal, in 5 degree increments ) and 18 azimuths ( 0 to 340 degrees in 20 degree increments ). finally, there are 6 lighting conditions for each instance, yielding a total of 5 • 5 • 6 • 9 • 18 = 24300 images. the data was made zero mean, contrast normalized and then pca whitened, retaining 95 % of the variance. we used a neural network f θ with one hidden layer containing 550 hidden units. the group representation t is determined by a choice of l i ; i = 1,..., l which we chose to be : [ 0 ] × 20 + [ 1 ] × 15 + [ 2 ] × 10 + [ 3 ] × 10 + [ 4 ] × 10 + [ 5 ] × 9 + [ 6 ] × 8 + [ 7 ] × 7 + [ 8 ] × 6 + [ 9 ] × 5, where the number in brackets represents l i and the multiplier denotes its multiplicity. the regularization parameters were set to β = 0. 1, α = 0. 1. in figure 3, we show that the model is able to generate reasonable images for angles it has never seen before. the model is only trained on images that are off by 20 azimuthal degrees, but the model can produce images off by much smaller angles. in figure 4, we show that the model is able to extrapolate to unseen angles of a known object. that is, we train the model only on the azimuthal angle larger than 40 degrees from the reference figure ( i. e. rotation 0 ), but produce a mean figure from the network at angles 0, 20, 40, 60. the model gives reasonable images that retain the object identity for poses in which it has not seen that object before. related work our work is related to the idea of transforming auto - encoders or",
      "query": "What is the main problem or motivation addressed in this paper?"
    },
    {
      "vector_id": 681,
      "score": 0.47714605927467346,
      "text": "as decorrelation makes sense when one is working with iid draws from an underlying distribution of images, but this is a rather impoverished model of visual experience. as such, we think of decorrelation and independence as surrogate objectives for a deeper structural objective such as irreducibility. irreducibility and conditional independence the concept of an irreducible representation can also shed light on time - series models based on transformations ( cohen & welling, 2014 ; michalski et al., 2014 ). we define p ( x t | x t - 1, g ) = n ( x t | t ( g ) x t - 1, σ 2 ), ( 5 ) where x t and x t - 1 are observation vectors at times t and t - 1, respectively, and t ( g ) is a unitary representation of a compact group g. for g, one can construct an exponential family whose sufficient statistics are given by the matrix elements t l mn ( g ) of irreducible unitary representations of g. as shown in ( cohen & welling, 2014 ) for the case of compact commutative groups, the invariance of the l 2 - norm in the exponent of the gaussian to unitary transformations results in a posterior p ( g | x t, x t - 1 ) that is in the same exponential family as the prior p ( g ) ( conjugacy ). furthermore, the marginal p ( x t | x t - 1 ) will factorize according the irreducible representations : p ( x t | xt - 1 ) = l p l ( x l t | xl t - 1 ), so in this model an irreducible representation gives us conditional independence. partial observability in reality, we do not observe the complete scene x ∈ s but only a projected image i ∈ i, which we model as a function i : r 2 → r 3 ( for 3 color channels ). naively, one could try to construct a representation t : se ( 3 ) × i → i such that the perspective projection π : s → i is an equivariant map : t ( g ) • π = π • t ( g ), but this is not possible. the reason is that a 3d motion can bring entirely new structures into the image. in classical computer vision, the solution is sought in strong assumptions on the scene geometry, such as the assumption that the scene is planar, in which case one obtains a representation of the",
      "query": "What method or approach is proposed? Summarize the core idea and components."
    },
    {
      "vector_id": 679,
      "score": 0.5174548625946045,
      "text": "and ica, where the goal is to learn a linear model whose latent variables are all independent ( with gaussian or non - gaussian marginal distributions, respectively ). alternatively, one can put the the transformation properties center stage and learn a representation that transforms irreducibly under symmetry transformations ( cohen & welling, 2014 ). in this perspective, the irreducible representations ( and not the independent factors ) are the elementary parts from which observation vectors are constructed. given these contrasting conceptualizations of representation learning, it is interesting to investigate how the transformation properties of a representation are related its statistical properties. in this section we show that under certain conditions, irreducible representations are decorrelated or even conditionally independent. irreducibility and decorrelation : an elementary example in order to gain some intuition, we introduce a simple toy model of a completely observable system with symmetry. the states of the system are sufficiently well - behaved functions x : s → r on the circle. observations are generated by sampling a uniformly distributed rotation angle θ ∈ [ 0, 2π ) and using it to rotate a template τ. that is, we have observations x ( ) = [ t ( θ ) τ ] ( ) = τ ( - θ ) for θ u [ 0, 2π ). in practice, we will observe discretized functions with a finite number of coefficients x n = x ( n ). in this case, the linear transformation f that achieves the reduction into irreducible representations is the standard fourier transform, and indeed it will decorrelate the data ( bruna et al., 2013 ). to see this, let x = f x, and observe that x = f t ( θ ) τ = f t ( θ ) f - 1 τ ≡ t ( θ ) τ. ( 3 ) thus t = f t ( θ ) f - 1 is the representation of the rotation group in the spectral domain. we know from linear algebra that a set of commuting diagonalizable matrices can be simultaneously diagonalized ( see memisevic ( 2012 ) and henriques et al. ( 2014 ) for a discussion ). hence, the fully reduced representation t is diagonal ( not just block - diagonal ), and the irreducible representations are one - dimensional. the diagonal elements are complex exponentials t ll ( θ ) = exp ( ilθ ). it follows immediately that the covariance matrix of the fourier - transformed data is diagonal : e p",
      "query": "What are the main results or findings? Include numeric results only if present."
    }
  ],
  "rag_by_query": {
    "What is the main problem or motivation addressed in this paper?": [
      {
        "vector_id": 676,
        "score": 0.5463500618934631,
        "text": "1999 ; miao & rao, 2007 ; sohl - dickstein et al., 2010 ; wang et al., 2011 ; bruna et al., 2013 ; cohen & welling, 2014 ), our model does not assume a linear action of the group in the input space, but instead acts linearly on a latent representation of the 3d scene. furthermore, our model is the first learned lie group model that can properly deal with non - commutative transformations. the rest of the paper is organized as follows. in the next section, we introduce the concept of a group representation which is at the core of our analysis. section three contains the main theoretical results on the dependency structure of irreducible representations. it is followed by a discussion of the problems that arise when partial observability is taken into account in section 4. section 5 presents a model and training algorithm for learning latent group representations, followed by experiments, related work and a conclusion. symmetries and representations we start from the basic assumption that our learning agent is situated in space, and this space contains a scene. formally, we represent the scene as a function x : r 3 → r k that at each point p in space gives a list of numbers x ( p ) describing, for example, the color, transparency value, material properties, etc. at p. in this section and the next, we further assume full observability, i. e. that x is known entirely. we think of x as a vector in a hilbert space s of sufficiently well - behaved functions. as we will see, the following analysis does not depend on this particular data representation, but it provides useful intuition and is ultimately realistic. we say that the vector x is a representation of the scene, because the numerical values that one would store in a computer to describe or approximate x depend on both \" what is in the scene \" and \" how it is represented in our preferred frame of reference \". if we transform our reference frame by g, an element of the special euclidean group se ( 3 ) of rigid body motions, the points in space transform as g - 1 p. such a transformation leaves invariant euclidean distances, angles and areas, and is therefore called a symmetry of euclidean space. under this symmetry, the scene transforms as x ( p ) = x ( g - 1 p ) ≡ [ t ( g ) x ] ( p ), ( 1 ) notice that t ( g ) [ αx + βy ] ( p ) = α [ t"
      },
      {
        "vector_id": 687,
        "score": 0.5227826833724976,
        "text": "##astic algorithm, we perform a single gradient step on ln p ( x n, g n, z n, θ, σ x ). we use adagrad for all optimization ( duchi et al., 2011 ). experiments we trained the model on the norb dataset ( lecun & bottou, 2004 ). this dataset consists of objects in 5 generic categories : four - legged animals, human figures, airplanes, trucks, and cars. each category contains 10 instances, of which we used the last 5 for training. each instance is imaged at 9 camera elevations ( 30 to 70 degrees from horizontal, in 5 degree increments ) and 18 azimuths ( 0 to 340 degrees in 20 degree increments ). finally, there are 6 lighting conditions for each instance, yielding a total of 5 • 5 • 6 • 9 • 18 = 24300 images. the data was made zero mean, contrast normalized and then pca whitened, retaining 95 % of the variance. we used a neural network f θ with one hidden layer containing 550 hidden units. the group representation t is determined by a choice of l i ; i = 1,..., l which we chose to be : [ 0 ] × 20 + [ 1 ] × 15 + [ 2 ] × 10 + [ 3 ] × 10 + [ 4 ] × 10 + [ 5 ] × 9 + [ 6 ] × 8 + [ 7 ] × 7 + [ 8 ] × 6 + [ 9 ] × 5, where the number in brackets represents l i and the multiplier denotes its multiplicity. the regularization parameters were set to β = 0. 1, α = 0. 1. in figure 3, we show that the model is able to generate reasonable images for angles it has never seen before. the model is only trained on images that are off by 20 azimuthal degrees, but the model can produce images off by much smaller angles. in figure 4, we show that the model is able to extrapolate to unseen angles of a known object. that is, we train the model only on the azimuthal angle larger than 40 degrees from the reference figure ( i. e. rotation 0 ), but produce a mean figure from the network at angles 0, 20, 40, 60. the model gives reasonable images that retain the object identity for poses in which it has not seen that object before. related work our work is related to the idea of transforming auto - encoders or"
      }
    ],
    "What method or approach is proposed? Summarize the core idea and components.": [
      {
        "vector_id": 681,
        "score": 0.47714605927467346,
        "text": "as decorrelation makes sense when one is working with iid draws from an underlying distribution of images, but this is a rather impoverished model of visual experience. as such, we think of decorrelation and independence as surrogate objectives for a deeper structural objective such as irreducibility. irreducibility and conditional independence the concept of an irreducible representation can also shed light on time - series models based on transformations ( cohen & welling, 2014 ; michalski et al., 2014 ). we define p ( x t | x t - 1, g ) = n ( x t | t ( g ) x t - 1, σ 2 ), ( 5 ) where x t and x t - 1 are observation vectors at times t and t - 1, respectively, and t ( g ) is a unitary representation of a compact group g. for g, one can construct an exponential family whose sufficient statistics are given by the matrix elements t l mn ( g ) of irreducible unitary representations of g. as shown in ( cohen & welling, 2014 ) for the case of compact commutative groups, the invariance of the l 2 - norm in the exponent of the gaussian to unitary transformations results in a posterior p ( g | x t, x t - 1 ) that is in the same exponential family as the prior p ( g ) ( conjugacy ). furthermore, the marginal p ( x t | x t - 1 ) will factorize according the irreducible representations : p ( x t | xt - 1 ) = l p l ( x l t | xl t - 1 ), so in this model an irreducible representation gives us conditional independence. partial observability in reality, we do not observe the complete scene x ∈ s but only a projected image i ∈ i, which we model as a function i : r 2 → r 3 ( for 3 color channels ). naively, one could try to construct a representation t : se ( 3 ) × i → i such that the perspective projection π : s → i is an equivariant map : t ( g ) • π = π • t ( g ), but this is not possible. the reason is that a 3d motion can bring entirely new structures into the image. in classical computer vision, the solution is sought in strong assumptions on the scene geometry, such as the assumption that the scene is planar, in which case one obtains a representation of the"
      }
    ],
    "What are the main results or findings? Include numeric results only if present.": [
      {
        "vector_id": 679,
        "score": 0.5174548625946045,
        "text": "and ica, where the goal is to learn a linear model whose latent variables are all independent ( with gaussian or non - gaussian marginal distributions, respectively ). alternatively, one can put the the transformation properties center stage and learn a representation that transforms irreducibly under symmetry transformations ( cohen & welling, 2014 ). in this perspective, the irreducible representations ( and not the independent factors ) are the elementary parts from which observation vectors are constructed. given these contrasting conceptualizations of representation learning, it is interesting to investigate how the transformation properties of a representation are related its statistical properties. in this section we show that under certain conditions, irreducible representations are decorrelated or even conditionally independent. irreducibility and decorrelation : an elementary example in order to gain some intuition, we introduce a simple toy model of a completely observable system with symmetry. the states of the system are sufficiently well - behaved functions x : s → r on the circle. observations are generated by sampling a uniformly distributed rotation angle θ ∈ [ 0, 2π ) and using it to rotate a template τ. that is, we have observations x ( ) = [ t ( θ ) τ ] ( ) = τ ( - θ ) for θ u [ 0, 2π ). in practice, we will observe discretized functions with a finite number of coefficients x n = x ( n ). in this case, the linear transformation f that achieves the reduction into irreducible representations is the standard fourier transform, and indeed it will decorrelate the data ( bruna et al., 2013 ). to see this, let x = f x, and observe that x = f t ( θ ) τ = f t ( θ ) f - 1 τ ≡ t ( θ ) τ. ( 3 ) thus t = f t ( θ ) f - 1 is the representation of the rotation group in the spectral domain. we know from linear algebra that a set of commuting diagonalizable matrices can be simultaneously diagonalized ( see memisevic ( 2012 ) and henriques et al. ( 2014 ) for a discussion ). hence, the fully reduced representation t is diagonal ( not just block - diagonal ), and the irreducible representations are one - dimensional. the diagonal elements are complex exponentials t ll ( θ ) = exp ( ilθ ). it follows immediately that the covariance matrix of the fourier - transformed data is diagonal : e p"
      }
    ]
  },
  "rag_prompt": "You are writing an academic abstract using the provided context.\nKeyword: visual_understanding\n\nContext:\n[Chunk 1] 1999 ; miao & rao, 2007 ; sohl - dickstein et al., 2010 ; wang et al., 2011 ; bruna et al., 2013 ; cohen & welling, 2014 ), our model does not assume a linear action of the group in the input space, but instead acts linearly on a latent representation of the 3d scene. furthermore, our model is the first learned lie group model that can properly deal with non - commutative transformations. the rest of the paper is organized as follows. in the next section, we introduce the concept of a group representation which is at the core of our analysis. section three contains the main theoretical results on the dependency structure of irreducible representations. it is followed by a discussion of the problems that arise when partial observability is taken into account in section 4. section 5 presents a model and training algorithm for learning latent group representations, followed by experiments, related work and a conclusion. symmetries and representations we start from the basic assumption that our learning agent is situated in space, and this space contains a scene. formally, we represent the scene as a function x : r 3 → r k that at each point p in space gives a list of numbers x ( p ) describing, for example, the color, transparency value, material properties, etc. at p. in this section and the next, we further assume full observability, i. e. that x is known entirely. we think of x as a vector in a hilbert space s of sufficiently well - behaved functions. as we will see, the following analysis does not depend on this particular data representation, but it provides useful intuition and is ultimately realistic. we say that the vector x is a representation of the scene, because the numerical values that one would store in a computer to describe or approximate x depend on both \" what is in the scene \" and \" how it is represented in our preferred frame of reference \". if we transform our reference frame by g, an element of the special euclidean group se ( 3 ) of rigid body motions, the points in space transform as g - 1 p. such a transformation leaves invariant euclidean distances, angles and areas, and is therefore called a symmetry of euclidean space. under this symmetry, the scene transforms as x ( p ) = x ( g - 1 p ) ≡ [ t ( g ) x ] ( p ), ( 1 ) notice that t ( g ) [ αx + βy ] ( p ) = α [ t\n\n[Chunk 2] ##astic algorithm, we perform a single gradient step on ln p ( x n, g n, z n, θ, σ x ). we use adagrad for all optimization ( duchi et al., 2011 ). experiments we trained the model on the norb dataset ( lecun & bottou, 2004 ). this dataset consists of objects in 5 generic categories : four - legged animals, human figures, airplanes, trucks, and cars. each category contains 10 instances, of which we used the last 5 for training. each instance is imaged at 9 camera elevations ( 30 to 70 degrees from horizontal, in 5 degree increments ) and 18 azimuths ( 0 to 340 degrees in 20 degree increments ). finally, there are 6 lighting conditions for each instance, yielding a total of 5 • 5 • 6 • 9 • 18 = 24300 images. the data was made zero mean, contrast normalized and then pca whitened, retaining 95 % of the variance. we used a neural network f θ with one hidden layer containing 550 hidden units. the group representation t is determined by a choice of l i ; i = 1,..., l which we chose to be : [ 0 ] × 20 + [ 1 ] × 15 + [ 2 ] × 10 + [ 3 ] × 10 + [ 4 ] × 10 + [ 5 ] × 9 + [ 6 ] × 8 + [ 7 ] × 7 + [ 8 ] × 6 + [ 9 ] × 5, where the number in brackets represents l i and the multiplier denotes its multiplicity. the regularization parameters were set to β = 0. 1, α = 0. 1. in figure 3, we show that the model is able to generate reasonable images for angles it has never seen before. the model is only trained on images that are off by 20 azimuthal degrees, but the model can produce images off by much smaller angles. in figure 4, we show that the model is able to extrapolate to unseen angles of a known object. that is, we train the model only on the azimuthal angle larger than 40 degrees from the reference figure ( i. e. rotation 0 ), but produce a mean figure from the network at angles 0, 20, 40, 60. the model gives reasonable images that retain the object identity for poses in which it has not seen that object before. related work our work is related to the idea of transforming auto - encoders or\n\nConstraints: Use only the context. Do not invent datasets, baselines, or numerical results.\nIf results are not stated, describe them generally.\n\nWrite a concise abstract (150-250 words).",
  "rag_output": "This paper presents a novel approach to visual understanding, leveraging latent group representations to model non-linear transformations in 3D scenes. Unlike traditional models that assume linear actions in input space, our model acts linearly on a latent representation of the scene, enabling it to properly handle non-commutative transformations. We introduce the concept of group representation and derive the main theoretical results on the dependency structure of irreducible representations. Our model and training algorithm are designed to learn latent group representations from data, allowing for the discovery of underlying symmetries in visual scenes.\nWe experimentally demonstrate the effectiveness of our approach on a challenging visual understanding task, where the model is trained to generate images of objects under various poses and lighting conditions. The results show that our model can generate reasonable images for unseen angles and extrapolate to novel angles of known objects, retaining object identity. Our work contributes to the understanding of visual symmetries and representations, and has implications for applications in computer vision and robotics. The approach presented in this paper offers a new perspective on visual understanding, highlighting the importance of latent group representations in modeling complex visual transformations.",
  "metrics": {
    "hwt": {
      "llama": {
        "perplexity": 15.310144149387147,
        "burstness": 2.75,
        "curvature": 0.15800781250000018
      },
      "gpt2": {
        "perplexity": 23.75917448515314,
        "burstness": 2.880859375,
        "curvature": 0.16230468749999982
      }
    },
    "only_llm": {
      "llama": {
        "perplexity": 3.4228336135610484,
        "burstness": 1.732421875,
        "curvature": 0.30229492187499996
      },
      "gpt2": {
        "perplexity": 8.621825825935622,
        "burstness": 2.095703125,
        "curvature": 0.3147460937500002
      }
    },
    "rag": {
      "llama": {
        "perplexity": 7.579070941061258,
        "burstness": 2.455078125,
        "curvature": 0.1490234374999999
      },
      "gpt2": {
        "perplexity": 13.458479789399725,
        "burstness": 2.388671875,
        "curvature": 0.2538085937500001
      }
    }
  }
}