{
  "paper_id": "1509.08834v1",
  "keyword": "visual_understanding",
  "source_path": "papers/outputs/visual_understanding/1509.08834v1.json",
  "abstract_hwt": "We present a geometric surface parameterization algorithm and several visualization techniques adapted to the problem of understanding the 4D peristalticlike motion of the outflow tract (OFT) in an embryonic chick heart. We illustrated the techniques using data from hearts under normal conditions (four embryos), and hearts in which blood flow conditions are altered through OFT banding (four embryos). The overall goal is to create quantitative measures of the temporal heart-shape change both within a single subject and between multiple subjects. These measures will help elucidate how altering hemodynamic conditions changes the shape and motion of the OFT walls, which in turn influence the stresses and strains on the developing heart, causing it to develop differently. We take advantage of the tubular shape and periodic motion of the OFT to produce successively lower dimensional visualizations of the cardiac motion (e.g. curvature, volume, and cross-section) over time, and quantifications of such visualizations.",
  "abstract_only_llm": "Cardiac development is a complex process influenced by the interplay of genetic programs, hemodynamic forces, and environmental factors. The early onset of blood circulation during embryonic development necessitates the integration of mechanical forces into the cardiac morphogenesis process. Understanding the interplay between these factors is crucial for elucidating the mechanisms governing cardiac development.\nRecent studies have highlighted the significance of hemodynamic forces in modulating cardiac development, suggesting that the mechanical environment plays a critical role in shaping the heart's architecture. The application of computational models and experimental techniques has provided valuable insights into the interplay between hemodynamic forces and cardiac development. However, the mechanisms by which these forces influence cardiac morphogenesis remain poorly understood.\nThis review aims to provide a comprehensive overview of the current understanding of hemodynamic forces in cardiac development, with a focus on visualizing the complex interactions between mechanical forces and genetic programs. By exploring the role of hemodynamic forces in modulating cardiac development, this review seeks to advance our understanding of the intricate mechanisms governing heart formation and function.",
  "abstract_rag": "This study presents a comprehensive framework for visualizing and understanding cardiac tissue motion in chick embryos. We employ a combination of Eulerian and Lagrangian approaches to analyze the deformation of the outer myocardial surface and the inner lumen surface. The Eulerian approach involves parameterizing the surfaces using Desbrun's method, which preserves area and satisfies geodesic constraints. This parameterization allows for the creation of a deforming mesh that can be used to track the motion of cardiac tissue over time.\nTo align deforming meshes between chick embryos, we developed an algorithm that takes into account the volume of the tube and the contraction wave. Our approach enables the comparison of cardiac tissue motion between embryos, allowing for the analysis of overall changes in the tube's shape and size. However, due to biological variations and imaging limitations, exact structural alignment between multiple chicks is not possible.\nOur framework provides a novel visual understanding of cardiac tissue motion, enabling researchers to study the dynamics of cardiac development and disease.",
  "only_llm_summary": "Introduction Cardiac development depends on genetic programs that are modulated by hemodynamic forces and environmental factors. Since the heart starts pumping blood early during embryonic development Hamburger and Hamilton (1951) ; Martinsen (2005) cardiogenesis mainly occurs under blood flow conditions.",
  "only_llm_body": "Introduction Cardiac development depends on genetic programs that are modulated by hemodynamic forces and environmental factors. Since the heart starts pumping blood early during embryonic development Hamburger and Hamilton (1951) ; Martinsen (2005) cardiogenesis mainly occurs under blood flow conditions. Blood flow is essential for proper cardiac development, with altered flow or absence of flow leading to cardiac malformations Clark and Rosenquist (1978) ; Hogers et al. (1999) ; Hove et al. (2003) ; Sedmera et al. (1999) ; Tobita et al. (2005) . Physically, the interaction of blood flow with cardiac walls generates hemodynamic forces that are exerted on cardiac tissues and that contribute to cardiac tissue deformations during the cardiac cycle. Cardiac cells sense and respond to these hemodynamic stimuli through signaling pathways that alter cell behavior, modulating genetic programs. While at least some of the biological consequences of altered blood flow can be assessed (e.g. resulting cardiac malformation, or changes in tissue composition), and the characteristics of blood flow within the heart measured (e.g. flow velocities, blood pressures), quantifying heart motion and how this motion is affected by altered blood flow conditions poses several challenges. We present here several methods for visualizing and quantifying cardiac motion during early embryonic stages. At early stages of embryonic development the heart has a tubular structure. The heart starts as a linear tu\n\nick spatial alignment Exact structural alignment between multiple chicks is, in general, not possible. This is because imaging varies from chick to chick. Although every effort has been made to consistently image the same portion of the heart, there are no features to align the images. This is compounded by imaging quality, which degrades as the OFT descends into the embryo. Even though we were careful to measure embryos at the same stage of development (HH18), the embryos do differ in size, which also influences how far into the embryo the OFT descends. Within these constraints our parameterization can be used to align the OFTs in the radial direction, and provide roughly similar spacing in the longitudinal direction, even if the starting and ending points are not the same. Specifically, we can compare the overall change along and around the tube but we cannot guarantee that these plots image the exact same portion of the tube. Clipping the ventricular end based on myocardial volume W\n\nwall motion can be clearly visualized. A contraction/expansion wave can be seen as it travels along the OFT. The top four images are from normal embryos, the bottom four images are from banded chicks. Figure 11 : 11 Figure 11: Plots of the percentage time expanded (measured as within one standard deviation in area from maximum expansion). Normals are on the left, banded on the right. Figure 12 : 12 Figure 12: Derivatives of the area plots. The direction of change is encoded in the color, the magnitude in the intensity (black to full color). Left is normal, right is banded. The areas where the expansion begins (red) and contraction ends (light blue) are clearly visible in the normal, but more disorganized in the banded. The banded image also clearly shows the band location (white line) where almost no contraction or expansion is happening. Figure 13 : 13 Figure 13: Frames from a video showing the lumen at different states in the cardiac cycle, colored by mean curvature. See Supplemental for video. Figure 14 : 14 Figure 14: PCA analysis of the shape change of three contours (ventricle, mid, dorsal), split into expansion and contraction phases of the cardiac cycle. Top: Normal, Bottom: Banded. Shown are the first two modes of variation.The primary variation is an overall change in shape from expanded to contracted (and vice-versa). The second variation is orthogonal to the first, and essentially captures the difference in speed of contraction/expansion from the overall movem",
  "only_llm_prompt": "You are writing an academic abstract.\nKeyword: visual_understanding\nBrief summary (2 sentences): Introduction Cardiac development depends on genetic programs that are modulated by hemodynamic forces and environmental factors. Since the heart starts pumping blood early during embryonic development Hamburger and Hamilton (1951) ; Martinsen (2005) cardiogenesis mainly occurs under blood flow conditions.\nConstraints: Do not invent datasets, baselines, or numerical results.\nIf results are not stated, describe them generally.\n\nWrite a concise abstract (150-250 words).",
  "only_llm_output": "Cardiac development is a complex process influenced by the interplay of genetic programs, hemodynamic forces, and environmental factors. The early onset of blood circulation during embryonic development necessitates the integration of mechanical forces into the cardiac morphogenesis process. Understanding the interplay between these factors is crucial for elucidating the mechanisms governing cardiac development.\nRecent studies have highlighted the significance of hemodynamic forces in modulating cardiac development, suggesting that the mechanical environment plays a critical role in shaping the heart's architecture. The application of computational models and experimental techniques has provided valuable insights into the interplay between hemodynamic forces and cardiac development. However, the mechanisms by which these forces influence cardiac morphogenesis remain poorly understood.\nThis review aims to provide a comprehensive overview of the current understanding of hemodynamic forces in cardiac development, with a focus on visualizing the complex interactions between mechanical forces and genetic programs. By exploring the role of hemodynamic forces in modulating cardiac development, this review seeks to advance our understanding of the intricate mechanisms governing heart formation and function.",
  "rag_queries": [
    "What is the main problem or motivation addressed in this paper?",
    "What method or approach is proposed? Summarize the core idea and components.",
    "What experiments or evaluation setup are used (datasets, tasks, metrics)?",
    "What are the main results or findings? Include numeric results only if present.",
    "What are the key contributions and significance of this work?"
  ],
  "rag_chunks": [
    {
      "vector_id": 1234,
      "score": 0.5101580619812012,
      "text": "parameterization to the inner myocardial surface ( for each vertex we found the closest point on the inner surface ). because the lumen surface folds, lumen parameterization must be done separately ( the projection is not unique ). instead, we parameterize the lumen surface similarly to the outer myocardial surface, except we align the v = 0 shortest geodesic ( the blue longitudinal line in figure 2 ) to the shortest geodesic from the outer myocardial surface. again, the projection of the shortest geodesic curve from the outer myocardial surface to the lumen may not be unique ; instead, we project just the end - points onto the two end boundaries of the lumen surface. we then connect these two points with the shortest geodesic. in what follows, we describe in more detail the algorithms for creating a deforming mesh for a single chick heart oft over time, and for aligning deforming meshes between two ( or more ) chick heart ofts. the parameterization itself provides geometric correspondence. single oft alignment algorithm our input is a set of 195 surfaces, m t, consisting of outer myocardial meshes that are not consistently parameterized. for each m t, we find the shortest geodesic connecting any two end points on the tube boundary ( see ( b ) above ). we cut the mesh along the shortest geodesic and map it to the unit square using desbrun's parameterization desbrun et al. ( 2002 ) with area weighting. we place the cut line so that it aligns with u = 0, satisfying ( b ) above. this mapping defines the parameterization g t ( u, v ). it approximately satisfies the desired geodesic constraint ( a ), in that the mapping attempts to preserve area. ( c ) is satisfied by the construction of the planes from three equally - spaced points on the contour with constant v, provided the original surface m t does not fold back on itself longitudinally in space. informally, if the curves g t ( 0, v ), g t ( 1 / 3, v ), g t ( 2 / 3, v ) do not fold back on themselves then the sequence of triangles defined by those points will not intersect with each other. to construct our deforming mesh from the parameterization we then place a uniformly - spaced grid ( 80 nodes in the circumferential direction, 50 in the longitudinal ) on the flattened mesh and re",
      "query": "What is the main problem or motivation addressed in this paper?"
    },
    {
      "vector_id": 1236,
      "score": 0.5024334192276001,
      "text": "length of the tube, since the contraction wave travels along the oft. one approach is to align the meshes based on the total volume of the tube, which essentially ignores the contraction wave. the second approach is to align meshes based on the maximum and minimum areas of a corresponding cross - section. the cross - sectional approach, however, is difficult to achieve in practice. this is because, due to the lack of features in the oft geometries, finding corresponding cross - sections in not feasible and, due to biological variations, the percentage of contraction / expansion varies from embryo to embryo. therefore, we used the volume approach and aligned embryos by volume. specifically, for each chick heart we find the point of maximal contraction by finding the outer myocardial surface with the minimum volume. we set this to be the t = 0 time point. while not perfect, this alignment is enough for our purposes. if we wish to align both the maximum contraction and the maximum expansion points in the cardiac cycle, then we split the cardiac cycle into two segments and map each temporal segment of the cardiac cycle separately for each chick, essentially enforcing that the maximum expansion occurs at t = 0. 5. we used this approach when comparing the average cross section shape in the expansion versus contraction segments of the cardiac cycle ( section 6. 3 ). between chick spatial alignment exact structural alignment between multiple chicks is, in general, not possible. this is because imaging varies from chick to chick. although every effort has been made to consistently image the same portion of the heart, there are no features to align the images. this is compounded by imaging quality, which degrades as the oft descends into the embryo. even though we were careful to measure embryos at the same stage of development ( hh18 ), the embryos do differ in size, which also influences how far into the embryo the oft descends. within these constraints our parameterization can be used to align the ofts in the radial direction, and provide roughly similar spacing in the longitudinal direction, even if the starting and ending points are not the same. specifically, we can compare the overall change along and around the tube but we cannot guarantee that these plots image the exact same portion of the tube. clipping the ventricular end based on myocardial volume we have described so far our eulerian approach, in which cardiac tissue motion moves and deforms within two fixed end planes. in our lagrangian approach, we use the incompressibility of",
      "query": "What is the main problem or motivation addressed in this paper?"
    },
    {
      "vector_id": 1229,
      "score": 0.49264946579933167,
      "text": "better visualize the oft tube, we employ the same unfolding technique. our primary challenge, however, lies in the temporal nature of the data, and thus to achieve proper visualization of the oft wall motion over time, and of surface - related data ( curvature, volume, area ) on the 2d images over time. a simple and yet insightful approach is to select several cross - sectional planes along the heart tube and plot either cross - sectional contours or areas within the contours versus time liu et al. ( 2012 ) ; garita et al. ( 2011 ). this allows examination of the wall motion along the heart tube and how this motion changes over time and space. however, this approach provides a discrete view of cardiac motion that ignores data in between the chosen cross - sections. we use our approaches to visualize and quantify the motion of the whole heart oft over space ( along the heart tube ) and time during the cardiac cycle. further, quantitative analysis allow comparisons of cardiac motion among normal and banded hearts. data acquisition in this section we briefly describe the procedures used to create the initial 3d surface meshes of the chick embryonic oft from in - vivo oct imaging ( fully described in liu et al. ( 2009 liu et al. (, 2012 ) ) ; yin et al. ( 2012 ) ). the final output from these procedures, which is used as input for this study, is a set of three 3d surface meshes ( outer and inner myocardium surfaces and the lumen surface ) at 195 time points over the entire cardiac cycle, which gives a total of 3 × 195 = 585 surface meshes per embryo. at the embryonic stage studied here ( approximately 3 days of incubation, hh18 ), the period of the cardiac cycle is about 400 ms, and thus the time span between consecutive meshes is about 2 ms. the set of surface meshes describes the motion of the oft wall layers ( myocardium, cardiac jelly and endocardium - or lumen - wall interface ) over the cardiac cycle. to prepare embryos for imaging, white leghorn eggs were incubated to the hamburger - hamilton ( hh ) stage 18 hamburger and hamilton ( 1951 ). a portion to the egg shell was removed to gain access to the embryo for imaging. two groups of embryos were considered : 1 ) control ( n = 4 ), and 2 ) banded ( n = 4 ) embryos. control embryos were normal embryo",
      "query": "What method or approach is proposed? Summarize the core idea and components."
    },
    {
      "vector_id": 1225,
      "score": 0.539178729057312,
      "text": "the images were segmented over space and time to extract three surfaces of interest ( see figure 1 ) : the outer and inner myocardium surfaces, which line the myocardium layer ; and the endocardium or wall - lumen interface yin et al. ( 2012 ). we use these surfaces to compare the oft cardiac motion of normal ( n = 4 ) and banded ( n = 4 ) embryos. the motion exhibited by the of is both peristaltic - like ( successive crosssectional contraction ) and longitudinal ( the tube lengthens and shrinks ). the aortic sac end of the oft is relatively fixed in space, but the ventricular end moves - and, unfortunately, it moves in and out of the segmented volume. this motion makes consistent parameterization of the tube over time non - trivial. for this reason, we first present an algorithm ( section 4 ) that defines the parameterizations of the surfaces over time using domain - specific knowledge about how the tissue is deforming and the desired down - stream analysis. this parameterization also defines how a point on the surface is tracked through time, and allows us to define an approximate correspondence. physically altering blood flow by tying a band around the oft induces cardiac defects, which are thought to depend on mechanical stimuli. our goal is to quantify normal cardiac motion, and how cardiac motion changes when the band is introduced. specific questions are : 1 ) is the peristaltic - like motion of the oft walls altered by the band? 2 ) how does the cross - sectional cardiac shape change during contraction / expansion cycles, and does it change after banding? our approach begins by creating consistent parameterizations of oft surface data sets, first to enable temporal tracking within one chick heart data set, and then to allow temporal alignment of multiple chick heart data sets. once data sets are consistently parameterized, we apply several data reduction and analysis techniques to examine oft motion. specifically, we employ area and volume analysis to produce both qualitative and quantitative measurements of the oft contraction rate and how contraction travels along the oft tube, derivative analysis to generate qualitative visualizations of how the oft contraction and expansion occur, and curvature analysis to determine how the contraction is influenced by surrounding tissues. contributions : we present a consistent parameterization algorithm suited for analysis of cylindrical - like biological surfaces. using these parameterizations, we develop several analysis techniques which map complex surface data to 2d images and video streams, and then",
      "query": "What experiments or evaluation setup are used (datasets, tasks, metrics)?"
    },
    {
      "vector_id": 1231,
      "score": 0.5331015586853027,
      "text": "procedure was repeated over space ( spanning the entire 3d image ) and then over time ( spanning the 4d image over the entire cardiac cycle ). this procedure generated the myocardial surfaces. the lumen surface was extracted by a similar approach, but the tracking elements were constraint to lie inside of the traced myocardium inner surface. extracted contours ( for each cross - section ) were smoothed using a snake - like approach, followed by surface and time smoothing using an average - like procedure. this segmentation procedure provided the 3d surface meshes of the oft over time used in our study. in this paper we describe our visualization and analysis techniques and demonstrate them on a small data set ( four normal and four banded embryos ). rather than making strong claims about how the data relates to biological function and how it differs in the banded case, we focused on determining whether the quantitative and visualization approaches presented have the potential to differentiate ( and quantify the variation in ) the data sets. consistent parameterization in this section we describe how we generate a consistent mesh parameterization of the heart surfaces both temporally within one chicken embryonic oft, and across multiple chicken embryos. we are interested in tracking the motion of the oft over time. to this end, we take two approaches : 1 ) we track motion in a space bounded by two fixed end surfaces ( oft inlet and outlet surfaces ), thus we use an eulerian domain ( a domain that is fixed in space ) ; and 2 ) we track tissue particles as they move on the surface ( including in the longitudinal tube direction ), thus we use a lagrangian domain ( which changes over time moving with the particles ). the eulerian approach is of motivations and observations : while during the cardiac cycle the oft tube moves in space, it remains roughly c - shaped. the longitudinal geodesics ( traced from one end of the tube to the other ) have a distinct minimum length along the inside of the c - shape ( see figure 1 for side view ). further, the myocardium can be assumed to be incompressible, which enables estimation of tissue motion given that the aortic sac side of the oft is fixed in space. let m t represent the set of surfaces extracted from the 4d images by the segmentation algorithm. informally, we want a ) a geodesic parameterization of these surfaces, b ) to use the curve on the inside of the tube ( shortest geodesic length )",
      "query": "What experiments or evaluation setup are used (datasets, tasks, metrics)?"
    },
    {
      "vector_id": 1243,
      "score": 0.501923680305481,
      "text": "contraction of the oft tube is about 20 % ( see figure 8 ). this is in line with our previous observations liu et al. ( 2009 ). nevertheless, visualization can also be accomplished for a window fixed in space. we have addressed both strategies here. contraction and expansion times differ for each chick heart. when oft wall contraction and expansion is measured using the volume of the outer myocardium, with expansion representing an increase in volume and contraction a decrease in volume, the percentage of time in the cardiac cycle during which the oft expands and contracts varies from embryo to embryo ( see table 1 ). using the maximum contraction point ( minimum volume ) as a reference for alignment ( t = 0 ), maximum expansion ( maximum volume ) occurs between 34 % and 49 % of the entire cardiac cycle. these differences are likely due to biological variations and perhaps small changes in temperature control during image acquisition ( temperature is known to regulate cardiac cycle in early chicken embryos ). nevertheless, they reveal that complete alignment of the embryos over time is challenging. oft wall motion visualization and analysis 2d area images, which plot cross - sectional areas along the oft and over time, enable easy comparisons of oft wall motion in control and banded embryos ( see figure 9 ). the effect of the band is clearly observed from these images - banded embryos show a \" neck \" region corresponding to the location where the band restricts expansion. control embryos, on the other hand, show a more gradual change in cross - sectional area along the oft. similar results were found for all cross - sectional areas ( from the external and internal myocardial surfaces and the lumen surface ). the 2d area images, therefore, nicely summarize the effect of the band on oft wall motion as well as the band position relative to the segmented surfaces. by plotting the maximum cross - sectional area versus position along the oft ( figure 10a ) we can clearly see the effect of the band. in normal embryos, maximum cross - sectional area decreases from the ventricle to the aortic sac end of the oft, with a plateau around 0. 2 mm. in banded embryos, however, maximum cross - sectional area presents a local minimum that table 1 : left columns : expansion and contraction ratios for the eight data sets, as a percentage of the cardiac cycle. we show the ratio of expansion to contraction in the fourth column ; for some chick hearts expansion takes the same amount of time as contraction, for others",
      "query": "What are the main results or findings? Include numeric results only if present."
    },
    {
      "vector_id": 1239,
      "score": 0.49450311064720154,
      "text": "##ussian curve centered on the maximum expansion time for that cross - section. we verified that the data was gaussian - shaped by visually examining a plot of the data with the fitted gaussian ( see supplemental materials ). then, we found the time at which the area was one standard deviation from the maximum area ( see figure 4a, stars ). our second approach was to use the same data but directly find the time at which the area is 75 % of the maximum ( see figure 4a, crosses ). these data were plotted together with maximum area along the oft ( figure 4b ). further, we generated 2d plots showing the time span over which area is expanded, by plotting the percentage of time the area is either above 75 % of maximum or above one standard deviation from the maximum ( e. g. figure 4c ). of course, we can also chose to plot the percentage time in which the oft area is contracted. these data are useful for comparing whether contraction / expansion timings change from heart to heart and along the oft length. contraction and expansion rates as one final visualization we can show the change in area by taking the image derivative of the 2d area images. the image derivative calculates the gradient of the area, which results in a vector field ( vector components are the derivative of area with respect to time, t, and the derivative of area with respect to the circumferential direction, u ). we map the angle of the gradient vector to hue and the magnitude of the vector to intensity ( figure 4d ). from these data, maximum cardiac expansion and contraction rates can also be extracted. cardiac shape visualization in this section we focus on quantifying the shape of the oft and how it changes throughout the cardiac cycle. we first discuss curvature, which is our primary metric for analyzing the shape change along the heart oft tube, including the lumen. we then describe a visualization approach for the overall change in shape of the myocardium based on strain. finally, we describe a method that uses a shape space kurtek et al. ( 2013b ) to visualize how the cross - sectional contours deform over the cardiac cycle. curvature we use curvature to elucidate and visualize subtle changes in the heart shape during cardiac motion. curvature on a surface is a two - dimensional function ( the principal curvatures k 1 and k 2 ). however, it is common to use either mean curvature ( the average of the two ) or",
      "query": "What are the main results or findings? Include numeric results only if present."
    },
    {
      "vector_id": 1226,
      "score": 0.5459357500076294,
      "text": "derivative analysis to generate qualitative visualizations of how the oft contraction and expansion occur, and curvature analysis to determine how the contraction is influenced by surrounding tissues. contributions : we present a consistent parameterization algorithm suited for analysis of cylindrical - like biological surfaces. using these parameterizations, we develop several analysis techniques which map complex surface data to 2d images and video streams, and then use standard image processing techniques to generate quantitative plots capturing global behavior. related work previous work has been performed in the areas of heart development, parameterization techniques, and visualization approaches for biological data. here we summarize previous works and their relevance to our study. the developing heart and its outflow tract early during development the heart is a contracting tube that pumps blood through the embryo circulation. previous studies have characterized the morphological changes of the heart from a cardiac crescent to the four chambered heart in humans as well as animal models martinsen ( 2005 ) ; m? nner ( 2000 ) ; groot et al. ( 2005 ) ; van den berg and moorman ( 2009 ). further, studies have characterized several aspects of cardiac motion during early embryonic development garita et al. ( 2011 ) ; liu et al. ( 2012 ) ; jenkins et al. ( 2010 ) ; keller et al. ( 1991 ) ; taber et al. ( 1994 ). these studies were mainly descriptive and based on imaged histological sections and in vivo optical imaging protocols. more recently, with the advanced of microscopy techniques and molecular biology techniques, more information is being extracted from cardiac tissues, from spatial localization of cells and molecules, to signaling pathways groenendijk et al. ( 2005 ) ; runyan et al. ( 1992 ) ; goodwin et al. ( 2014 ). however, analysis of cardiac motion and of subtle changes in cardiac motion are still mainly done by visualization of imaging data. the oft is an important portion of the developing heart. in the oft the cardiac jelly forms endocardial cushions, which are thickenings of the cardiac wall at opposite sides of the tube that generate an elliptical lumen cross - section. this might be an important role of the oft cushions, since mathematical analyses have shown that an elliptical tube requires less energy for peristaltic pumping than a circular tube taber and perucchio ( 2000 ) ; usha and rao ( 1995 ). studies have also suggested that the elliptical lumen cross - section is facilitated by molecules that tether the endocardium to the myocardium",
      "query": "What are the key contributions and significance of this work?"
    },
    {
      "vector_id": 1228,
      "score": 0.5403395891189575,
      "text": "##l et al. ( 1999 ), geodesics on a shape - space manifold kurtek et al. ( 2013a ) ; drury et al. ( 1996 ), or strain phan et al. ( 2011 ). alternatively, one can create a deformation of one shape to the other and minimize the 3d deformation energy huang et al. ( 2008 ) ; zhang et al. ( 2008 ) or a statistical measure cates et al. ( 2006 ) ; datar et al. ( 2009 ). the techniques that come from the computer graphics or vision literature primarily deal with surfaces that have distinctive features, and aim to map those features on each surface van kaick et al. ( 2010 ). the oft surfaces that delineate an expanding and contracting tube - like shape have no such distinctive features, which makes these techniques less applicable. methodologies that minimize the distortion or deformation from one shape to the next are more applicable. in this work, to achieve a parameterization of the oft surfaces that will allow proper visualization of the oft wall motion, we essentially minimize the change in the geodesics of surfaces that represent different phases of the cardiac cycle. visualization approaches for visualization purposes, the embryonic heart oft is essentially a deforming tube. visualizing characteristics of the oft tube ( e. g. curvature or some measure of texture ) can be done by color - coding the tube surface and rotating the tube in order to view the tube from all sides. an obvious approach for visualizing the whole tube in a single image is to cut the tube surface open and lay it out flat in the plane, resulting in a 2d image that is easy to inspect and understand. this technique has been used, for example, in virtual colonoscopies zeng et al. ( 2011 ) ; bartroli et al. ( 2001 ) ; hong et al. ( 2006 ) ; zhao et al. ( 2008 ), in which the primary challenge is to effectively recreate the relatively complex geometry of the interior of the colon ( eg, polyps ) while avoiding topology inaccuracies that arise from the scanning process. to better visualize the oft tube, we employ the same unfolding technique. our primary challenge, however, lies in the temporal nature of the data, and thus to achieve proper visualization of the oft wall motion over time, and of surface - related data ( curvature, volume, area ) on the 2d images over time. a simple and yet insightful approach is to",
      "query": "What are the key contributions and significance of this work?"
    }
  ],
  "rag_by_query": {
    "What is the main problem or motivation addressed in this paper?": [
      {
        "vector_id": 1234,
        "score": 0.5101580619812012,
        "text": "parameterization to the inner myocardial surface ( for each vertex we found the closest point on the inner surface ). because the lumen surface folds, lumen parameterization must be done separately ( the projection is not unique ). instead, we parameterize the lumen surface similarly to the outer myocardial surface, except we align the v = 0 shortest geodesic ( the blue longitudinal line in figure 2 ) to the shortest geodesic from the outer myocardial surface. again, the projection of the shortest geodesic curve from the outer myocardial surface to the lumen may not be unique ; instead, we project just the end - points onto the two end boundaries of the lumen surface. we then connect these two points with the shortest geodesic. in what follows, we describe in more detail the algorithms for creating a deforming mesh for a single chick heart oft over time, and for aligning deforming meshes between two ( or more ) chick heart ofts. the parameterization itself provides geometric correspondence. single oft alignment algorithm our input is a set of 195 surfaces, m t, consisting of outer myocardial meshes that are not consistently parameterized. for each m t, we find the shortest geodesic connecting any two end points on the tube boundary ( see ( b ) above ). we cut the mesh along the shortest geodesic and map it to the unit square using desbrun's parameterization desbrun et al. ( 2002 ) with area weighting. we place the cut line so that it aligns with u = 0, satisfying ( b ) above. this mapping defines the parameterization g t ( u, v ). it approximately satisfies the desired geodesic constraint ( a ), in that the mapping attempts to preserve area. ( c ) is satisfied by the construction of the planes from three equally - spaced points on the contour with constant v, provided the original surface m t does not fold back on itself longitudinally in space. informally, if the curves g t ( 0, v ), g t ( 1 / 3, v ), g t ( 2 / 3, v ) do not fold back on themselves then the sequence of triangles defined by those points will not intersect with each other. to construct our deforming mesh from the parameterization we then place a uniformly - spaced grid ( 80 nodes in the circumferential direction, 50 in the longitudinal ) on the flattened mesh and re"
      },
      {
        "vector_id": 1236,
        "score": 0.5024334192276001,
        "text": "length of the tube, since the contraction wave travels along the oft. one approach is to align the meshes based on the total volume of the tube, which essentially ignores the contraction wave. the second approach is to align meshes based on the maximum and minimum areas of a corresponding cross - section. the cross - sectional approach, however, is difficult to achieve in practice. this is because, due to the lack of features in the oft geometries, finding corresponding cross - sections in not feasible and, due to biological variations, the percentage of contraction / expansion varies from embryo to embryo. therefore, we used the volume approach and aligned embryos by volume. specifically, for each chick heart we find the point of maximal contraction by finding the outer myocardial surface with the minimum volume. we set this to be the t = 0 time point. while not perfect, this alignment is enough for our purposes. if we wish to align both the maximum contraction and the maximum expansion points in the cardiac cycle, then we split the cardiac cycle into two segments and map each temporal segment of the cardiac cycle separately for each chick, essentially enforcing that the maximum expansion occurs at t = 0. 5. we used this approach when comparing the average cross section shape in the expansion versus contraction segments of the cardiac cycle ( section 6. 3 ). between chick spatial alignment exact structural alignment between multiple chicks is, in general, not possible. this is because imaging varies from chick to chick. although every effort has been made to consistently image the same portion of the heart, there are no features to align the images. this is compounded by imaging quality, which degrades as the oft descends into the embryo. even though we were careful to measure embryos at the same stage of development ( hh18 ), the embryos do differ in size, which also influences how far into the embryo the oft descends. within these constraints our parameterization can be used to align the ofts in the radial direction, and provide roughly similar spacing in the longitudinal direction, even if the starting and ending points are not the same. specifically, we can compare the overall change along and around the tube but we cannot guarantee that these plots image the exact same portion of the tube. clipping the ventricular end based on myocardial volume we have described so far our eulerian approach, in which cardiac tissue motion moves and deforms within two fixed end planes. in our lagrangian approach, we use the incompressibility of"
      }
    ],
    "What method or approach is proposed? Summarize the core idea and components.": [
      {
        "vector_id": 1229,
        "score": 0.49264946579933167,
        "text": "better visualize the oft tube, we employ the same unfolding technique. our primary challenge, however, lies in the temporal nature of the data, and thus to achieve proper visualization of the oft wall motion over time, and of surface - related data ( curvature, volume, area ) on the 2d images over time. a simple and yet insightful approach is to select several cross - sectional planes along the heart tube and plot either cross - sectional contours or areas within the contours versus time liu et al. ( 2012 ) ; garita et al. ( 2011 ). this allows examination of the wall motion along the heart tube and how this motion changes over time and space. however, this approach provides a discrete view of cardiac motion that ignores data in between the chosen cross - sections. we use our approaches to visualize and quantify the motion of the whole heart oft over space ( along the heart tube ) and time during the cardiac cycle. further, quantitative analysis allow comparisons of cardiac motion among normal and banded hearts. data acquisition in this section we briefly describe the procedures used to create the initial 3d surface meshes of the chick embryonic oft from in - vivo oct imaging ( fully described in liu et al. ( 2009 liu et al. (, 2012 ) ) ; yin et al. ( 2012 ) ). the final output from these procedures, which is used as input for this study, is a set of three 3d surface meshes ( outer and inner myocardium surfaces and the lumen surface ) at 195 time points over the entire cardiac cycle, which gives a total of 3 × 195 = 585 surface meshes per embryo. at the embryonic stage studied here ( approximately 3 days of incubation, hh18 ), the period of the cardiac cycle is about 400 ms, and thus the time span between consecutive meshes is about 2 ms. the set of surface meshes describes the motion of the oft wall layers ( myocardium, cardiac jelly and endocardium - or lumen - wall interface ) over the cardiac cycle. to prepare embryos for imaging, white leghorn eggs were incubated to the hamburger - hamilton ( hh ) stage 18 hamburger and hamilton ( 1951 ). a portion to the egg shell was removed to gain access to the embryo for imaging. two groups of embryos were considered : 1 ) control ( n = 4 ), and 2 ) banded ( n = 4 ) embryos. control embryos were normal embryo"
      }
    ],
    "What experiments or evaluation setup are used (datasets, tasks, metrics)?": [
      {
        "vector_id": 1225,
        "score": 0.539178729057312,
        "text": "the images were segmented over space and time to extract three surfaces of interest ( see figure 1 ) : the outer and inner myocardium surfaces, which line the myocardium layer ; and the endocardium or wall - lumen interface yin et al. ( 2012 ). we use these surfaces to compare the oft cardiac motion of normal ( n = 4 ) and banded ( n = 4 ) embryos. the motion exhibited by the of is both peristaltic - like ( successive crosssectional contraction ) and longitudinal ( the tube lengthens and shrinks ). the aortic sac end of the oft is relatively fixed in space, but the ventricular end moves - and, unfortunately, it moves in and out of the segmented volume. this motion makes consistent parameterization of the tube over time non - trivial. for this reason, we first present an algorithm ( section 4 ) that defines the parameterizations of the surfaces over time using domain - specific knowledge about how the tissue is deforming and the desired down - stream analysis. this parameterization also defines how a point on the surface is tracked through time, and allows us to define an approximate correspondence. physically altering blood flow by tying a band around the oft induces cardiac defects, which are thought to depend on mechanical stimuli. our goal is to quantify normal cardiac motion, and how cardiac motion changes when the band is introduced. specific questions are : 1 ) is the peristaltic - like motion of the oft walls altered by the band? 2 ) how does the cross - sectional cardiac shape change during contraction / expansion cycles, and does it change after banding? our approach begins by creating consistent parameterizations of oft surface data sets, first to enable temporal tracking within one chick heart data set, and then to allow temporal alignment of multiple chick heart data sets. once data sets are consistently parameterized, we apply several data reduction and analysis techniques to examine oft motion. specifically, we employ area and volume analysis to produce both qualitative and quantitative measurements of the oft contraction rate and how contraction travels along the oft tube, derivative analysis to generate qualitative visualizations of how the oft contraction and expansion occur, and curvature analysis to determine how the contraction is influenced by surrounding tissues. contributions : we present a consistent parameterization algorithm suited for analysis of cylindrical - like biological surfaces. using these parameterizations, we develop several analysis techniques which map complex surface data to 2d images and video streams, and then"
      },
      {
        "vector_id": 1231,
        "score": 0.5331015586853027,
        "text": "procedure was repeated over space ( spanning the entire 3d image ) and then over time ( spanning the 4d image over the entire cardiac cycle ). this procedure generated the myocardial surfaces. the lumen surface was extracted by a similar approach, but the tracking elements were constraint to lie inside of the traced myocardium inner surface. extracted contours ( for each cross - section ) were smoothed using a snake - like approach, followed by surface and time smoothing using an average - like procedure. this segmentation procedure provided the 3d surface meshes of the oft over time used in our study. in this paper we describe our visualization and analysis techniques and demonstrate them on a small data set ( four normal and four banded embryos ). rather than making strong claims about how the data relates to biological function and how it differs in the banded case, we focused on determining whether the quantitative and visualization approaches presented have the potential to differentiate ( and quantify the variation in ) the data sets. consistent parameterization in this section we describe how we generate a consistent mesh parameterization of the heart surfaces both temporally within one chicken embryonic oft, and across multiple chicken embryos. we are interested in tracking the motion of the oft over time. to this end, we take two approaches : 1 ) we track motion in a space bounded by two fixed end surfaces ( oft inlet and outlet surfaces ), thus we use an eulerian domain ( a domain that is fixed in space ) ; and 2 ) we track tissue particles as they move on the surface ( including in the longitudinal tube direction ), thus we use a lagrangian domain ( which changes over time moving with the particles ). the eulerian approach is of motivations and observations : while during the cardiac cycle the oft tube moves in space, it remains roughly c - shaped. the longitudinal geodesics ( traced from one end of the tube to the other ) have a distinct minimum length along the inside of the c - shape ( see figure 1 for side view ). further, the myocardium can be assumed to be incompressible, which enables estimation of tissue motion given that the aortic sac side of the oft is fixed in space. let m t represent the set of surfaces extracted from the 4d images by the segmentation algorithm. informally, we want a ) a geodesic parameterization of these surfaces, b ) to use the curve on the inside of the tube ( shortest geodesic length )"
      }
    ],
    "What are the main results or findings? Include numeric results only if present.": [
      {
        "vector_id": 1243,
        "score": 0.501923680305481,
        "text": "contraction of the oft tube is about 20 % ( see figure 8 ). this is in line with our previous observations liu et al. ( 2009 ). nevertheless, visualization can also be accomplished for a window fixed in space. we have addressed both strategies here. contraction and expansion times differ for each chick heart. when oft wall contraction and expansion is measured using the volume of the outer myocardium, with expansion representing an increase in volume and contraction a decrease in volume, the percentage of time in the cardiac cycle during which the oft expands and contracts varies from embryo to embryo ( see table 1 ). using the maximum contraction point ( minimum volume ) as a reference for alignment ( t = 0 ), maximum expansion ( maximum volume ) occurs between 34 % and 49 % of the entire cardiac cycle. these differences are likely due to biological variations and perhaps small changes in temperature control during image acquisition ( temperature is known to regulate cardiac cycle in early chicken embryos ). nevertheless, they reveal that complete alignment of the embryos over time is challenging. oft wall motion visualization and analysis 2d area images, which plot cross - sectional areas along the oft and over time, enable easy comparisons of oft wall motion in control and banded embryos ( see figure 9 ). the effect of the band is clearly observed from these images - banded embryos show a \" neck \" region corresponding to the location where the band restricts expansion. control embryos, on the other hand, show a more gradual change in cross - sectional area along the oft. similar results were found for all cross - sectional areas ( from the external and internal myocardial surfaces and the lumen surface ). the 2d area images, therefore, nicely summarize the effect of the band on oft wall motion as well as the band position relative to the segmented surfaces. by plotting the maximum cross - sectional area versus position along the oft ( figure 10a ) we can clearly see the effect of the band. in normal embryos, maximum cross - sectional area decreases from the ventricle to the aortic sac end of the oft, with a plateau around 0. 2 mm. in banded embryos, however, maximum cross - sectional area presents a local minimum that table 1 : left columns : expansion and contraction ratios for the eight data sets, as a percentage of the cardiac cycle. we show the ratio of expansion to contraction in the fourth column ; for some chick hearts expansion takes the same amount of time as contraction, for others"
      },
      {
        "vector_id": 1239,
        "score": 0.49450311064720154,
        "text": "##ussian curve centered on the maximum expansion time for that cross - section. we verified that the data was gaussian - shaped by visually examining a plot of the data with the fitted gaussian ( see supplemental materials ). then, we found the time at which the area was one standard deviation from the maximum area ( see figure 4a, stars ). our second approach was to use the same data but directly find the time at which the area is 75 % of the maximum ( see figure 4a, crosses ). these data were plotted together with maximum area along the oft ( figure 4b ). further, we generated 2d plots showing the time span over which area is expanded, by plotting the percentage of time the area is either above 75 % of maximum or above one standard deviation from the maximum ( e. g. figure 4c ). of course, we can also chose to plot the percentage time in which the oft area is contracted. these data are useful for comparing whether contraction / expansion timings change from heart to heart and along the oft length. contraction and expansion rates as one final visualization we can show the change in area by taking the image derivative of the 2d area images. the image derivative calculates the gradient of the area, which results in a vector field ( vector components are the derivative of area with respect to time, t, and the derivative of area with respect to the circumferential direction, u ). we map the angle of the gradient vector to hue and the magnitude of the vector to intensity ( figure 4d ). from these data, maximum cardiac expansion and contraction rates can also be extracted. cardiac shape visualization in this section we focus on quantifying the shape of the oft and how it changes throughout the cardiac cycle. we first discuss curvature, which is our primary metric for analyzing the shape change along the heart oft tube, including the lumen. we then describe a visualization approach for the overall change in shape of the myocardium based on strain. finally, we describe a method that uses a shape space kurtek et al. ( 2013b ) to visualize how the cross - sectional contours deform over the cardiac cycle. curvature we use curvature to elucidate and visualize subtle changes in the heart shape during cardiac motion. curvature on a surface is a two - dimensional function ( the principal curvatures k 1 and k 2 ). however, it is common to use either mean curvature ( the average of the two ) or"
      }
    ],
    "What are the key contributions and significance of this work?": [
      {
        "vector_id": 1226,
        "score": 0.5459357500076294,
        "text": "derivative analysis to generate qualitative visualizations of how the oft contraction and expansion occur, and curvature analysis to determine how the contraction is influenced by surrounding tissues. contributions : we present a consistent parameterization algorithm suited for analysis of cylindrical - like biological surfaces. using these parameterizations, we develop several analysis techniques which map complex surface data to 2d images and video streams, and then use standard image processing techniques to generate quantitative plots capturing global behavior. related work previous work has been performed in the areas of heart development, parameterization techniques, and visualization approaches for biological data. here we summarize previous works and their relevance to our study. the developing heart and its outflow tract early during development the heart is a contracting tube that pumps blood through the embryo circulation. previous studies have characterized the morphological changes of the heart from a cardiac crescent to the four chambered heart in humans as well as animal models martinsen ( 2005 ) ; m? nner ( 2000 ) ; groot et al. ( 2005 ) ; van den berg and moorman ( 2009 ). further, studies have characterized several aspects of cardiac motion during early embryonic development garita et al. ( 2011 ) ; liu et al. ( 2012 ) ; jenkins et al. ( 2010 ) ; keller et al. ( 1991 ) ; taber et al. ( 1994 ). these studies were mainly descriptive and based on imaged histological sections and in vivo optical imaging protocols. more recently, with the advanced of microscopy techniques and molecular biology techniques, more information is being extracted from cardiac tissues, from spatial localization of cells and molecules, to signaling pathways groenendijk et al. ( 2005 ) ; runyan et al. ( 1992 ) ; goodwin et al. ( 2014 ). however, analysis of cardiac motion and of subtle changes in cardiac motion are still mainly done by visualization of imaging data. the oft is an important portion of the developing heart. in the oft the cardiac jelly forms endocardial cushions, which are thickenings of the cardiac wall at opposite sides of the tube that generate an elliptical lumen cross - section. this might be an important role of the oft cushions, since mathematical analyses have shown that an elliptical tube requires less energy for peristaltic pumping than a circular tube taber and perucchio ( 2000 ) ; usha and rao ( 1995 ). studies have also suggested that the elliptical lumen cross - section is facilitated by molecules that tether the endocardium to the myocardium"
      },
      {
        "vector_id": 1228,
        "score": 0.5403395891189575,
        "text": "##l et al. ( 1999 ), geodesics on a shape - space manifold kurtek et al. ( 2013a ) ; drury et al. ( 1996 ), or strain phan et al. ( 2011 ). alternatively, one can create a deformation of one shape to the other and minimize the 3d deformation energy huang et al. ( 2008 ) ; zhang et al. ( 2008 ) or a statistical measure cates et al. ( 2006 ) ; datar et al. ( 2009 ). the techniques that come from the computer graphics or vision literature primarily deal with surfaces that have distinctive features, and aim to map those features on each surface van kaick et al. ( 2010 ). the oft surfaces that delineate an expanding and contracting tube - like shape have no such distinctive features, which makes these techniques less applicable. methodologies that minimize the distortion or deformation from one shape to the next are more applicable. in this work, to achieve a parameterization of the oft surfaces that will allow proper visualization of the oft wall motion, we essentially minimize the change in the geodesics of surfaces that represent different phases of the cardiac cycle. visualization approaches for visualization purposes, the embryonic heart oft is essentially a deforming tube. visualizing characteristics of the oft tube ( e. g. curvature or some measure of texture ) can be done by color - coding the tube surface and rotating the tube in order to view the tube from all sides. an obvious approach for visualizing the whole tube in a single image is to cut the tube surface open and lay it out flat in the plane, resulting in a 2d image that is easy to inspect and understand. this technique has been used, for example, in virtual colonoscopies zeng et al. ( 2011 ) ; bartroli et al. ( 2001 ) ; hong et al. ( 2006 ) ; zhao et al. ( 2008 ), in which the primary challenge is to effectively recreate the relatively complex geometry of the interior of the colon ( eg, polyps ) while avoiding topology inaccuracies that arise from the scanning process. to better visualize the oft tube, we employ the same unfolding technique. our primary challenge, however, lies in the temporal nature of the data, and thus to achieve proper visualization of the oft wall motion over time, and of surface - related data ( curvature, volume, area ) on the 2d images over time. a simple and yet insightful approach is to"
      }
    ]
  },
  "rag_prompt": "You are writing an academic abstract using the provided context.\nKeyword: visual_understanding\n\nContext:\n[Chunk 1] parameterization to the inner myocardial surface ( for each vertex we found the closest point on the inner surface ). because the lumen surface folds, lumen parameterization must be done separately ( the projection is not unique ). instead, we parameterize the lumen surface similarly to the outer myocardial surface, except we align the v = 0 shortest geodesic ( the blue longitudinal line in figure 2 ) to the shortest geodesic from the outer myocardial surface. again, the projection of the shortest geodesic curve from the outer myocardial surface to the lumen may not be unique ; instead, we project just the end - points onto the two end boundaries of the lumen surface. we then connect these two points with the shortest geodesic. in what follows, we describe in more detail the algorithms for creating a deforming mesh for a single chick heart oft over time, and for aligning deforming meshes between two ( or more ) chick heart ofts. the parameterization itself provides geometric correspondence. single oft alignment algorithm our input is a set of 195 surfaces, m t, consisting of outer myocardial meshes that are not consistently parameterized. for each m t, we find the shortest geodesic connecting any two end points on the tube boundary ( see ( b ) above ). we cut the mesh along the shortest geodesic and map it to the unit square using desbrun's parameterization desbrun et al. ( 2002 ) with area weighting. we place the cut line so that it aligns with u = 0, satisfying ( b ) above. this mapping defines the parameterization g t ( u, v ). it approximately satisfies the desired geodesic constraint ( a ), in that the mapping attempts to preserve area. ( c ) is satisfied by the construction of the planes from three equally - spaced points on the contour with constant v, provided the original surface m t does not fold back on itself longitudinally in space. informally, if the curves g t ( 0, v ), g t ( 1 / 3, v ), g t ( 2 / 3, v ) do not fold back on themselves then the sequence of triangles defined by those points will not intersect with each other. to construct our deforming mesh from the parameterization we then place a uniformly - spaced grid ( 80 nodes in the circumferential direction, 50 in the longitudinal ) on the flattened mesh and re\n\n[Chunk 2] length of the tube, since the contraction wave travels along the oft. one approach is to align the meshes based on the total volume of the tube, which essentially ignores the contraction wave. the second approach is to align meshes based on the maximum and minimum areas of a corresponding cross - section. the cross - sectional approach, however, is difficult to achieve in practice. this is because, due to the lack of features in the oft geometries, finding corresponding cross - sections in not feasible and, due to biological variations, the percentage of contraction / expansion varies from embryo to embryo. therefore, we used the volume approach and aligned embryos by volume. specifically, for each chick heart we find the point of maximal contraction by finding the outer myocardial surface with the minimum volume. we set this to be the t = 0 time point. while not perfect, this alignment is enough for our purposes. if we wish to align both the maximum contraction and the maximum expansion points in the cardiac cycle, then we split the cardiac cycle into two segments and map each temporal segment of the cardiac cycle separately for each chick, essentially enforcing that the maximum expansion occurs at t = 0. 5. we used this approach when comparing the average cross section shape in the expansion versus contraction segments of the cardiac cycle ( section 6. 3 ). between chick spatial alignment exact structural alignment between multiple chicks is, in general, not possible. this is because imaging varies from chick to chick. although every effort has been made to consistently image the same portion of the heart, there are no features to align the images. this is compounded by imaging quality, which degrades as the oft descends into the embryo. even though we were careful to measure embryos at the same stage of development ( hh18 ), the embryos do differ in size, which also influences how far into the embryo the oft descends. within these constraints our parameterization can be used to align the ofts in the radial direction, and provide roughly similar spacing in the longitudinal direction, even if the starting and ending points are not the same. specifically, we can compare the overall change along and around the tube but we cannot guarantee that these plots image the exact same portion of the tube. clipping the ventricular end based on myocardial volume we have described so far our eulerian approach, in which cardiac tissue motion moves and deforms within two fixed end planes. in our lagrangian approach, we use the incompressibility of\n\nConstraints: Use only the context. Do not invent datasets, baselines, or numerical results.\nIf results are not stated, describe them generally.\n\nWrite a concise abstract (150-250 words).",
  "rag_output": "This study presents a comprehensive framework for visualizing and understanding cardiac tissue motion in chick embryos. We employ a combination of Eulerian and Lagrangian approaches to analyze the deformation of the outer myocardial surface and the inner lumen surface. The Eulerian approach involves parameterizing the surfaces using Desbrun's method, which preserves area and satisfies geodesic constraints. This parameterization allows for the creation of a deforming mesh that can be used to track the motion of cardiac tissue over time.\nTo align deforming meshes between chick embryos, we developed an algorithm that takes into account the volume of the tube and the contraction wave. Our approach enables the comparison of cardiac tissue motion between embryos, allowing for the analysis of overall changes in the tube's shape and size. However, due to biological variations and imaging limitations, exact structural alignment between multiple chicks is not possible.\nOur framework provides a novel visual understanding of cardiac tissue motion, enabling researchers to study the dynamics of cardiac development and disease.",
  "metrics": {
    "hwt": {
      "llama": {
        "perplexity": 16.88071548801052,
        "burstness": 2.828125,
        "curvature": 0.20380859374999982
      },
      "gpt2": {
        "perplexity": 26.975306541751994,
        "burstness": 3.060546875,
        "curvature": 0.1820312500000001
      }
    },
    "only_llm": {
      "llama": {
        "perplexity": 3.050283005490115,
        "burstness": 1.849609375,
        "curvature": 0.3538574218749999
      },
      "gpt2": {
        "perplexity": 6.88063495391475,
        "burstness": 2.080078125,
        "curvature": 0.33837890625
      }
    },
    "rag": {
      "llama": {
        "perplexity": 9.943061786014486,
        "burstness": 2.623046875,
        "curvature": 0.2191406250000001
      },
      "gpt2": {
        "perplexity": 17.180070153709277,
        "burstness": 2.560546875,
        "curvature": 0.2645507812500001
      }
    }
  }
}