{
  "paper_id": "1702.01226v1",
  "keyword": "visual_understanding",
  "source_path": "papers/outputs/visual_understanding/1702.01226v1.json",
  "abstract_hwt": "Interactive model analysis, the process of understanding, diagnosing, and refining a machine learning model with the help of interactive visualization, is very important for users to efficiently solve real-world artificial intelligence and data mining problems. Dramatic advances in big data analytics has led to a wide variety of interactive model analysis tasks. In this paper, we present a comprehensive analysis and interpretation of this rapidly developing area. Specifically, we classify the relevant work into three categories: understanding, diagnosis, and refinement. Each category is exemplified by recent influential work. Possible future research opportunities are also explored and discussed.",
  "abstract_only_llm": "Machine learning has revolutionized numerous fields by providing accurate predictions and decisions. However, the lack of transparency in these models has hindered their adoption in high-stakes applications. Most users treat machine learning models as black boxes due to their incomprehensible functions and unclear working mechanisms, making it challenging to trust their outputs.\nTo address this issue, Explainable AI (XAI) has emerged as a crucial area of research, focusing on developing techniques to provide insights into the decision-making processes of machine learning models. By visualizing the internal workings of these models, XAI aims to enhance visual understanding, enabling users to interpret and trust their outputs.\nThis study explores the application of XAI techniques in visualizing machine learning models, with a focus on enhancing visual understanding. We investigate the potential of various visualization methods to reveal the internal mechanisms of these models, facilitating a deeper understanding of their decision-making processes. By providing a visual representation of the model's workings, we aim to bridge the gap between the user and the machine learning model, ultimately leading to more trustworthy and transparent decision-making processes.",
  "abstract_rag": "Machine learning models have become ubiquitous in various applications, but their lack of explainability hinders users from understanding their decision-making processes. This gap in transparency is particularly evident in complex tasks like object recognition and speech processing, where deep learning models outperform probabilistic program induction algorithms. To address this challenge, researchers must develop more explainable models that can convey their rationale and behavior.\nOne promising approach is to analyze the online training process, which involves examining the intermediate results and snapshots of the model. However, this requires the ability to select and compare representative snapshots, a task that can be facilitated by progressive visual analytics. This technique produces meaningful partial results during training, allowing users to explore the model's behavior in real-time.\nMoreover, interactive model analysis is crucial for identifying potential issues in machine learning models. However, it is challenging to model different types of uncertainties, including those originating from the machine and human sides, within a unified framework. To overcome these challenges, researchers must develop novel methods for explanation, visualization, and analysis of machine learning models, ultimately enhancing visual understanding and facilitating better learning performance.",
  "only_llm_summary": "Introduction Machine learning has been successfully applied to a wide variety of fields ranging from information retrieval, data mining, and speech recognition, to computer graphics, visualization, and human-computer interaction. However, most users often treat a machine learning model as a black box because of its incomprehensible functions and unclear working mechanism [1, 2, 3] .",
  "only_llm_body": "Introduction Machine learning has been successfully applied to a wide variety of fields ranging from information retrieval, data mining, and speech recognition, to computer graphics, visualization, and human-computer interaction. However, most users often treat a machine learning model as a black box because of its incomprehensible functions and unclear working mechanism [1, 2, 3] . Without a clear understanding of how and why a model works, the development of highperformance models typically relies on a time-consuming trial-and-error pro-$ Fully documented templates are available in the elsarticle package on CTAN. Preprint submitted to Journal of L A T E X Templates February 7, 2017 arXiv:1702.01226v1 [cs.LG] 4 Feb 2017 cess. As a result, academic researchers and industrial practitioners are facing challenges that demand more transparent and explainable systems for better understanding and analyzing machine learning models, especially their inner working mechanisms. To tackle the aforementioned challenges, there are some initial efforts on interactive model analysis. These efforts have shown that interactive visualization plays a critical role in understanding and analyzing a variety of machine learning models. Recently, DARPA I2O released Explainable Artificial Intelligence (XAI) [4] to encourage research on this topic. The main goal of XAI is to create a suite of machine learning techniques that produce explainable models to enable users to understand, trust, and manage th\n\nllows users to interactively (1) merge topics, (2) create topics based on exemplar documents, (3) split topics, and (4) create topics based on keywords. Moreover, UTOPIAN also supports topic keyword refinement. All these interactions are centered around a semi-supervised formulation of NMF that enables an easy incorporation of user knowledge and an incremental update of the topic model. There are also some refinement tools that aim to help business professionals who are not familiar with complex machine learning models. For example, Wang et al. developed a visual analytics system, TopicPanorama [14, 34] , to help business professionals analyze and refine a full picture of relevant topics discussed in multiple textual sources. The full picture is generated by matching the topic graphs extracted from different sources with a scalable algorithm to learn correlated topic models [36] . TopicPanorama allows users to identify potentially incorrect matches by examining the uncertainties of the\n\nclassifiers, and parameters used in training. For example, the technique developed by Paiva et al. [15] allows users to interactively select training samples, modify their labels, incrementally update the model, and rebuild the model by using new classes. Fig. 8 shows how this technique supports informed training sample selection. Figure 9 : 9 Figure 9: UTOPIAN [33], a visual analytics system for interactive refinement of topic models. Fig. 10 ( 10 Fig. 10(a) shows a full picture of the topics related to three IT companies: Google, Microsoft, and Yahoo. Here, the topic nodes of different companies (sources) are represented with different colors and the common topics are encoded in a pie chart. A public relations manager cared about game related topics, so she enabled the uncertainty glyphs (Fig. 10(d)) to examine potential incorrect matches. After some exploration, she identified two incorrect matches, A and B, that match Microsoft Xbox games to Yahoo sport games (Fig. 10(b)). Figure 10 : 10 Figure 10: TopicPanorama [14], a visual analytics system for analyzing a full picture of relevant topics from multiple sources: (a) Panorama visualization, (b) a matching result with two incorrect matches A and B, (c) the updated matching result with corrected matches C and D, and (d) an uncertainty glyph. Figure 11 : 11 Figure 11: MutualRanker [30], a visual analytics toolkit to retrieve salient posts, users, and hashtags. MutualRanker enables interactive refinement of uncertain resu",
  "only_llm_prompt": "You are writing an academic abstract.\nKeyword: visual_understanding\nBrief summary (2 sentences): Introduction Machine learning has been successfully applied to a wide variety of fields ranging from information retrieval, data mining, and speech recognition, to computer graphics, visualization, and human-computer interaction. However, most users often treat a machine learning model as a black box because of its incomprehensible functions and unclear working mechanism [1, 2, 3] .\nConstraints: Do not invent datasets, baselines, or numerical results.\nIf results are not stated, describe them generally.\n\nWrite a concise abstract (150-250 words).",
  "only_llm_output": "Machine learning has revolutionized numerous fields by providing accurate predictions and decisions. However, the lack of transparency in these models has hindered their adoption in high-stakes applications. Most users treat machine learning models as black boxes due to their incomprehensible functions and unclear working mechanisms, making it challenging to trust their outputs.\nTo address this issue, Explainable AI (XAI) has emerged as a crucial area of research, focusing on developing techniques to provide insights into the decision-making processes of machine learning models. By visualizing the internal workings of these models, XAI aims to enhance visual understanding, enabling users to interpret and trust their outputs.\nThis study explores the application of XAI techniques in visualizing machine learning models, with a focus on enhancing visual understanding. We investigate the potential of various visualization methods to reveal the internal mechanisms of these models, facilitating a deeper understanding of their decision-making processes. By providing a visual representation of the model's workings, we aim to bridge the gap between the user and the machine learning model, ultimately leading to more trustworthy and transparent decision-making processes.",
  "rag_queries": [
    "What is the main problem or motivation addressed in this paper?",
    "What method or approach is proposed? Summarize the core idea and components.",
    "What experiments or evaluation setup are used (datasets, tasks, metrics)?",
    "What are the main results or findings? Include numeric results only if present.",
    "What are the key contributions and significance of this work?"
  ],
  "rag_chunks": [
    {
      "vector_id": 1217,
      "score": 0.5600839853286743,
      "text": "##section in terms of technical challenges and future research. creating explainable models although machine learning models are widely used in many applications, they often fail to explain their decisions and actions to users. without a clear understanding, it may be hard for users to incorporate their knowledge into the learning process and achieve a better learning performance ( e. g., prediction accuracy ). as a result, it is desirable to develop more explainable machine learning models, which have the ability to explain their rationale and convey an understanding of how they behave in the learning process. the key challenge here is to design an explanation mechanism that is tightly integrated into the machine learning model. accordingly, one interesting future work is to discover which part ( s ) in the model structure explains its different functions and play a major role in the performance improvement or decline of each iteration. another interesting venue for future work is to better illustrate the rationale behind the model and the decisions made. recently, there have been some initial efforts in this direction [ 38, 39 ]. for example, lake et al. [ 39 ] developed a probabilistic program induction algorithm. they built simple stochastic programs to represent concepts, building them compositionally from parts, subparts, and spatial relations. they also demonstrated that their algorithm achieved human - level performance on a one - shot classification task, while outperforming recent deep learning approaches. however, for the tasks that have abundant training data, such as object and speech recognition, the less explainable deep learning still outperforms the algorithm. thus, there is still a long way to go for researchers to develop more explainable models for these tasks. analysis of online training process most of the existing methods focus on analyzing the final results [ 28 ] or one snapshot [ 2 ] of the model in the interactive training process. in many cases, only analyzing the results or a single snapshot is not enough to understand why a training process did not achieve a desirable performance. thus, it is necessary to analyze the online training process. one challenge in analyzing the online training process is the difficulty of selecting and comparing representative snapshots from a large number of snapshots. when comparing different snapshots, one possible solution is to adopt progressive visual analytics [ 40 ] to shorten the period of time between user interactions and the execution of the model. the basic idea of progressive visual analytics is to produce meaningful partial results during the training process and integrating these partial results into an interactive visualization, which allows users to immediately explore the partial results. another challenge",
      "query": "What is the main problem or motivation addressed in this paper?"
    },
    {
      "vector_id": 1220,
      "score": 0.5599988102912903,
      "text": "experts quickly identify the potential issues in a machine learning model of interest. second, it is challenging to model different types of uncertainties as well as their interactions by using a unified framework. during the interactive model analysis process, there are uncertainties that originate from the machine side ( e. g., imperfect machine learning models ) and uncertainties that originate from the human side ( e. g., incorrect expert feedback ). these two kinds of uncertainties will interact with and influence each other. for example, if the system presents misleading information to the experts, they may return incorrect feedback that results in problematic modification of the model. another example is figure 1 : 1 figure 1 : a pipeline of machine learning. figure 2 : 2 figure 2 : an overview of interactive model analysis. figure 3 : 3 figure 3 : comparison of test sample representations ( a ) before and ( b ) after training [ 20 ]. fig. 3 3 fig. 3 shows a point - based visualization developed by rauber et al. [ 20 ]. in this figure, each point denotes the learned representation of a test sample. the color of each point encodes the class label of each test sample. as shown in the figure, after training, the visual separation between classes is significantly improved. this observation provides evidence for the hypothesis that neural networks learn to detect representations that are useful for class discrimination. fig. 3 ( 3 fig. 3 ( b ) also helps with the understanding of misclassified samples, which are marked by triangle glyphs. the figure illustrates that many misclassified samples are visual outliers whose neighbors have different classes. also, many outliers correspond to test samples that are difficult for even humans to classify. figure 4 : 4 figure 4 : topology of a neural network trained to classify brain and non - brain materials [ 17 ]. ffigure 5 : 5 figure 5 : cnnvis, a visual analytics approach to understanding and diagnosing deep convolutional neural networks ( cnns ) [ 2 ] with a large number of neurons and connections. figure 6 : 6 figure 6 : a visual analytics tool that helps machine learning experts diagnose model performance with ( a ) a confusion wheel and ( b ) a feature analysis view [ 27 ]. figure 7 : 7 figure 7 : squares, a visual analytics tool that supports performance diagnosis of multi - class figure 8 : 8 figure 8 : interactive training sample selection that enables classifier refinement [ 15 ]. candidate samples are represented by ( a ) circles and ( b",
      "query": "What is the main problem or motivation addressed in this paper?"
    },
    {
      "vector_id": 1218,
      "score": 0.5693967342376709,
      "text": "when comparing different snapshots, one possible solution is to adopt progressive visual analytics [ 40 ] to shorten the period of time between user interactions and the execution of the model. the basic idea of progressive visual analytics is to produce meaningful partial results during the training process and integrating these partial results into an interactive visualization, which allows users to immediately explore the partial results. another challenge is automatically and accurately detecting anomalies in the training process. currently, the training process is sometimes too long ( e. g., more than one week for an expert to supervise the whole training process of a large deep neural network [ 41 ] ). in these scenarios, it is necessary to automatically detect anomalies and timely notify the expert. automatic and accurate identification of anomalies is still a challenging research topic [ 42 ]. thus, it is desirable to employ an interactive visualization, which can better combine the human ability to detect anomalies and the power of machines to process large amounts of data, which has been initially studied in some recent work [ 43, 44 ]. mixed initiative guidance to improve the performance of machine learning models and better incorporate the knowledge of experts, researchers have developed a set of guidance techniques. such efforts have arisen from two main research communities : machine learning and information visualization. from the machine learning community, researchers have developed a wide array of techniques for system initiated guidance [ 45, 46, 47, 48 ], where the system plays a more active role, for example, by making suggestions about appropriate views or next steps in the iterative and progressive analysis process. from the information visualization community, researchers have designed a number of techniques for user initiative guidance [ 14, 30, 33, 34, 49 ], where the user is the active participant in improving and refining the performance and learning results. in many tasks, it is preferable to combine system imitative guidance and user initiative guidance as mixed initiative guidance to maximize the value of both. accordingly, mixed initiative guidance is defined as a type of visual reasoning or feedback process in which the human analyst and the machine learning system can both actively foster the guidance to improve the machine learning model. although mixed initiative guidance is very useful, supporting it is technically demanding. there are two major challenges that we need to address. first, it is not easy to seamlessly integrate system initiative guidance and user initiative guidance in one unified framework. system initiative guidance is usually based on the learning process and the evaluation of the results, while user initiative guidance is typically based on the experience and domain",
      "query": "What method or approach is proposed? Summarize the core idea and components."
    },
    {
      "vector_id": 1216,
      "score": 0.5656121969223022,
      "text": "- supervised formulation of nmf that enables an easy incorporation of user knowledge and an incremental update of the topic model. there are also some refinement tools that aim to help business professionals who are not familiar with complex machine learning models. for example, wang et al. developed a visual analytics system, topicpanorama [ 14, 34 ], to help business professionals analyze and refine a full picture of relevant topics discussed in multiple textual sources. the full picture is generated by matching the topic graphs extracted from different sources with a scalable algorithm to learn correlated topic models [ 36 ]. topicpanorama allows users to identify potentially incorrect matches by examining the uncertainties of the matches. after she unmatched b, she found a was changed to c and b was changed to d, which correctly matched google sport games to yahoo sport games ( fig. 10 ( c ) ). moreover, by incorporating metric learning and feature selection into the graph another example is mutualranker [ 30 ], a visual analytics tool to retrieve salient posts, users, and hashtags. to effectively retrieve salient posts, users and hashtags, they built a mutual reinforcement graph ( mrg ) model [ 37 ] that jointly considers the content quality of posts, the social influence of users, and the popularity of hashtags. they also analyzed the uncertainty in the results. based on the retrieved data and the uncertainty, they developed a composite visualization that visually illustrates the posts, users, hashtags, their relation - 11, where an expert found that the cluster \" nationalparks \" shared the uncertainty propagated from the \" shutdown, \" \" democrats, \" and \" republicans \" cluster. this indicates there is high uncertainty in the ranking scores of the hashtags in the \" nationalparks \" cluster. according to his domain knowledge, the expert increased the ranking scores of \" # nationalparks \" in that cluster and the ranking scores of other relevant hashtags were automatically updated. research opportunities we regard existing methods as an initial step and there are many research opportunities to be further explored and pursued, which will be discussed in the following subsection in terms of technical challenges and future research. creating explainable models although machine learning models are widely used in many applications, they often fail to explain their decisions and actions to users. without a clear understanding, it may be hard for users to incorporate their knowledge into the learning process and achieve a better learning performance ( e. g., prediction accuracy ). as a result,",
      "query": "What method or approach is proposed? Summarize the core idea and components."
    },
    {
      "vector_id": 1210,
      "score": 0.6640706062316895,
      "text": "introduction machine learning has been successfully applied to a wide variety of fields ranging from information retrieval, data mining, and speech recognition, to computer graphics, visualization, and human - computer interaction. however, most users often treat a machine learning model as a black box because of its incomprehensible functions and unclear working mechanism [ 1, 2, 3 ]. without a clear understanding of how and why a model works, the development of highperformance models typically relies on a time - consuming trial - and - error pro - $ fully documented templates are available in the elsarticle package on ctan. preprint submitted to journal of l a t e x templates february 7, 2017 arxiv : 1702. 01226v1 [ cs. lg ] 4 feb 2017 cess. as a result, academic researchers and industrial practitioners are facing challenges that demand more transparent and explainable systems for better understanding and analyzing machine learning models, especially their inner working mechanisms. to tackle the aforementioned challenges, there are some initial efforts on interactive model analysis. these efforts have shown that interactive visualization plays a critical role in understanding and analyzing a variety of machine learning models. recently, darpa i2o released explainable artificial intelligence ( xai ) [ 4 ] to encourage research on this topic. the main goal of xai is to create a suite of machine learning techniques that produce explainable models to enable users to understand, trust, and manage the emerging generation of artificial intelligence ( ai ) systems. in this paper, we first provide an overview of interactive model analysis. then we summarize recent interactive model analysis techniques based on their target tasks ( such as understanding how a classifier works ) [ 5 ]. research opportunities and future directions are discussed for developing new interactive model analysis techniques and systems. scope and overview we are focused on research and application problems within the context of machine learning. fig. 1 illustrates a typical machine learning pipeline, from which we first obtain data. then we extract features that are usable as input to a machine learning model. next, the model is trained, tested, and gradually refined based on the evaluation results and experience of machine learning experts, a process that is both time consuming and uncertain in building a reliable model. in addition to an explosion of research on better understanding of learning results [ 6, 7, 8, 9, 10, 11, 12, 13, 14 ], researchers have paid increasing attention to leveraging interactive visualizations to better understand and iteratively improve a machine learning model.",
      "query": "What experiments or evaluation setup are used (datasets, tasks, metrics)?"
    },
    {
      "vector_id": 1222,
      "score": 0.6304546594619751,
      "text": "##inement of uncertain results.",
      "query": "What are the main results or findings? Include numeric results only if present."
    },
    {
      "vector_id": 1221,
      "score": 0.5480280518531799,
      "text": "model performance with ( a ) a confusion wheel and ( b ) a feature analysis view [ 27 ]. figure 7 : 7 figure 7 : squares, a visual analytics tool that supports performance diagnosis of multi - class figure 8 : 8 figure 8 : interactive training sample selection that enables classifier refinement [ 15 ]. candidate samples are represented by ( a ) circles and ( b ) images. these techniques allow users to insert their knowledge by controlling factors that significantly affect classification results. commonly considered factors include training samples, features, types of classifiers, and parameters used in training. for example, the technique developed by paiva et al. [ 15 ] allows users to interactively select training samples, modify their labels, incrementally update the model, and rebuild the model by using new classes. fig. 8 shows how this technique supports informed training sample selection. figure 9 : 9 figure 9 : utopian [ 33 ], a visual analytics system for interactive refinement of topic models. fig. 10 ( 10 fig. 10 ( a ) shows a full picture of the topics related to three it companies : google, microsoft, and yahoo. here, the topic nodes of different companies ( sources ) are represented with different colors and the common topics are encoded in a pie chart. a public relations manager cared about game related topics, so she enabled the uncertainty glyphs ( fig. 10 ( d ) ) to examine potential incorrect matches. after some exploration, she identified two incorrect matches, a and b, that match microsoft xbox games to yahoo sport games ( fig. 10 ( b ) ). figure 10 : 10 figure 10 : topicpanorama [ 14 ], a visual analytics system for analyzing a full picture of relevant topics from multiple sources : ( a ) panorama visualization, ( b ) a matching result with two incorrect matches a and b, ( c ) the updated matching result with corrected matches c and d, and ( d ) an uncertainty glyph. figure 11 : 11 figure 11 : mutualranker [ 30 ], a visual analytics toolkit to retrieve salient posts, users, and hashtags. mutualranker enables interactive refinement of uncertain results.",
      "query": "What are the main results or findings? Include numeric results only if present."
    },
    {
      "vector_id": 1212,
      "score": 0.5706398487091064,
      "text": "##ne [ 22 ]. point - based techniques facilitate the confirmation of hypothesis on neural networks and the identification of previously unknown relationships between neural network components [ 20 ]. for example, an image of digit 3 is misclassified because it is very similar to some images of digit 5. although point - based techniques are useful for presenting the relationships between a large number of neural network components, they cannot reveal the topological information of the networks. as a result, they fail to provide a comprehensive understanding of the roles of different neurons in different layers and the interactions between them. network - based techniques [ 23, 24, 25 ] solve this problem by displaying the network topology. these techniques usually repre - sent a neural network as a directed acyclic graph ( dag ) and encode important information from the network by the size, color, and glyphs of the nodes or edges in the dag. fig. 4 shows the visualization generated by a pioneer network - based technique [ 17 ]. this figure presents a neural network trained to classify whether a voxel within the head belongs to the brain or not. here, each voxel is represented by its scalar value s, gradient magnitude g, scalar values of its neighbors n, and its position p. the width of each edge encodes the importance of the corresponding connection. the nodes in the input and output layers are colored based on their output values. the color of the node in the output layer indicates that the neural network is able to correctly classify the voxel on the left to non - brain materials ( low output value ) and the voxel on the right to brain materials ( high output value ). the network topologies in fig. 4 ( a ) and fig. 4 ( c ) demonstrate that the voxel on the left is classified to non - brain materials mainly because of its position, while the voxel on the right needs all inputs except for the gradient magnitude g to be correctly classified to brain materials. several dozens of neurons. however, as the number of neurons and connections increase, the visualization may become cluttered and difficult to understand [ 17 ]. the aforementioned technique can effectively visualize neural networks with to solve this problem, liu et al. [ 2 ] developed cnnvis, a visual analytics system that helps machine learning experts understand and diagnose deep convolutional neural networks ( cnns ) with thousands of neurons and millions of connections ( fig. 5 ). to display large cnns, the layers and neurons are clustered. a representative layer",
      "query": "What are the key contributions and significance of this work?"
    }
  ],
  "rag_by_query": {
    "What is the main problem or motivation addressed in this paper?": [
      {
        "vector_id": 1217,
        "score": 0.5600839853286743,
        "text": "##section in terms of technical challenges and future research. creating explainable models although machine learning models are widely used in many applications, they often fail to explain their decisions and actions to users. without a clear understanding, it may be hard for users to incorporate their knowledge into the learning process and achieve a better learning performance ( e. g., prediction accuracy ). as a result, it is desirable to develop more explainable machine learning models, which have the ability to explain their rationale and convey an understanding of how they behave in the learning process. the key challenge here is to design an explanation mechanism that is tightly integrated into the machine learning model. accordingly, one interesting future work is to discover which part ( s ) in the model structure explains its different functions and play a major role in the performance improvement or decline of each iteration. another interesting venue for future work is to better illustrate the rationale behind the model and the decisions made. recently, there have been some initial efforts in this direction [ 38, 39 ]. for example, lake et al. [ 39 ] developed a probabilistic program induction algorithm. they built simple stochastic programs to represent concepts, building them compositionally from parts, subparts, and spatial relations. they also demonstrated that their algorithm achieved human - level performance on a one - shot classification task, while outperforming recent deep learning approaches. however, for the tasks that have abundant training data, such as object and speech recognition, the less explainable deep learning still outperforms the algorithm. thus, there is still a long way to go for researchers to develop more explainable models for these tasks. analysis of online training process most of the existing methods focus on analyzing the final results [ 28 ] or one snapshot [ 2 ] of the model in the interactive training process. in many cases, only analyzing the results or a single snapshot is not enough to understand why a training process did not achieve a desirable performance. thus, it is necessary to analyze the online training process. one challenge in analyzing the online training process is the difficulty of selecting and comparing representative snapshots from a large number of snapshots. when comparing different snapshots, one possible solution is to adopt progressive visual analytics [ 40 ] to shorten the period of time between user interactions and the execution of the model. the basic idea of progressive visual analytics is to produce meaningful partial results during the training process and integrating these partial results into an interactive visualization, which allows users to immediately explore the partial results. another challenge"
      },
      {
        "vector_id": 1220,
        "score": 0.5599988102912903,
        "text": "experts quickly identify the potential issues in a machine learning model of interest. second, it is challenging to model different types of uncertainties as well as their interactions by using a unified framework. during the interactive model analysis process, there are uncertainties that originate from the machine side ( e. g., imperfect machine learning models ) and uncertainties that originate from the human side ( e. g., incorrect expert feedback ). these two kinds of uncertainties will interact with and influence each other. for example, if the system presents misleading information to the experts, they may return incorrect feedback that results in problematic modification of the model. another example is figure 1 : 1 figure 1 : a pipeline of machine learning. figure 2 : 2 figure 2 : an overview of interactive model analysis. figure 3 : 3 figure 3 : comparison of test sample representations ( a ) before and ( b ) after training [ 20 ]. fig. 3 3 fig. 3 shows a point - based visualization developed by rauber et al. [ 20 ]. in this figure, each point denotes the learned representation of a test sample. the color of each point encodes the class label of each test sample. as shown in the figure, after training, the visual separation between classes is significantly improved. this observation provides evidence for the hypothesis that neural networks learn to detect representations that are useful for class discrimination. fig. 3 ( 3 fig. 3 ( b ) also helps with the understanding of misclassified samples, which are marked by triangle glyphs. the figure illustrates that many misclassified samples are visual outliers whose neighbors have different classes. also, many outliers correspond to test samples that are difficult for even humans to classify. figure 4 : 4 figure 4 : topology of a neural network trained to classify brain and non - brain materials [ 17 ]. ffigure 5 : 5 figure 5 : cnnvis, a visual analytics approach to understanding and diagnosing deep convolutional neural networks ( cnns ) [ 2 ] with a large number of neurons and connections. figure 6 : 6 figure 6 : a visual analytics tool that helps machine learning experts diagnose model performance with ( a ) a confusion wheel and ( b ) a feature analysis view [ 27 ]. figure 7 : 7 figure 7 : squares, a visual analytics tool that supports performance diagnosis of multi - class figure 8 : 8 figure 8 : interactive training sample selection that enables classifier refinement [ 15 ]. candidate samples are represented by ( a ) circles and ( b"
      }
    ],
    "What method or approach is proposed? Summarize the core idea and components.": [
      {
        "vector_id": 1218,
        "score": 0.5693967342376709,
        "text": "when comparing different snapshots, one possible solution is to adopt progressive visual analytics [ 40 ] to shorten the period of time between user interactions and the execution of the model. the basic idea of progressive visual analytics is to produce meaningful partial results during the training process and integrating these partial results into an interactive visualization, which allows users to immediately explore the partial results. another challenge is automatically and accurately detecting anomalies in the training process. currently, the training process is sometimes too long ( e. g., more than one week for an expert to supervise the whole training process of a large deep neural network [ 41 ] ). in these scenarios, it is necessary to automatically detect anomalies and timely notify the expert. automatic and accurate identification of anomalies is still a challenging research topic [ 42 ]. thus, it is desirable to employ an interactive visualization, which can better combine the human ability to detect anomalies and the power of machines to process large amounts of data, which has been initially studied in some recent work [ 43, 44 ]. mixed initiative guidance to improve the performance of machine learning models and better incorporate the knowledge of experts, researchers have developed a set of guidance techniques. such efforts have arisen from two main research communities : machine learning and information visualization. from the machine learning community, researchers have developed a wide array of techniques for system initiated guidance [ 45, 46, 47, 48 ], where the system plays a more active role, for example, by making suggestions about appropriate views or next steps in the iterative and progressive analysis process. from the information visualization community, researchers have designed a number of techniques for user initiative guidance [ 14, 30, 33, 34, 49 ], where the user is the active participant in improving and refining the performance and learning results. in many tasks, it is preferable to combine system imitative guidance and user initiative guidance as mixed initiative guidance to maximize the value of both. accordingly, mixed initiative guidance is defined as a type of visual reasoning or feedback process in which the human analyst and the machine learning system can both actively foster the guidance to improve the machine learning model. although mixed initiative guidance is very useful, supporting it is technically demanding. there are two major challenges that we need to address. first, it is not easy to seamlessly integrate system initiative guidance and user initiative guidance in one unified framework. system initiative guidance is usually based on the learning process and the evaluation of the results, while user initiative guidance is typically based on the experience and domain"
      },
      {
        "vector_id": 1216,
        "score": 0.5656121969223022,
        "text": "- supervised formulation of nmf that enables an easy incorporation of user knowledge and an incremental update of the topic model. there are also some refinement tools that aim to help business professionals who are not familiar with complex machine learning models. for example, wang et al. developed a visual analytics system, topicpanorama [ 14, 34 ], to help business professionals analyze and refine a full picture of relevant topics discussed in multiple textual sources. the full picture is generated by matching the topic graphs extracted from different sources with a scalable algorithm to learn correlated topic models [ 36 ]. topicpanorama allows users to identify potentially incorrect matches by examining the uncertainties of the matches. after she unmatched b, she found a was changed to c and b was changed to d, which correctly matched google sport games to yahoo sport games ( fig. 10 ( c ) ). moreover, by incorporating metric learning and feature selection into the graph another example is mutualranker [ 30 ], a visual analytics tool to retrieve salient posts, users, and hashtags. to effectively retrieve salient posts, users and hashtags, they built a mutual reinforcement graph ( mrg ) model [ 37 ] that jointly considers the content quality of posts, the social influence of users, and the popularity of hashtags. they also analyzed the uncertainty in the results. based on the retrieved data and the uncertainty, they developed a composite visualization that visually illustrates the posts, users, hashtags, their relation - 11, where an expert found that the cluster \" nationalparks \" shared the uncertainty propagated from the \" shutdown, \" \" democrats, \" and \" republicans \" cluster. this indicates there is high uncertainty in the ranking scores of the hashtags in the \" nationalparks \" cluster. according to his domain knowledge, the expert increased the ranking scores of \" # nationalparks \" in that cluster and the ranking scores of other relevant hashtags were automatically updated. research opportunities we regard existing methods as an initial step and there are many research opportunities to be further explored and pursued, which will be discussed in the following subsection in terms of technical challenges and future research. creating explainable models although machine learning models are widely used in many applications, they often fail to explain their decisions and actions to users. without a clear understanding, it may be hard for users to incorporate their knowledge into the learning process and achieve a better learning performance ( e. g., prediction accuracy ). as a result,"
      }
    ],
    "What experiments or evaluation setup are used (datasets, tasks, metrics)?": [
      {
        "vector_id": 1210,
        "score": 0.6640706062316895,
        "text": "introduction machine learning has been successfully applied to a wide variety of fields ranging from information retrieval, data mining, and speech recognition, to computer graphics, visualization, and human - computer interaction. however, most users often treat a machine learning model as a black box because of its incomprehensible functions and unclear working mechanism [ 1, 2, 3 ]. without a clear understanding of how and why a model works, the development of highperformance models typically relies on a time - consuming trial - and - error pro - $ fully documented templates are available in the elsarticle package on ctan. preprint submitted to journal of l a t e x templates february 7, 2017 arxiv : 1702. 01226v1 [ cs. lg ] 4 feb 2017 cess. as a result, academic researchers and industrial practitioners are facing challenges that demand more transparent and explainable systems for better understanding and analyzing machine learning models, especially their inner working mechanisms. to tackle the aforementioned challenges, there are some initial efforts on interactive model analysis. these efforts have shown that interactive visualization plays a critical role in understanding and analyzing a variety of machine learning models. recently, darpa i2o released explainable artificial intelligence ( xai ) [ 4 ] to encourage research on this topic. the main goal of xai is to create a suite of machine learning techniques that produce explainable models to enable users to understand, trust, and manage the emerging generation of artificial intelligence ( ai ) systems. in this paper, we first provide an overview of interactive model analysis. then we summarize recent interactive model analysis techniques based on their target tasks ( such as understanding how a classifier works ) [ 5 ]. research opportunities and future directions are discussed for developing new interactive model analysis techniques and systems. scope and overview we are focused on research and application problems within the context of machine learning. fig. 1 illustrates a typical machine learning pipeline, from which we first obtain data. then we extract features that are usable as input to a machine learning model. next, the model is trained, tested, and gradually refined based on the evaluation results and experience of machine learning experts, a process that is both time consuming and uncertain in building a reliable model. in addition to an explosion of research on better understanding of learning results [ 6, 7, 8, 9, 10, 11, 12, 13, 14 ], researchers have paid increasing attention to leveraging interactive visualizations to better understand and iteratively improve a machine learning model."
      }
    ],
    "What are the main results or findings? Include numeric results only if present.": [
      {
        "vector_id": 1222,
        "score": 0.6304546594619751,
        "text": "##inement of uncertain results."
      },
      {
        "vector_id": 1221,
        "score": 0.5480280518531799,
        "text": "model performance with ( a ) a confusion wheel and ( b ) a feature analysis view [ 27 ]. figure 7 : 7 figure 7 : squares, a visual analytics tool that supports performance diagnosis of multi - class figure 8 : 8 figure 8 : interactive training sample selection that enables classifier refinement [ 15 ]. candidate samples are represented by ( a ) circles and ( b ) images. these techniques allow users to insert their knowledge by controlling factors that significantly affect classification results. commonly considered factors include training samples, features, types of classifiers, and parameters used in training. for example, the technique developed by paiva et al. [ 15 ] allows users to interactively select training samples, modify their labels, incrementally update the model, and rebuild the model by using new classes. fig. 8 shows how this technique supports informed training sample selection. figure 9 : 9 figure 9 : utopian [ 33 ], a visual analytics system for interactive refinement of topic models. fig. 10 ( 10 fig. 10 ( a ) shows a full picture of the topics related to three it companies : google, microsoft, and yahoo. here, the topic nodes of different companies ( sources ) are represented with different colors and the common topics are encoded in a pie chart. a public relations manager cared about game related topics, so she enabled the uncertainty glyphs ( fig. 10 ( d ) ) to examine potential incorrect matches. after some exploration, she identified two incorrect matches, a and b, that match microsoft xbox games to yahoo sport games ( fig. 10 ( b ) ). figure 10 : 10 figure 10 : topicpanorama [ 14 ], a visual analytics system for analyzing a full picture of relevant topics from multiple sources : ( a ) panorama visualization, ( b ) a matching result with two incorrect matches a and b, ( c ) the updated matching result with corrected matches c and d, and ( d ) an uncertainty glyph. figure 11 : 11 figure 11 : mutualranker [ 30 ], a visual analytics toolkit to retrieve salient posts, users, and hashtags. mutualranker enables interactive refinement of uncertain results."
      }
    ],
    "What are the key contributions and significance of this work?": [
      {
        "vector_id": 1212,
        "score": 0.5706398487091064,
        "text": "##ne [ 22 ]. point - based techniques facilitate the confirmation of hypothesis on neural networks and the identification of previously unknown relationships between neural network components [ 20 ]. for example, an image of digit 3 is misclassified because it is very similar to some images of digit 5. although point - based techniques are useful for presenting the relationships between a large number of neural network components, they cannot reveal the topological information of the networks. as a result, they fail to provide a comprehensive understanding of the roles of different neurons in different layers and the interactions between them. network - based techniques [ 23, 24, 25 ] solve this problem by displaying the network topology. these techniques usually repre - sent a neural network as a directed acyclic graph ( dag ) and encode important information from the network by the size, color, and glyphs of the nodes or edges in the dag. fig. 4 shows the visualization generated by a pioneer network - based technique [ 17 ]. this figure presents a neural network trained to classify whether a voxel within the head belongs to the brain or not. here, each voxel is represented by its scalar value s, gradient magnitude g, scalar values of its neighbors n, and its position p. the width of each edge encodes the importance of the corresponding connection. the nodes in the input and output layers are colored based on their output values. the color of the node in the output layer indicates that the neural network is able to correctly classify the voxel on the left to non - brain materials ( low output value ) and the voxel on the right to brain materials ( high output value ). the network topologies in fig. 4 ( a ) and fig. 4 ( c ) demonstrate that the voxel on the left is classified to non - brain materials mainly because of its position, while the voxel on the right needs all inputs except for the gradient magnitude g to be correctly classified to brain materials. several dozens of neurons. however, as the number of neurons and connections increase, the visualization may become cluttered and difficult to understand [ 17 ]. the aforementioned technique can effectively visualize neural networks with to solve this problem, liu et al. [ 2 ] developed cnnvis, a visual analytics system that helps machine learning experts understand and diagnose deep convolutional neural networks ( cnns ) with thousands of neurons and millions of connections ( fig. 5 ). to display large cnns, the layers and neurons are clustered. a representative layer"
      }
    ]
  },
  "rag_prompt": "You are writing an academic abstract using the provided context.\nKeyword: visual_understanding\n\nContext:\n[Chunk 1] ##section in terms of technical challenges and future research. creating explainable models although machine learning models are widely used in many applications, they often fail to explain their decisions and actions to users. without a clear understanding, it may be hard for users to incorporate their knowledge into the learning process and achieve a better learning performance ( e. g., prediction accuracy ). as a result, it is desirable to develop more explainable machine learning models, which have the ability to explain their rationale and convey an understanding of how they behave in the learning process. the key challenge here is to design an explanation mechanism that is tightly integrated into the machine learning model. accordingly, one interesting future work is to discover which part ( s ) in the model structure explains its different functions and play a major role in the performance improvement or decline of each iteration. another interesting venue for future work is to better illustrate the rationale behind the model and the decisions made. recently, there have been some initial efforts in this direction [ 38, 39 ]. for example, lake et al. [ 39 ] developed a probabilistic program induction algorithm. they built simple stochastic programs to represent concepts, building them compositionally from parts, subparts, and spatial relations. they also demonstrated that their algorithm achieved human - level performance on a one - shot classification task, while outperforming recent deep learning approaches. however, for the tasks that have abundant training data, such as object and speech recognition, the less explainable deep learning still outperforms the algorithm. thus, there is still a long way to go for researchers to develop more explainable models for these tasks. analysis of online training process most of the existing methods focus on analyzing the final results [ 28 ] or one snapshot [ 2 ] of the model in the interactive training process. in many cases, only analyzing the results or a single snapshot is not enough to understand why a training process did not achieve a desirable performance. thus, it is necessary to analyze the online training process. one challenge in analyzing the online training process is the difficulty of selecting and comparing representative snapshots from a large number of snapshots. when comparing different snapshots, one possible solution is to adopt progressive visual analytics [ 40 ] to shorten the period of time between user interactions and the execution of the model. the basic idea of progressive visual analytics is to produce meaningful partial results during the training process and integrating these partial results into an interactive visualization, which allows users to immediately explore the partial results. another challenge\n\n[Chunk 2] experts quickly identify the potential issues in a machine learning model of interest. second, it is challenging to model different types of uncertainties as well as their interactions by using a unified framework. during the interactive model analysis process, there are uncertainties that originate from the machine side ( e. g., imperfect machine learning models ) and uncertainties that originate from the human side ( e. g., incorrect expert feedback ). these two kinds of uncertainties will interact with and influence each other. for example, if the system presents misleading information to the experts, they may return incorrect feedback that results in problematic modification of the model. another example is figure 1 : 1 figure 1 : a pipeline of machine learning. figure 2 : 2 figure 2 : an overview of interactive model analysis. figure 3 : 3 figure 3 : comparison of test sample representations ( a ) before and ( b ) after training [ 20 ]. fig. 3 3 fig. 3 shows a point - based visualization developed by rauber et al. [ 20 ]. in this figure, each point denotes the learned representation of a test sample. the color of each point encodes the class label of each test sample. as shown in the figure, after training, the visual separation between classes is significantly improved. this observation provides evidence for the hypothesis that neural networks learn to detect representations that are useful for class discrimination. fig. 3 ( 3 fig. 3 ( b ) also helps with the understanding of misclassified samples, which are marked by triangle glyphs. the figure illustrates that many misclassified samples are visual outliers whose neighbors have different classes. also, many outliers correspond to test samples that are difficult for even humans to classify. figure 4 : 4 figure 4 : topology of a neural network trained to classify brain and non - brain materials [ 17 ]. ffigure 5 : 5 figure 5 : cnnvis, a visual analytics approach to understanding and diagnosing deep convolutional neural networks ( cnns ) [ 2 ] with a large number of neurons and connections. figure 6 : 6 figure 6 : a visual analytics tool that helps machine learning experts diagnose model performance with ( a ) a confusion wheel and ( b ) a feature analysis view [ 27 ]. figure 7 : 7 figure 7 : squares, a visual analytics tool that supports performance diagnosis of multi - class figure 8 : 8 figure 8 : interactive training sample selection that enables classifier refinement [ 15 ]. candidate samples are represented by ( a ) circles and ( b\n\nConstraints: Use only the context. Do not invent datasets, baselines, or numerical results.\nIf results are not stated, describe them generally.\n\nWrite a concise abstract (150-250 words).",
  "rag_output": "Machine learning models have become ubiquitous in various applications, but their lack of explainability hinders users from understanding their decision-making processes. This gap in transparency is particularly evident in complex tasks like object recognition and speech processing, where deep learning models outperform probabilistic program induction algorithms. To address this challenge, researchers must develop more explainable models that can convey their rationale and behavior.\nOne promising approach is to analyze the online training process, which involves examining the intermediate results and snapshots of the model. However, this requires the ability to select and compare representative snapshots, a task that can be facilitated by progressive visual analytics. This technique produces meaningful partial results during training, allowing users to explore the model's behavior in real-time.\nMoreover, interactive model analysis is crucial for identifying potential issues in machine learning models. However, it is challenging to model different types of uncertainties, including those originating from the machine and human sides, within a unified framework. To overcome these challenges, researchers must develop novel methods for explanation, visualization, and analysis of machine learning models, ultimately enhancing visual understanding and facilitating better learning performance.",
  "metrics": {
    "hwt": {
      "llama": {
        "perplexity": 11.900286792057758,
        "burstness": 2.501953125,
        "curvature": 0.2781250000000002
      },
      "gpt2": {
        "perplexity": 17.587483776585056,
        "burstness": 2.587890625,
        "curvature": 0.3031250000000001
      }
    },
    "only_llm": {
      "llama": {
        "perplexity": 3.52459531352531,
        "burstness": 1.845703125,
        "curvature": 0.2488769531249999
      },
      "gpt2": {
        "perplexity": 10.079935612761957,
        "burstness": 2.388671875,
        "curvature": 0.2869140625000002
      }
    },
    "rag": {
      "llama": {
        "perplexity": 10.33914833878563,
        "burstness": 2.52734375,
        "curvature": 0.15156249999999982
      },
      "gpt2": {
        "perplexity": 18.576084986220376,
        "burstness": 2.455078125,
        "curvature": 0.20283203124999982
      }
    }
  }
}