{
  "paper_id": "1705.01968v3",
  "keyword": "visual_understanding",
  "source_path": "papers/outputs/visual_understanding/1705.01968v3.json",
  "abstract_hwt": "Human-in-the-loop data analysis applications necessitate greater transparency in machine learning models for experts to understand and trust their decisions. To this end, we propose a visual analytics workflow to help data scientists and domain experts explore, diagnose, and understand the decisions made by a binary classifier. The approach leverages \"instance-level explanations\", measures of local feature relevance that explain single instances, and uses them to build a set of visual representations that guide the users in their investigation. The workflow is based on three main visual representations and steps: one based on aggregate statistics to see how data distributes across correct / incorrect decisions; one based on explanations to understand which features are used to make these decisions; and one based on raw data, to derive insights on potential root causes for the observed patterns. The workflow is derived from a long-term collaboration with a group of machine learning and healthcare professionals who used our method to make sense of machine learning models they developed. The case study from this collaboration demonstrates that the proposed workflow helps experts derive useful knowledge about the model and the phenomena it describes, thus experts can generate useful hypotheses on how a model can be improved.",
  "abstract_only_llm": "Diagnosing and validating binary classifiers is a crucial yet challenging task in machine learning, often requiring domain expertise and extensive computational resources. In this paper, we propose an innovative approach to facilitate the understanding of binary classifier decisions through a hybrid methodology combining automated and interactive techniques. Our approach provides a visual user interface that enables data scientists and domain experts to explore and validate the performance of binary classifiers in an intuitive and efficient manner.\nThe proposed workflow guides the user through a series of interactive steps, starting with model selection and parameter tuning, followed by the analysis of classification decisions, and culminating in the identification of potential areas for improvement. The visual interface provides a clear and concise representation of the model's performance, highlighting correct and incorrect decisions, as well as the underlying features that contribute to these outcomes. By leveraging the strengths of both automated and interactive methods, our approach empowers users to develop a deeper visual understanding of binary classifier decisions, ultimately leading to more accurate and reliable models.",
  "abstract_rag": "This work explores the limitations of machine learning models in complex problem domains and proposes a visual analytics approach to support expert judgment. Our research reveals that issues in model analysis often require a major redesign of the feature space and careful analysis of biases in the data, rather than simply training a better model. We argue that visual analytics can play a crucial role in addressing these challenges by enabling analysts to explore alternative data and feature spaces. Our proposed workflow consists of explanation generation and visual mapping, which provide diagnostic insights about the input data and model structure. The workflow is designed to be an extension of existing model building workflows, without requiring substantial modifications to the existing infrastructure. By providing a visual validation system separate from the modeling pipeline, our approach supports domain experts in rethinking the approach to machine learning problems. The outcome-level interface of our workflow enables users to analyze model decisions at different levels of granularity, addressing user goals such as understanding data distribution across prediction scores and outcomes. Our work highlights the importance of visual analytics in supporting expert judgment and domain knowledge in machine learning.",
  "only_llm_summary": "Introduction In this paper we propose an interactive workflow and a visual user interface to help data scientists and domain experts diagnose and validate binary classifiers. The approach we suggest is based on a mix of automated and interactive methods that guide the user towards understanding what decisions a model makes, which ones are correct or incorrect, and potential strategies to improve them.",
  "only_llm_body": "Introduction In this paper we propose an interactive workflow and a visual user interface to help data scientists and domain experts diagnose and validate binary classifiers. The approach we suggest is based on a mix of automated and interactive methods that guide the user towards understanding what decisions a model makes, which ones are correct or incorrect, and potential strategies to improve them. Being able to explore the decisions a model makes and identifying potential issues is crucial in application areas where experts need to get a sense of how the model works and build trust in its decisions. While common practice in much of the machine learning endeavors is to focus on model accuracy, many researchers have voiced the need for more transparency when the application domain requires it [4, 8, 12, 22, 23, 31] . A recent DARPA (Defense Advanced Research Projects Agency) program called \"Explainable AI (XAI)\", for example, calls for more research in this area and declares, as the main motivation for the program that \"the effectiveness of these systems is limited by the machines current inability to explain their decisions and actions to human users\" and that \"it is essential to understand, appropriately trust, and effectively manage an emerging generation of artificially intelligent machine partners\". In addition to evaluating a model in terms of accuracy, we propose the idea of semantic validation, the need for domain experts to verify that the decisions a model makes a\n\n -1 e + N -1 e + P -1 t + N -1 t where P and N are the actual number of positive and negative items in the explanation subset e and the remaining data t. An odds ratio larger than one indicates that the explained subset is significantly positive with respect to the rest of the current data items. Likewise, a value smaller than one indicates that it is significantly negative. However, if the confidence interval crosses one the subset is not significantly different. To highlight this important special case the odds ratio and the whiskers are drawn in red in this case. At the right end of each row is a button (Figure 3I ) to inspect the explained subset more closely in the Item Level Inspector as described in Section 5.3. Statistics about explained items Explanations The rows shown by the Explanation Explorer can be reordered as well as filtered. As shown in Figure 3 , the panel features various controls on the left hand side to accomplish those operations . Filtering works by first selec\n\n sizes after filter steps are applied. The \"+\" creates a new filter according to the current selection of explanations. Explanations can be selected satisfying a condition (C) or by searching for features in the search box (A). The sort order of explanations is defined by the list at the bottom (D). Inspection of \"Diatrizoate Meglumine\" and (b) \"Sodium Chloride\". FrequencyFigure 4 : 4 Figure 4: The Item Level Inspector showing a matrix of data items as rows and features as columns for the explanations Diatrizoate Meglumine and Sodium Chloride in the initial data set of the case study (Section 6). Rows group identical instances together and show the count on the left side. Features are sorted by \"relative feature importance\" showing from left to right how labels can be separated. (a) Ordered by \"total\" size showing the most common explanations. (b) Ordered by \"odds ratio\" showing significantly positive explanations. (c) Ordered by reverse \"odds ratio\" showing significantly negative explanations. (d) Ordered by \"uncertainty\" showing item subsets whose predictions are not significant. Figure 5 : 5 Figure 5: Showing different orders in the Explanation Explorer for addressing the goals (G2 & G3) in the case study (Section 6). The initial dataset is filtered for explanations with > 20 data items. https://github.com/nyuvis/explanation explorer Including other information, such as, mode of arrival, gender, or age, might improve accuracy but would not solve the issues mentioned ab",
  "only_llm_prompt": "You are writing an academic abstract.\nKeyword: visual_understanding\nBrief summary (2 sentences): Introduction In this paper we propose an interactive workflow and a visual user interface to help data scientists and domain experts diagnose and validate binary classifiers. The approach we suggest is based on a mix of automated and interactive methods that guide the user towards understanding what decisions a model makes, which ones are correct or incorrect, and potential strategies to improve them.\nConstraints: Do not invent datasets, baselines, or numerical results.\nIf results are not stated, describe them generally.\n\nWrite a concise abstract (150-250 words).",
  "only_llm_output": "Diagnosing and validating binary classifiers is a crucial yet challenging task in machine learning, often requiring domain expertise and extensive computational resources. In this paper, we propose an innovative approach to facilitate the understanding of binary classifier decisions through a hybrid methodology combining automated and interactive techniques. Our approach provides a visual user interface that enables data scientists and domain experts to explore and validate the performance of binary classifiers in an intuitive and efficient manner.\nThe proposed workflow guides the user through a series of interactive steps, starting with model selection and parameter tuning, followed by the analysis of classification decisions, and culminating in the identification of potential areas for improvement. The visual interface provides a clear and concise representation of the model's performance, highlighting correct and incorrect decisions, as well as the underlying features that contribute to these outcomes. By leveraging the strengths of both automated and interactive methods, our approach empowers users to develop a deeper visual understanding of binary classifier decisions, ultimately leading to more accurate and reliable models.",
  "rag_queries": [
    "What is the main problem or motivation addressed in this paper?",
    "What method or approach is proposed? Summarize the core idea and components.",
    "What experiments or evaluation setup are used (datasets, tasks, metrics)?",
    "What are the main results or findings? Include numeric results only if present.",
    "What are the key contributions and significance of this work?"
  ],
  "rag_chunks": [
    {
      "vector_id": 1304,
      "score": 0.5669934749603271,
      "text": "of cases the experts are most certain about. one possible outcome is also deciding that the problem is simply too complex and that expert judgment is, at the current stage, preferable. from the experience we gained in this project we drew a number of important lessons, which we outline below. lessons learned. in our work we noticed that many of the issues we spot in our analysis cannot be corrected simply by training a better model with the same data, but need some major redesign of the feature space and a careful analysis of the biases contained in the data. in turn, while diagnosing one or more models built on one data set and set of features can bring useful knowledge, ultimately solutions often have to come from better data engineering. we believe visual analytics can and should play a major role in this ( a ) the second dataset without diagnoses ordered by \" total \" size. ( b ) the second dataset using diagnoses ordered by \" odds ratio \". figure 6 : showing the second dataset of the case study ( section 6 ) with and without using diagnoses features in the explanation explorer. regards and find ways to support analysts explore alternative data and feature spaces. this is even more relevant when we observe that visual analytics systems and research tends to focus on one single data set and one single set of features. focusing on supporting external changes of data and models offers many challenges and opportunities for visual analytics. another important observation pertains to the practical value of developing a visual validation system separated from and not interfering with the existing modeling pipeline. from figure 1 it may seem natural to envision visual analytics methods able to support the user in closing the loop and apply direct modifications to the model in order to improve it. this is the type of solution advocated by the interactive machine - learning paradigm [ 2 ], in which the user can directly instruct the model on how to improve its decisions. however, through our collaboration, we realized that modelers and experts often have very specific tools they use for model development and refinement and it is often hard to intervene on their familiar processes and infrastructure. a much more viable solution is to develop a methodology that does not require a substantial modification of their existing workflow and infrastructure. we also observe that while this type of paradigm is useful to provide better examples to the model, it cannot solve the data acquisition shortcomings we have outlined above. fixing these problems requires domain experts to rethink the whole approach of the stated machine learning problem. for example, improving the input data might require to",
      "query": "What is the main problem or motivation addressed in this paper?"
    },
    {
      "vector_id": 1286,
      "score": 0.5642039775848389,
      "text": "whether the model parameters should be tuned or a better set of features should be derived. in this work we do not provide specific support for the actual parameter tuning or data processing steps necessary to improve the model. the black - box nature of our approach is illustrated in figure 1, which shows that the model diagnostic workflow is an extension of ( and not a part of ) the existing model building workflows that data scientists follow as part of their routine. modelers have specific ways and tools to perform these steps and intervening on their established practices is out of the scope of this work. rather, in this work we focus on providing support for the diagnostic part experts may want to execute at the end of each modeling round and which is currently not well supported by existing tools and practices. the diagnostic insights produced by our workflow provides hints about whether the input data or the model structure needs to be changed for improving the prediction quality. workflow the workflow we propose results from two pre - processing operations : explanation generation and visual mapping. explanation generation takes as an input a data set and a trained binary classifier and creates for each instance in the data set an explanation. an explanation is a description of the logic ( or rule ) the classifier uses to assign a given label to the instance. for this purpose, we leverage a method developed by martens and provost [ 23 ], which computes, for a given instance which features need to be \" removed \" in order to change the classification outcome. for instance, in a text classification problem, an explanation for a document consists of the words that need to be removed in order to change the label originally assigned by the classifier. in section 4 we describe in more detail how the explanation method works. visual mapping takes as an input the data set and the set of explanations, and builds a set of interactive visualizations ( figure 1 ) that support the user goals we outlined above. the interactive workflow revolves around three main linked interfaces ; each one supporting the analysis of model decisions at different levels of granularity and addressing the user goals. outcome - level. the first step focuses on overall accuracy of the model, using a representation similar to a confusion matrix. the main goal of this step is to get a sense of how data distributes across the prediction score computed by the classifier ( typically a score between [ 0, 1 ] ), and the four possible outcomes : true or false positive and true or false negative. by visualizing how data distributes across the four possible outcomes the user can gain a",
      "query": "What is the main problem or motivation addressed in this paper?"
    },
    {
      "vector_id": 1291,
      "score": 0.5576685070991516,
      "text": "item. that is, all features present in the original item make up the explanation as all of them were necessary for the model to compute the predicted label. the explanation algorithm can take several hours to compute even for small data sets depending on the sparseness of the data. this requires the generation to be performed offline before analyzing a model. in order to shorten the computation time we utilized caching of partial explanation results in order to reduce the number of queries to the machine learning model. visual interface our proposed user interface foot _ 0 consists of three different panels, each corresponding to the different goals of our proposed workflow that we described in section 3. by interacting with each panel and navigating across these panels, experts can diagnose different aspects of model behavior. in the visualizations that are a part of our interface, the colors orange and blue are used to show negative and positive prediction quantities. a hatching pattern is used for quantities where those predictions are incorrect according to the ground truth of the data. in this section, we describe each panel according to the order of the workflow : statistical summary view of the machine learning model, the explanation explorer, and the item level inspector. statistical summary view the purpose of this panel ( figure 2 ) is to address g1 by providing a quick summary of the performance of a trained model that can help detect shortcomings before proceeding with further analyses of the model. the view consists of multiple components. the histograms ( figure 2a ) show the distribution of data items over prediction scores. the chosen threshold is shown as vertical line. bars going up indicate the number of predicted positive labels while bars going down show predicted negative labels as emphasized by the color of the bars. the prediction score goes from 1 to 0 from left to right to match the order of cells in the confusion matrix. likewise, bars at the bottom, left of the threshold, and at the top, right of the threshold, depict incorrectly predicted data items as indicated by their hatching pattern. selecting a particular bar lets the user navigate to the explanation explorer for inspecting items that fall in the given range of prediction scores. the confusion matrix ( figure 2b ) splits data items by their ground truth ( vertical ) and the predicted label ( horizontal ). the edge of the matrix shows the sums of its columns and rows. the predicted label depends on a threshold that divides prediction scores into positive and negative. we choose the threshold to minimize incorrect predictions ( i. e., the threshold with the smallest number of false positive and false",
      "query": "What method or approach is proposed? Summarize the core idea and components."
    },
    {
      "vector_id": 1288,
      "score": 0.551080584526062,
      "text": "can select specific sets of values at the outcome - level and visualize them at the features - level. while observing the main set of decisions at the feature - level, she or he can select specific explanations and inspect individual instances in the instance - level interface. it is important to stress the key role explanations play in the workflow. by computing the explanations and computing statistics on top of them we can effectively provide a description of the main set of decisions the model makes without having access to the internal logic of the model. the relevant aspect of explanations is that they compute a compact description of which features the model uses to make local decisions for a subset of instances. for example, in the medical data analysis explored in this work, where each patient is described by the medications he or she received ( features ) and the classifier predicts whether the patient will be admitted or not, an explanation can identify a group of patients characterized by a small set of medications ; that is, the medications the classifier uses to make its prediction. explanation method using explanations, we intend to group data items from the perspective of the machine learning model being analyzed. in order to do so without relying on a particular model, that is, treating the model as black box, we can estimate which features were involved in its decision making process. in our initial approach, we had explored alternative methods for grouping the data by looking only at prediction scores of the model [ 16 ]. however, we realized that those methods mostly reflect the intrinsic structures of the data set instead of the decision making process of the model. therefore, in this work we build explanations by finding the minimal amount of change necessary to change the prediction of the analyzed model, specifically, a binary classifier. also, contrary to our previous approach of using explanations to detect only the commonly used features by a model [ 30 ], here we focus on explanations as a way for experts to diagnose correct or problematic model behavior and address the goals g1, g2, and g3, that were outlined in section 3. explanations are created using a trained model by creating synthetic input values derived from observed data items revealing this input - output relationship. the set of changes to the values that swayed the outcome of the prediction is then called explanation e for the given original data item : min e l ( v - e ) l ( v ) where l is the label function with \" positive \" or \" negative \" as result and v is the data item to be explained. in order to compute e, the prediction function p of the class",
      "query": "What method or approach is proposed? Summarize the core idea and components."
    },
    {
      "vector_id": 1299,
      "score": 0.6264721155166626,
      "text": "result however stems from the fact that the context of an explanation ( that is, whether features co - occur with the features used in the explanation ; note that certain co - occurring features form other explanations as they have a direct influence on the outcome ) matters in terms of which outcome it explains. the item level inspector can help us clarify this situation. we can see that hospital admission is the predicted outcome when sodium chloride appears together with other drugs, whereas when this is the only medication the patient received, the patient is predicted to get sent home ( figure 4b ). looking at the odds ratio value for this explanation we also notice that this subset is not significantly predictive and that the misclassification rate is high ( weak signal ). note that even though sodium chloride is the most common explanation it cannot be used as a significant indicator of the outcome. from a medical perspective this makes sense as sodium chloride is mostly used as supporting medication, however, the machine learning model still assigned predictive power to it. this indicates that the data did not contain a strong enough signal to make a more informed decision in those cases. another common explanation is ibuprofen a pain relieving drug. it is predictive for non - admissions which is likely due to patients with pain symptoms that turned out to be benign. the odds ratio indicates a significant relation to the outcome. on the other hand vancomycin, an antibiotic used for treating infections, is significantly linked to hospital admission which is expected. after filtering out uncommon explanations ( < 20 explained items ) ordering the explanations by \" odds ratio \" reveals significant indica - tors for admission and non - admission ( figure 5b ). in addition to the already discovered significant explanations we can see furosemide, a drug for treating congestive heart failure, as being strongly indicative for admission and certain drugs in combination with sodium chloride strongly linked to non - admission ( figure 5c ). the drugs in question are pain - relievers ( morphine and ketorolac ) and drugs to help with stomach problems ( ondansetron and metoclopramide ). note that using an iv ( sodium chloride ) for stomach related problems helps both hydrate the patient and ensures the intake of the medication ( after e. g., vomiting ). finding weaknesses ( g4 ). ordering explanations by \" uncertainty \" ( figure 5d ) shows explanations whose predictions are not significant. this is often the case when it is impossible to correctly predict a set of identical instances that have a contradict",
      "query": "What are the main results or findings? Include numeric results only if present."
    },
    {
      "vector_id": 1300,
      "score": 0.6263986825942993,
      "text": ") for stomach related problems helps both hydrate the patient and ensures the intake of the medication ( after e. g., vomiting ). finding weaknesses ( g4 ). ordering explanations by \" uncertainty \" ( figure 5d ) shows explanations whose predictions are not significant. this is often the case when it is impossible to correctly predict a set of identical instances that have a contradicting ground truth. the first two explanations ipratropium bromide, albuterol sulfate ( medication for treating chronic obstructive pulmonary disease and asthma, lung diseases that can have chronic and acute symptoms the latter of which requires immediate attention ) and sodium chloride, ondansetron, morphine are both predicted negative. however, the ground truth of those subset has the same distribution as the overall dataset ( thus an odds ratio close to 1 ). this means the true admission rate of those two subsets is independent of the medication in question as the admission rate matches the admission rate of the dataset. if more patients would be observed in the data this rate would likely stay the same. through item level inspector we can see that the features of the explanations are the only features in the respective data items. no further information is provided that could help swaying those subsets in a definite direction of admission or nonadmission. another problematic drug is diatrizoate meglumine which has a high misclassification rate and an odds ratio close to 1. the drug is a contrast medium that is given in preparation of pet ( positron emission tomography ) or ct ( computerized tomography ) scans. as the outcome of the scan is not known it cannot be determined whether the test was positive for the hypothesis made by the attending physician. furthermore, even the presence of other drugs is no indicator for admission as it only shows the doctor's risk assessment before the test was ordered and therefore does not include whether the doctor's assumption was correct. note, that figure 4a shows how outcomes can be better separated using available features. however, doing so would result in overfitting on the validation data set which should be avoided in any case. faced with this revelation we explored how we could provide more information to reduce those ambiguities. in order to properly deal with cases like ipratropium bromide and albuterol sulfate or sodium chloride and diatrizoate meglumine more information is needed. through domain expertise we can reason about the underlying shortcomings of the current dataset, e. g., the nature of the limitations",
      "query": "What are the main results or findings? Include numeric results only if present."
    }
  ],
  "rag_by_query": {
    "What is the main problem or motivation addressed in this paper?": [
      {
        "vector_id": 1304,
        "score": 0.5669934749603271,
        "text": "of cases the experts are most certain about. one possible outcome is also deciding that the problem is simply too complex and that expert judgment is, at the current stage, preferable. from the experience we gained in this project we drew a number of important lessons, which we outline below. lessons learned. in our work we noticed that many of the issues we spot in our analysis cannot be corrected simply by training a better model with the same data, but need some major redesign of the feature space and a careful analysis of the biases contained in the data. in turn, while diagnosing one or more models built on one data set and set of features can bring useful knowledge, ultimately solutions often have to come from better data engineering. we believe visual analytics can and should play a major role in this ( a ) the second dataset without diagnoses ordered by \" total \" size. ( b ) the second dataset using diagnoses ordered by \" odds ratio \". figure 6 : showing the second dataset of the case study ( section 6 ) with and without using diagnoses features in the explanation explorer. regards and find ways to support analysts explore alternative data and feature spaces. this is even more relevant when we observe that visual analytics systems and research tends to focus on one single data set and one single set of features. focusing on supporting external changes of data and models offers many challenges and opportunities for visual analytics. another important observation pertains to the practical value of developing a visual validation system separated from and not interfering with the existing modeling pipeline. from figure 1 it may seem natural to envision visual analytics methods able to support the user in closing the loop and apply direct modifications to the model in order to improve it. this is the type of solution advocated by the interactive machine - learning paradigm [ 2 ], in which the user can directly instruct the model on how to improve its decisions. however, through our collaboration, we realized that modelers and experts often have very specific tools they use for model development and refinement and it is often hard to intervene on their familiar processes and infrastructure. a much more viable solution is to develop a methodology that does not require a substantial modification of their existing workflow and infrastructure. we also observe that while this type of paradigm is useful to provide better examples to the model, it cannot solve the data acquisition shortcomings we have outlined above. fixing these problems requires domain experts to rethink the whole approach of the stated machine learning problem. for example, improving the input data might require to"
      },
      {
        "vector_id": 1286,
        "score": 0.5642039775848389,
        "text": "whether the model parameters should be tuned or a better set of features should be derived. in this work we do not provide specific support for the actual parameter tuning or data processing steps necessary to improve the model. the black - box nature of our approach is illustrated in figure 1, which shows that the model diagnostic workflow is an extension of ( and not a part of ) the existing model building workflows that data scientists follow as part of their routine. modelers have specific ways and tools to perform these steps and intervening on their established practices is out of the scope of this work. rather, in this work we focus on providing support for the diagnostic part experts may want to execute at the end of each modeling round and which is currently not well supported by existing tools and practices. the diagnostic insights produced by our workflow provides hints about whether the input data or the model structure needs to be changed for improving the prediction quality. workflow the workflow we propose results from two pre - processing operations : explanation generation and visual mapping. explanation generation takes as an input a data set and a trained binary classifier and creates for each instance in the data set an explanation. an explanation is a description of the logic ( or rule ) the classifier uses to assign a given label to the instance. for this purpose, we leverage a method developed by martens and provost [ 23 ], which computes, for a given instance which features need to be \" removed \" in order to change the classification outcome. for instance, in a text classification problem, an explanation for a document consists of the words that need to be removed in order to change the label originally assigned by the classifier. in section 4 we describe in more detail how the explanation method works. visual mapping takes as an input the data set and the set of explanations, and builds a set of interactive visualizations ( figure 1 ) that support the user goals we outlined above. the interactive workflow revolves around three main linked interfaces ; each one supporting the analysis of model decisions at different levels of granularity and addressing the user goals. outcome - level. the first step focuses on overall accuracy of the model, using a representation similar to a confusion matrix. the main goal of this step is to get a sense of how data distributes across the prediction score computed by the classifier ( typically a score between [ 0, 1 ] ), and the four possible outcomes : true or false positive and true or false negative. by visualizing how data distributes across the four possible outcomes the user can gain a"
      }
    ],
    "What method or approach is proposed? Summarize the core idea and components.": [
      {
        "vector_id": 1291,
        "score": 0.5576685070991516,
        "text": "item. that is, all features present in the original item make up the explanation as all of them were necessary for the model to compute the predicted label. the explanation algorithm can take several hours to compute even for small data sets depending on the sparseness of the data. this requires the generation to be performed offline before analyzing a model. in order to shorten the computation time we utilized caching of partial explanation results in order to reduce the number of queries to the machine learning model. visual interface our proposed user interface foot _ 0 consists of three different panels, each corresponding to the different goals of our proposed workflow that we described in section 3. by interacting with each panel and navigating across these panels, experts can diagnose different aspects of model behavior. in the visualizations that are a part of our interface, the colors orange and blue are used to show negative and positive prediction quantities. a hatching pattern is used for quantities where those predictions are incorrect according to the ground truth of the data. in this section, we describe each panel according to the order of the workflow : statistical summary view of the machine learning model, the explanation explorer, and the item level inspector. statistical summary view the purpose of this panel ( figure 2 ) is to address g1 by providing a quick summary of the performance of a trained model that can help detect shortcomings before proceeding with further analyses of the model. the view consists of multiple components. the histograms ( figure 2a ) show the distribution of data items over prediction scores. the chosen threshold is shown as vertical line. bars going up indicate the number of predicted positive labels while bars going down show predicted negative labels as emphasized by the color of the bars. the prediction score goes from 1 to 0 from left to right to match the order of cells in the confusion matrix. likewise, bars at the bottom, left of the threshold, and at the top, right of the threshold, depict incorrectly predicted data items as indicated by their hatching pattern. selecting a particular bar lets the user navigate to the explanation explorer for inspecting items that fall in the given range of prediction scores. the confusion matrix ( figure 2b ) splits data items by their ground truth ( vertical ) and the predicted label ( horizontal ). the edge of the matrix shows the sums of its columns and rows. the predicted label depends on a threshold that divides prediction scores into positive and negative. we choose the threshold to minimize incorrect predictions ( i. e., the threshold with the smallest number of false positive and false"
      },
      {
        "vector_id": 1288,
        "score": 0.551080584526062,
        "text": "can select specific sets of values at the outcome - level and visualize them at the features - level. while observing the main set of decisions at the feature - level, she or he can select specific explanations and inspect individual instances in the instance - level interface. it is important to stress the key role explanations play in the workflow. by computing the explanations and computing statistics on top of them we can effectively provide a description of the main set of decisions the model makes without having access to the internal logic of the model. the relevant aspect of explanations is that they compute a compact description of which features the model uses to make local decisions for a subset of instances. for example, in the medical data analysis explored in this work, where each patient is described by the medications he or she received ( features ) and the classifier predicts whether the patient will be admitted or not, an explanation can identify a group of patients characterized by a small set of medications ; that is, the medications the classifier uses to make its prediction. explanation method using explanations, we intend to group data items from the perspective of the machine learning model being analyzed. in order to do so without relying on a particular model, that is, treating the model as black box, we can estimate which features were involved in its decision making process. in our initial approach, we had explored alternative methods for grouping the data by looking only at prediction scores of the model [ 16 ]. however, we realized that those methods mostly reflect the intrinsic structures of the data set instead of the decision making process of the model. therefore, in this work we build explanations by finding the minimal amount of change necessary to change the prediction of the analyzed model, specifically, a binary classifier. also, contrary to our previous approach of using explanations to detect only the commonly used features by a model [ 30 ], here we focus on explanations as a way for experts to diagnose correct or problematic model behavior and address the goals g1, g2, and g3, that were outlined in section 3. explanations are created using a trained model by creating synthetic input values derived from observed data items revealing this input - output relationship. the set of changes to the values that swayed the outcome of the prediction is then called explanation e for the given original data item : min e l ( v - e ) l ( v ) where l is the label function with \" positive \" or \" negative \" as result and v is the data item to be explained. in order to compute e, the prediction function p of the class"
      }
    ],
    "What are the main results or findings? Include numeric results only if present.": [
      {
        "vector_id": 1299,
        "score": 0.6264721155166626,
        "text": "result however stems from the fact that the context of an explanation ( that is, whether features co - occur with the features used in the explanation ; note that certain co - occurring features form other explanations as they have a direct influence on the outcome ) matters in terms of which outcome it explains. the item level inspector can help us clarify this situation. we can see that hospital admission is the predicted outcome when sodium chloride appears together with other drugs, whereas when this is the only medication the patient received, the patient is predicted to get sent home ( figure 4b ). looking at the odds ratio value for this explanation we also notice that this subset is not significantly predictive and that the misclassification rate is high ( weak signal ). note that even though sodium chloride is the most common explanation it cannot be used as a significant indicator of the outcome. from a medical perspective this makes sense as sodium chloride is mostly used as supporting medication, however, the machine learning model still assigned predictive power to it. this indicates that the data did not contain a strong enough signal to make a more informed decision in those cases. another common explanation is ibuprofen a pain relieving drug. it is predictive for non - admissions which is likely due to patients with pain symptoms that turned out to be benign. the odds ratio indicates a significant relation to the outcome. on the other hand vancomycin, an antibiotic used for treating infections, is significantly linked to hospital admission which is expected. after filtering out uncommon explanations ( < 20 explained items ) ordering the explanations by \" odds ratio \" reveals significant indica - tors for admission and non - admission ( figure 5b ). in addition to the already discovered significant explanations we can see furosemide, a drug for treating congestive heart failure, as being strongly indicative for admission and certain drugs in combination with sodium chloride strongly linked to non - admission ( figure 5c ). the drugs in question are pain - relievers ( morphine and ketorolac ) and drugs to help with stomach problems ( ondansetron and metoclopramide ). note that using an iv ( sodium chloride ) for stomach related problems helps both hydrate the patient and ensures the intake of the medication ( after e. g., vomiting ). finding weaknesses ( g4 ). ordering explanations by \" uncertainty \" ( figure 5d ) shows explanations whose predictions are not significant. this is often the case when it is impossible to correctly predict a set of identical instances that have a contradict"
      },
      {
        "vector_id": 1300,
        "score": 0.6263986825942993,
        "text": ") for stomach related problems helps both hydrate the patient and ensures the intake of the medication ( after e. g., vomiting ). finding weaknesses ( g4 ). ordering explanations by \" uncertainty \" ( figure 5d ) shows explanations whose predictions are not significant. this is often the case when it is impossible to correctly predict a set of identical instances that have a contradicting ground truth. the first two explanations ipratropium bromide, albuterol sulfate ( medication for treating chronic obstructive pulmonary disease and asthma, lung diseases that can have chronic and acute symptoms the latter of which requires immediate attention ) and sodium chloride, ondansetron, morphine are both predicted negative. however, the ground truth of those subset has the same distribution as the overall dataset ( thus an odds ratio close to 1 ). this means the true admission rate of those two subsets is independent of the medication in question as the admission rate matches the admission rate of the dataset. if more patients would be observed in the data this rate would likely stay the same. through item level inspector we can see that the features of the explanations are the only features in the respective data items. no further information is provided that could help swaying those subsets in a definite direction of admission or nonadmission. another problematic drug is diatrizoate meglumine which has a high misclassification rate and an odds ratio close to 1. the drug is a contrast medium that is given in preparation of pet ( positron emission tomography ) or ct ( computerized tomography ) scans. as the outcome of the scan is not known it cannot be determined whether the test was positive for the hypothesis made by the attending physician. furthermore, even the presence of other drugs is no indicator for admission as it only shows the doctor's risk assessment before the test was ordered and therefore does not include whether the doctor's assumption was correct. note, that figure 4a shows how outcomes can be better separated using available features. however, doing so would result in overfitting on the validation data set which should be avoided in any case. faced with this revelation we explored how we could provide more information to reduce those ambiguities. in order to properly deal with cases like ipratropium bromide and albuterol sulfate or sodium chloride and diatrizoate meglumine more information is needed. through domain expertise we can reason about the underlying shortcomings of the current dataset, e. g., the nature of the limitations"
      }
    ]
  },
  "rag_prompt": "You are writing an academic abstract using the provided context.\nKeyword: visual_understanding\n\nContext:\n[Chunk 1] of cases the experts are most certain about. one possible outcome is also deciding that the problem is simply too complex and that expert judgment is, at the current stage, preferable. from the experience we gained in this project we drew a number of important lessons, which we outline below. lessons learned. in our work we noticed that many of the issues we spot in our analysis cannot be corrected simply by training a better model with the same data, but need some major redesign of the feature space and a careful analysis of the biases contained in the data. in turn, while diagnosing one or more models built on one data set and set of features can bring useful knowledge, ultimately solutions often have to come from better data engineering. we believe visual analytics can and should play a major role in this ( a ) the second dataset without diagnoses ordered by \" total \" size. ( b ) the second dataset using diagnoses ordered by \" odds ratio \". figure 6 : showing the second dataset of the case study ( section 6 ) with and without using diagnoses features in the explanation explorer. regards and find ways to support analysts explore alternative data and feature spaces. this is even more relevant when we observe that visual analytics systems and research tends to focus on one single data set and one single set of features. focusing on supporting external changes of data and models offers many challenges and opportunities for visual analytics. another important observation pertains to the practical value of developing a visual validation system separated from and not interfering with the existing modeling pipeline. from figure 1 it may seem natural to envision visual analytics methods able to support the user in closing the loop and apply direct modifications to the model in order to improve it. this is the type of solution advocated by the interactive machine - learning paradigm [ 2 ], in which the user can directly instruct the model on how to improve its decisions. however, through our collaboration, we realized that modelers and experts often have very specific tools they use for model development and refinement and it is often hard to intervene on their familiar processes and infrastructure. a much more viable solution is to develop a methodology that does not require a substantial modification of their existing workflow and infrastructure. we also observe that while this type of paradigm is useful to provide better examples to the model, it cannot solve the data acquisition shortcomings we have outlined above. fixing these problems requires domain experts to rethink the whole approach of the stated machine learning problem. for example, improving the input data might require to\n\n[Chunk 2] whether the model parameters should be tuned or a better set of features should be derived. in this work we do not provide specific support for the actual parameter tuning or data processing steps necessary to improve the model. the black - box nature of our approach is illustrated in figure 1, which shows that the model diagnostic workflow is an extension of ( and not a part of ) the existing model building workflows that data scientists follow as part of their routine. modelers have specific ways and tools to perform these steps and intervening on their established practices is out of the scope of this work. rather, in this work we focus on providing support for the diagnostic part experts may want to execute at the end of each modeling round and which is currently not well supported by existing tools and practices. the diagnostic insights produced by our workflow provides hints about whether the input data or the model structure needs to be changed for improving the prediction quality. workflow the workflow we propose results from two pre - processing operations : explanation generation and visual mapping. explanation generation takes as an input a data set and a trained binary classifier and creates for each instance in the data set an explanation. an explanation is a description of the logic ( or rule ) the classifier uses to assign a given label to the instance. for this purpose, we leverage a method developed by martens and provost [ 23 ], which computes, for a given instance which features need to be \" removed \" in order to change the classification outcome. for instance, in a text classification problem, an explanation for a document consists of the words that need to be removed in order to change the label originally assigned by the classifier. in section 4 we describe in more detail how the explanation method works. visual mapping takes as an input the data set and the set of explanations, and builds a set of interactive visualizations ( figure 1 ) that support the user goals we outlined above. the interactive workflow revolves around three main linked interfaces ; each one supporting the analysis of model decisions at different levels of granularity and addressing the user goals. outcome - level. the first step focuses on overall accuracy of the model, using a representation similar to a confusion matrix. the main goal of this step is to get a sense of how data distributes across the prediction score computed by the classifier ( typically a score between [ 0, 1 ] ), and the four possible outcomes : true or false positive and true or false negative. by visualizing how data distributes across the four possible outcomes the user can gain a\n\nConstraints: Use only the context. Do not invent datasets, baselines, or numerical results.\nIf results are not stated, describe them generally.\n\nWrite a concise abstract (150-250 words).",
  "rag_output": "This work explores the limitations of machine learning models in complex problem domains and proposes a visual analytics approach to support expert judgment. Our research reveals that issues in model analysis often require a major redesign of the feature space and careful analysis of biases in the data, rather than simply training a better model. We argue that visual analytics can play a crucial role in addressing these challenges by enabling analysts to explore alternative data and feature spaces. Our proposed workflow consists of explanation generation and visual mapping, which provide diagnostic insights about the input data and model structure. The workflow is designed to be an extension of existing model building workflows, without requiring substantial modifications to the existing infrastructure. By providing a visual validation system separate from the modeling pipeline, our approach supports domain experts in rethinking the approach to machine learning problems. The outcome-level interface of our workflow enables users to analyze model decisions at different levels of granularity, addressing user goals such as understanding data distribution across prediction scores and outcomes. Our work highlights the importance of visual analytics in supporting expert judgment and domain knowledge in machine learning.",
  "metrics": {
    "hwt": {
      "llama": {
        "perplexity": 13.59055410055989,
        "burstness": 2.451171875,
        "curvature": 0.14384765625000018
      },
      "gpt2": {
        "perplexity": 21.845268970328604,
        "burstness": 2.642578125,
        "curvature": 0.16425781249999982
      }
    },
    "only_llm": {
      "llama": {
        "perplexity": 4.136797240342159,
        "burstness": 2.228515625,
        "curvature": 0.2977539062500001
      },
      "gpt2": {
        "perplexity": 9.71273100782147,
        "burstness": 2.1328125,
        "curvature": 0.3177734375000001
      }
    },
    "rag": {
      "llama": {
        "perplexity": 14.495353140571094,
        "burstness": 2.69140625,
        "curvature": 0.08330078125000018
      },
      "gpt2": {
        "perplexity": 21.297586362924953,
        "burstness": 2.583984375,
        "curvature": 0.16650390625
      }
    }
  }
}