{
  "paper_id": "1801.09103v3",
  "keyword": "visual_understanding",
  "source_path": "papers/outputs/visual_understanding/1801.09103v3.json",
  "abstract_hwt": "In deep learning, visualization techniques extract the salient patterns exploited by deep networks for image classification, focusing on single images; no effort has been spent in investigating whether these patterns are systematically related to precise semantic entities over multiple images belonging to a same class, thus failing to capture the very understanding of the image class the network has realized. This paper goes in this direction, presenting a visualization framework which produces a group of clusters or summaries, each one formed by crisp salient image regions focusing on a particular part that the network has exploited with high regularity to decide for a given class. The approach is based on a sparse optimization step providing sharp image saliency masks that are clustered together by means of a semantic flow similarity measure. The summaries communicate clearly what a network has exploited of a particular image class, and this is proved through automatic image tagging and with a user study. Beyond the deep network understanding, summaries are also useful for many quantitative reasons: their number is correlated with ability of a network to classify (more summaries, better performances), and they can be used to improve the classification accuracy of a network through summary-driven specializations.",
  "abstract_only_llm": "Deep neural networks have revolutionized the field of computer vision, enabling machines to make accurate decisions based on visual input. However, understanding how these networks process and interpret visual information remains a crucial challenge. Individuating the visual regions exploited by a deep network for making decisions is essential, as it allows for the identification of potential failures and highlights differences among diverse network architectures.\nTo address this challenge, various visualization strategies have been proposed. Early work has focused on individuating those images that activate a certain neuron the most, providing insights into the network's internal workings. Other approaches consider the network as a whole, generating dreamlike images that bring the classifier to high classification scores. These visualization strategies offer a glimpse into the network's visual understanding, enabling researchers to better comprehend how deep neural networks make decisions.\nBy analyzing the output of these visualization strategies, researchers can gain a deeper understanding of the visual regions exploited by deep networks, ultimately leading to improved network architectures and more robust decision-making.",
  "abstract_rag": "This work presents a novel approach to visual understanding, which considers multiple images simultaneously to generalize about visual semantic entities captured by a deep network. Unlike standard visualization tools, our approach enables quantitative measurement of its advantages, including the improvement of the original network through training additional classifiers specialized in recognizing visual summaries. The proposed method involves a clustering phase, where region proposals are computed and pruned using overlap measurement on saliency maps. The resulting compatibility matrix is then used as input for an affinity propagation clustering algorithm, which discovers ensembles of parts carrying clear visual semantics.\nPost-processing is carried out to prune out unreliable clusters, resulting in crisp masks that provide a summary of the image. Experiments are conducted on 18 classes of ImageNet, focusing on adjacent classes in a dense semantic space. The results demonstrate the superiority of our proposed approach, showcasing its ability to improve the original network and provide meaningful visual summaries. The approach has the potential to inject the analysis of summaries into the early training of deep networks, rather than relying on post-processing boosting procedures.",
  "only_llm_summary": "Introduction Individuating the visual regions exploited by a deep network for making decisions is important: this allows to foresee potential failures and highlight differences among diverse network architectures [23, 25, 27, 29] . This is the goal of the visualization strategies: early work [2, 23, 24, 27] individuate those images which activate a certain neuron the most; other approaches consider the network as a whole, generating dreamlike images bringing the classifier to high classification scores [14, 18, 25] .",
  "only_llm_body": "Introduction Individuating the visual regions exploited by a deep network for making decisions is important: this allows to foresee potential failures and highlight differences among diverse network architectures [23, 25, 27, 29] . This is the goal of the visualization strategies: early work [2, 23, 24, 27] individuate those images which activate a certain neuron the most; other approaches consider the network as a whole, generating dreamlike images bringing the classifier to high classification scores [14, 18, 25] . The most studied type of visualization Figure 1 : Visual summaries for AlexNet [9] . Each summary contains crisp salient regions, where common semantic parts are highlighted in red. It is easy to see that, i.e. in the robin class, the network systematically considers the head (Summary 1), the body (Summary 2), the legs and the lower body (Summary 3). Best seen in color. techniques however, highlights those salient patterns which drive a classifier toward a class [3, 4, 11, 16, 26, 28] or against it [29] through smooth saliency maps. However, no prior study investigated whether these salient patterns are systematically related to precise semantic entities to describe an object class. In fact, the previous visualization systems analyze single images independently, and no reasoning on multiple images from the same class is carried out. In other words, these approaches are not able to reveal if a network has captured an object class in all of its local aspects. It wo\n\nelection easier) and it is able to discover the number of clusters by itself. The resulting clusters are ensembles of parts which, thanks to the proposal flow algorithm, should consistently identify a particular portion of an articulated object, thus carrying a clear visual semantics. Next, post-processing is carried out to prune out unreliable clusters. To this end, Structural Similarity Index (SSIM) [22] is applied to all the pairs of a cluster, discarding it as inconsistent if the median value of SSIM for that cluster is lower than a threshold based on the global median of SSIM within the whole class (90% in this work). This has the purpose of removing obvious mistakes in the clusters, caused by the variety of different poses that the proposal flow has not been able to deal with 1 . All the parts of a valid cluster are highlighted in red and shown surrounded by the regions they belong to; this eases the human interpretation and provides a summary (see an excerpt in Fig. 1 ). An expl\n\nomotive 0.56 Chimney, Front train, Wheels, Engine, Side, Window Pick-up 0.19 Mudguard, Step bumpers, Side window, Windshield,Back, Wheel Wheel, Police flag, Side window, Light, Police van 0.17 Rear window, Vehicle, Capote, Bumpers, Mudguard Oboe 0.01 Body, Buttons Saxophone 0.68 Body, Buttons, Bell Crash helmet 0.36 Base, Side, Front, Logo Football helmet 0.48 Front grids, Logo, Side, People Jeans 0.01 Crotch, Pocket, Legs, Waistband Miniskirt 0.12 Face, Waistband, Leg, Head Cowboy hat 0.32 Ear, Face, Chin Windsor tie 0.13 Pattern, Knot, Collar, Neck Sweatshirt 0.31 Hoodie, Face, Arm, Laces, Wrinkles, Neck Running shoes 0.38 Laces, Logo, Shoe side Classes from ImageNet, coherency of the summaries in terms of average Jaccard distance (= µ U ) among the tags found with the user study and the set of tags collected during the user study with our approach. Table 2 : 2 Mask analysis results. Model Summaries Acc. AlexNet 5 57.1% VGG16 5.5 72.4% GoogleNet 6 74.5% Resnet50 6.33 76.2 % Table 3 : 3 Average number of summaries for each different architecture and top-1 accuracy. c 2018. The copyright of this document resides with its authors. It may be distributed unchanged freely in print or electronic forms. Experimentally we found that in some cases of objects oriented in opposite directions, like cars towards right and left, proposal flow did not work properly providing erroneously high matching scores, as for some complex not rigid objects like animals in drastically different po",
  "only_llm_prompt": "You are writing an academic abstract.\nKeyword: visual_understanding\nBrief summary (2 sentences): Introduction Individuating the visual regions exploited by a deep network for making decisions is important: this allows to foresee potential failures and highlight differences among diverse network architectures [23, 25, 27, 29] . This is the goal of the visualization strategies: early work [2, 23, 24, 27] individuate those images which activate a certain neuron the most; other approaches consider the network as a whole, generating dreamlike images bringing the classifier to high classification scores [14, 18, 25] .\nConstraints: Do not invent datasets, baselines, or numerical results.\nIf results are not stated, describe them generally.\n\nWrite a concise abstract (150-250 words).",
  "only_llm_output": "Deep neural networks have revolutionized the field of computer vision, enabling machines to make accurate decisions based on visual input. However, understanding how these networks process and interpret visual information remains a crucial challenge. Individuating the visual regions exploited by a deep network for making decisions is essential, as it allows for the identification of potential failures and highlights differences among diverse network architectures.\nTo address this challenge, various visualization strategies have been proposed. Early work has focused on individuating those images that activate a certain neuron the most, providing insights into the network's internal workings. Other approaches consider the network as a whole, generating dreamlike images that bring the classifier to high classification scores. These visualization strategies offer a glimpse into the network's visual understanding, enabling researchers to better comprehend how deep neural networks make decisions.\nBy analyzing the output of these visualization strategies, researchers can gain a deeper understanding of the visual regions exploited by deep networks, ultimately leading to improved network architectures and more robust decision-making.",
  "rag_queries": [
    "What is the main problem or motivation addressed in this paper?",
    "What method or approach is proposed? Summarize the core idea and components.",
    "What experiments or evaluation setup are used (datasets, tasks, metrics)?",
    "What are the main results or findings? Include numeric results only if present.",
    "What are the key contributions and significance of this work?"
  ],
  "rag_chunks": [
    {
      "vector_id": 927,
      "score": 0.5365904569625854,
      "text": "approach is the first visualization system which considers multiple images at the same time, generalizing about the visual semantic entities captured by a deep network. contrarily to the standard visualization tools, advantages of our proposed approach can be measured quantitatively, the most important of them is that of improving the original network by training additional classifiers specialized on recognizing the visual summaries. the future perspective is to inject the analysis of the summary in the early training of the deep network, and not only as a post processing boosting procedure. figure 2 : 2 figure 2 : sketch of the clustering phase of our proposed method ( sec. 3. 2 ). the pipeline starts with region proposal computation and proposal flow - based matching. the region proposals are pruned using overlap measurement on the saliency maps. the resulting matrix of compatibility values is then used as input for a clustering algorithm. figure 3 : 3 figure 3 : qualitative analysis of the masks. first row, original image from different imagenet classes. second line, heatmaps computed with the method proposed by [ 4 ]. third line, crisp masks computed with our optimization procedure. best in colors. figure 4 : 4 figure 4 : coherency in terms of average jaccard distance ( y - axis ) among the tags found with the automatic tagger, within the summaries ( blue = µ s ), and within a random sample of the class ( red = µ r ). lower is better. the class labels come with the number of summaries found. figure 5 : 5 figure 5 : motivating the superiority of googlenet against alexnet. focusing on the pick - up class, our approach finds 9 summaries for the former architecture, 6 for the latter, showing that googlenet is capable of capturing more semantics. best seen in color. figure 6 : 6 figure 6 : examples of images two classes that were misclassified by the alexnet but correctly classified by specializing the classification using svms trained on the summaries. the labels below are the class names and the tags associated with the summary that contributed the most to correcting the classification of each image. table 1 : 1 class name µ u most proposed tag per summary robin 0. 12 head, body, legs, wings, tail bald eagle 0. 23 head, neck border, eye, beak face, wing golden retriever 0. 31 nose, eye, ear, mouth, face, legs, head german shepherd 0. 22 eye, leg, neck, body",
      "query": "What is the main problem or motivation addressed in this paper?"
    },
    {
      "vector_id": 922,
      "score": 0.5310350060462952,
      "text": "number of object proposals. a given row of corr will contain the matching score of a particular object proposal with all the remaining object proposals. corr could be very large but can made easily sparse by thresholding the minimal admissible matching score. at this point, we refer to the image regions { r ( i ) j } extracted earlier and select from corr all of the object proposals that overlap sufficiently with a region ( overlap ratio higher than 75 % ). in the case of two overlapping proposals, one of them is removed if the ratio between the two areas is less than a certain threshold ( 2 in this work ). the pruning stage leads to the corr matrix. the matrix corr is considered as a similarity matrix, and the affinity propagation clustering algorithm is applied [ 5 ] on top of it. affinity propagation requires only one parameter to be set ( making parameter selection easier ) and it is able to discover the number of clusters by itself. the resulting clusters are ensembles of parts which, thanks to the proposal flow algorithm, should consistently identify a particular portion of an articulated object, thus carrying a clear visual semantics. next, post - processing is carried out to prune out unreliable clusters. to this end, structural similarity index ( ssim ) [ 22 ] is applied to all the pairs of a cluster, discarding it as inconsistent if the median value of ssim for that cluster is lower than a threshold based on the global median of ssim within the whole class ( 90 % in this work ). this has the purpose of removing obvious mistakes in the clusters, caused by the variety of different poses that the proposal flow has not been able to deal with 1. all the parts of a valid cluster are highlighted in red and shown surrounded by the regions they belong to ; this eases the human interpretation and provides a summary ( see an excerpt in fig. 1 ). an explanation is provided for each image class using a different number of summaries, depending on the number of valid clusters that have been kept. experiments for our experiments, we focus on 18 classes of imagenet. these classes are selected considering the constraint of being adjacent in a dense [ 1 ] semantic space. in table 1, adjacent classes are in subsequent rows with same background color. this constraint, brings together those classes that are adjacent to each other which provides the possibility of comparing similar classes along different experiments. the set of experiments to validate our proposal is organized as follows : sec. 4. 1 is dedicated to show the superiority of our proposed crisp mask",
      "query": "What is the main problem or motivation addressed in this paper?"
    },
    {
      "vector_id": 921,
      "score": 0.5558558702468872,
      "text": "we then modified the parameters to λ 2 = 1, λ 3 = 2 for the next 150 iterations. at the end of the mask extraction stage, each image x i, i = 1... n of a given class becomes associated to the corresponding mask m i. clustering each saliency mask m i can be analyzed by considering its connected components { r ( i ) j } j = 1... j i called here regions. some of the regions are to be clustered together across multiple images of the same class to form the visual summaries of that class. the idea is that each region represents an articulated visual item composed by parts, and a summary is an ensemble of regions exhibiting at least a common part. a graphical sketch of the procedure is shown in fig. 2. in our implementation, object proposal technique [ 21 ] is employed to extract the parts of the regions. next, the proposal flow technique [ 6 ] is incorporated to cluster the regions. indeed, object proposals have been found well - suited for matching, with the proposal flow exploiting local and geometrical constraints to compare structured objects exhibiting sufficiently diverse poses [ 6 ]. our procedure begins by considering the whole images of a class without resorting to the regions, in order to account as much as possible of the context where regions are merged. given a class, all of its n images are processed ; from image x i, the set of object proposals p i is extracted. next, all of the images are pairwise matched adopting the proposal flow algorithm. each pair of images < x i, x j > will thus produce a m i × m j matrix q i j, with m i indicating the number of object proposals found in image x i. each entry of the matrix q i j ( k, l ) contains the matching compatibility between the k - th and the l - th object proposal of the images x i and x j, respectively. after this step, all the object proposals of all the pairs of images are combined together into a n p × n p matrix corr, where n p = i = 1... n m i is the total number of object proposals. a given row of corr will contain the matching score of a particular object proposal with all the remaining object proposals. corr could be very large but can made easily sparse by thresholding the minimal admissible matching score. at this point, we refer to the image regions { r ( i ) j } extracted earlier and select from corr all of the",
      "query": "What method or approach is proposed? Summarize the core idea and components."
    },
    {
      "vector_id": 925,
      "score": 0.6302481889724731,
      "text": "are further averaged, obtaining the summary distance µ s. this process is repeated for each class. in the same way, we compute the average distance obtained with the random image subsets r i, getting a µ r for each class. results are shown in fig. 4. as it can be seen, on average images belonging to the same summary are closer in semantic content ( i. e. lower jaccard distance ) than random images of the same class. since the automated tagger could only work on the entire image, we expect to have much finer grained results by focusing on the parts highlighted by the summaries. to this end we organize a user study, with the goal of giving a precise name to each of the summary, by considering the parts highlighted within. we hire a total of 50 people ( 35 male, 15 female subjects ) with an the average age of 33 ( std : 8. 4 ). each of the users was asked to give a set of ( noun ) tags to each summary, by considering the entire set of regions and parts contained within. next we check the inter / rater reliability among users toward the same summary by computing the average pairwise jaccard distance among the obtained sets of tag. the distances over the different summaries are averaged, thus obtaining for each class µ u which is a measure of the agreement between users expressed as the average. to name each summary, we select the tag more used among the users. table 1 report on the right these tags ( one for each summary ), together with the µ u value. interesting observations can be assessed : in some cases, the µ u values are very small, but at the same time many tags are definitely more specific than those provided by the automatic tagger, indicating that the summaries individuate finer grained visual semantics that users have captured. then, adjacent classes exhibit number of summaries and classification accuracy another interesting question to be answered is whether the number of summaries has a role in the general classification skill of a network. to this end, we analyze four famous architectures as, alexnet [ 9 ], vgg [ 17 ], googlenet [ 19 ], and resnet [ 7 ]. for each of these architectures, the average number of summaries over the 18 chosen classes for the analysis is computed. this value is later compared with the average classification ability of each architecture in terms of accuracy over imagenet validation dataset. the comparison results are shown in table 3.",
      "query": "What experiments or evaluation setup are used (datasets, tasks, metrics)?"
    },
    {
      "vector_id": 926,
      "score": 0.6233717203140259,
      "text": "##gg [ 17 ], googlenet [ 19 ], and resnet [ 7 ]. for each of these architectures, the average number of summaries over the 18 chosen classes for the analysis is computed. this value is later compared with the average classification ability of each architecture in terms of accuracy over imagenet validation dataset. the comparison results are shown in table 3. notably, from alexnet to resnet, as the classification accuracy rate increases, the number of summaries also rises. from this observation, we can conclude that the network classification ability is related to the the number of discriminant patterns that the network is able to recognize. this has been shown qualitatively in fig. 5. we obtained similar observations with other classes and other architectures. specializing classification with the summaries the proposed idea in this section is to improve the classification results using the images belonging to the summaries. due to the low number of images per summary ( average of 32. 25 ), we propose to employ a linear svm per summary instead of explicitly fine - tuning the network itself. positive examples to train each svm are the images belonging to that summary, and negative examples are images from other classes or from other summaries within the same class. the features used for classification are extracted from the first fully connected layer of the network. given an image to classify, it is evaluated by all of the previously trained svms. the class scores vector is then obtained by selecting the highest score among the svms for each class. the obtained scores are used to improve the classification accuracy for a desired class by means of a convex weighted sum between the neural network classification softmax vectors and the resulting svm class scores ( normalized to sum to unity ). our experiments show that employing this approach, primarily designed to improve the classification of all the 18 classes chosen for the experiments on the alexnet architecture, the overall classification accuracy score over all the 1000 imagenet classes increases by 1. 08 % on the imagenet validation set. some examples of images that are classified correctly thanks to this boosting technique can be seen in fig. 6. conclusion our approach is the first visualization system which considers multiple images at the same time, generalizing about the visual semantic entities captured by a deep network. contrarily to the standard visualization tools, advantages of our proposed approach can be measured quantitatively, the most important of them is that of improving the original network by training additional classifiers specialized on recognizing the visual summaries. the",
      "query": "What experiments or evaluation setup are used (datasets, tasks, metrics)?"
    },
    {
      "vector_id": 923,
      "score": 0.5380243062973022,
      "text": "[ 1 ] semantic space. in table 1, adjacent classes are in subsequent rows with same background color. this constraint, brings together those classes that are adjacent to each other which provides the possibility of comparing similar classes along different experiments. the set of experiments to validate our proposal is organized as follows : sec. 4. 1 is dedicated to show the superiority of our proposed crisp mask w. r. t. the original smooth mask [ 4 ] in terms of conciseness and expressiveness, providing higher classification drop. sec. 4. 2 is focused on the semantics of the summaries, showing that automatic taggers as well as humans, individuate a precise type of parts for each summary. sec. 4. 3 shows that the number of summaries is proportional to the classification ability of a deep architecture : the higher the number of classes the higher the classification accuracy. in sec. 4. 4 it is showed that summaries can be used to specialize the classifier on the visual summaries and improve the classification results. masks analysis in this experiment the masks obtained by our approach are compared with those of the smooth mask a. k. a. iebb [ 4 ] method employing the protocol as proposed by the authors. given an image, the classification confidence associated to it w. r. t the ground truth class is measured. in the case of a deep network, the classification confidence for the i - th object class is the softmax output in the i - th entry. afterwards, the image x is blurred as explained in sec. 3. 1 by using the corresponding mask m ( either the one produced by our proposed approach or the one produced by the iebb approach ). the classification score is then recomputed after perturbation and the difference w. r. t. the score for the original image is computed. the average classification drop of a method is computed as the average score drop over the entire test set. we compare our proposal solely with iebb, which is shown to be the state - of - the - art [ 4 ]. in addition, we compare with iebb thresh, in which the smooth mask generated by iebb is made crisp by a thresholding operation over the mask intensities. on each image the threshold is independently set to make the mask as big as the one produced by our proposed technique to ensure a fair comparison. the third column of table 2 shows the classification loss of the two approaches. notably, we succeed in improving the results, closely reaching the",
      "query": "What are the main results or findings? Include numeric results only if present."
    },
    {
      "vector_id": 916,
      "score": 0.567089319229126,
      "text": "introduction individuating the visual regions exploited by a deep network for making decisions is important : this allows to foresee potential failures and highlight differences among diverse network architectures [ 23, 25, 27, 29 ]. this is the goal of the visualization strategies : early work [ 2, 23, 24, 27 ] individuate those images which activate a certain neuron the most ; other approaches consider the network as a whole, generating dreamlike images bringing the classifier to high classification scores [ 14, 18, 25 ]. the most studied type of visualization figure 1 : visual summaries for alexnet [ 9 ]. each summary contains crisp salient regions, where common semantic parts are highlighted in red. it is easy to see that, i. e. in the robin class, the network systematically considers the head ( summary 1 ), the body ( summary 2 ), the legs and the lower body ( summary 3 ). best seen in color. techniques however, highlights those salient patterns which drive a classifier toward a class [ 3, 4, 11, 16, 26, 28 ] or against it [ 29 ] through smooth saliency maps. however, no prior study investigated whether these salient patterns are systematically related to precise semantic entities to describe an object class. in fact, the previous visualization systems analyze single images independently, and no reasoning on multiple images from the same class is carried out. in other words, these approaches are not able to reveal if a network has captured an object class in all of its local aspects. it would be of great importance for interpretation of deep - architectures to be able to understand for example, that alexnet when classifying the class \" golden retriever \" is systematically very sensible to the visual patterns representing the nose, the eye and the mouth, so that the absence of one or all of these patterns in an image will most probably bring to a failure. at the same time, knowing that googlenet has understood also the tail ( in addition to the previous parts ) can add a semantic explanation of its superiority w. r. t. alexnet. in this work, we present the first visualization approach which employs analysis of multiple images within an object class to provide an explanation on what has been understood by a network in terms of visual parts to form an object class. in practice, our approach takes as input a trained deep network and a set of images, and provides as output a set of image clusters, or summaries, where each cluster is representative of",
      "query": "What are the key contributions and significance of this work?"
    },
    {
      "vector_id": 918,
      "score": 0.5646018981933594,
      "text": "##net in our experiments. finally, we demonstrate that the summaries may improve the classification ability of a network, by adopting multiple, specific specialization procedures with the images of each summary. the main contributions of this paper are as follows : • introduction of the first deep network saliency visualization approach to offer an understanding of the visual parts of an object class which are used for classification. • proposal of a model for crisp saliency mask extraction built upon the proposed model by [ 4 ]. • generation of visual summaries by grouping together crisp salient regions of commonly repetitive salient visual parts among multiple images within a same object class. • presentation a comprehensive quantitative, qualitative, and human - based evaluation measures to demonstrate the advantages of visual summaries in terms of interpretability and possible applications. related work visualization approaches can be categorized mainly into the local and global techniques. local techniques focus on the understanding of single neurons by showing the filters or the activations [ 23 ]. under this umbrella, input - dependent approaches select the images which activate a neuron the most [ 2, 25, 27 ]. global approaches however, capture some general property of the network, as like the tendency in focusing on some parts of the images for the classification [ 4, 12, 16, 18, 28, 29 ]. these approaches are given a single image as input, and output a smooth saliency map in which the areas important for classification into a certain class are highlighted. global approaches are mostly gradient - based, computing the gradient of the class score with respect to the input image [ 2, 12, 16, 25 ]. our approach fall into the global category. some other types of gradient - based approaches adds activations to the analysis, obtaining edge - based images with edges highlighted in correspondence of salient parts [ 16 ]. notably, the technique of [ 29 ] individuates also the pixels which are against a certain class. generative approaches generate dreamlike images bringing the classifier to high classification scores [ 13, 14, 18 ]. in particular, the work of [ 14 ] is heavily built on generative - based local representations, which are somewhat difficult to interpret, making the forecasting of the performance of the network against new data particularly complicated. perturbation - based approaches edit an input image and observe its effect on the output [ 29 ]. in this case, the general output of the model is a saliency map showing how crucial is the covering of a particular area, that can be",
      "query": "What are the key contributions and significance of this work?"
    }
  ],
  "rag_by_query": {
    "What is the main problem or motivation addressed in this paper?": [
      {
        "vector_id": 927,
        "score": 0.5365904569625854,
        "text": "approach is the first visualization system which considers multiple images at the same time, generalizing about the visual semantic entities captured by a deep network. contrarily to the standard visualization tools, advantages of our proposed approach can be measured quantitatively, the most important of them is that of improving the original network by training additional classifiers specialized on recognizing the visual summaries. the future perspective is to inject the analysis of the summary in the early training of the deep network, and not only as a post processing boosting procedure. figure 2 : 2 figure 2 : sketch of the clustering phase of our proposed method ( sec. 3. 2 ). the pipeline starts with region proposal computation and proposal flow - based matching. the region proposals are pruned using overlap measurement on the saliency maps. the resulting matrix of compatibility values is then used as input for a clustering algorithm. figure 3 : 3 figure 3 : qualitative analysis of the masks. first row, original image from different imagenet classes. second line, heatmaps computed with the method proposed by [ 4 ]. third line, crisp masks computed with our optimization procedure. best in colors. figure 4 : 4 figure 4 : coherency in terms of average jaccard distance ( y - axis ) among the tags found with the automatic tagger, within the summaries ( blue = µ s ), and within a random sample of the class ( red = µ r ). lower is better. the class labels come with the number of summaries found. figure 5 : 5 figure 5 : motivating the superiority of googlenet against alexnet. focusing on the pick - up class, our approach finds 9 summaries for the former architecture, 6 for the latter, showing that googlenet is capable of capturing more semantics. best seen in color. figure 6 : 6 figure 6 : examples of images two classes that were misclassified by the alexnet but correctly classified by specializing the classification using svms trained on the summaries. the labels below are the class names and the tags associated with the summary that contributed the most to correcting the classification of each image. table 1 : 1 class name µ u most proposed tag per summary robin 0. 12 head, body, legs, wings, tail bald eagle 0. 23 head, neck border, eye, beak face, wing golden retriever 0. 31 nose, eye, ear, mouth, face, legs, head german shepherd 0. 22 eye, leg, neck, body"
      },
      {
        "vector_id": 922,
        "score": 0.5310350060462952,
        "text": "number of object proposals. a given row of corr will contain the matching score of a particular object proposal with all the remaining object proposals. corr could be very large but can made easily sparse by thresholding the minimal admissible matching score. at this point, we refer to the image regions { r ( i ) j } extracted earlier and select from corr all of the object proposals that overlap sufficiently with a region ( overlap ratio higher than 75 % ). in the case of two overlapping proposals, one of them is removed if the ratio between the two areas is less than a certain threshold ( 2 in this work ). the pruning stage leads to the corr matrix. the matrix corr is considered as a similarity matrix, and the affinity propagation clustering algorithm is applied [ 5 ] on top of it. affinity propagation requires only one parameter to be set ( making parameter selection easier ) and it is able to discover the number of clusters by itself. the resulting clusters are ensembles of parts which, thanks to the proposal flow algorithm, should consistently identify a particular portion of an articulated object, thus carrying a clear visual semantics. next, post - processing is carried out to prune out unreliable clusters. to this end, structural similarity index ( ssim ) [ 22 ] is applied to all the pairs of a cluster, discarding it as inconsistent if the median value of ssim for that cluster is lower than a threshold based on the global median of ssim within the whole class ( 90 % in this work ). this has the purpose of removing obvious mistakes in the clusters, caused by the variety of different poses that the proposal flow has not been able to deal with 1. all the parts of a valid cluster are highlighted in red and shown surrounded by the regions they belong to ; this eases the human interpretation and provides a summary ( see an excerpt in fig. 1 ). an explanation is provided for each image class using a different number of summaries, depending on the number of valid clusters that have been kept. experiments for our experiments, we focus on 18 classes of imagenet. these classes are selected considering the constraint of being adjacent in a dense [ 1 ] semantic space. in table 1, adjacent classes are in subsequent rows with same background color. this constraint, brings together those classes that are adjacent to each other which provides the possibility of comparing similar classes along different experiments. the set of experiments to validate our proposal is organized as follows : sec. 4. 1 is dedicated to show the superiority of our proposed crisp mask"
      }
    ],
    "What method or approach is proposed? Summarize the core idea and components.": [
      {
        "vector_id": 921,
        "score": 0.5558558702468872,
        "text": "we then modified the parameters to λ 2 = 1, λ 3 = 2 for the next 150 iterations. at the end of the mask extraction stage, each image x i, i = 1... n of a given class becomes associated to the corresponding mask m i. clustering each saliency mask m i can be analyzed by considering its connected components { r ( i ) j } j = 1... j i called here regions. some of the regions are to be clustered together across multiple images of the same class to form the visual summaries of that class. the idea is that each region represents an articulated visual item composed by parts, and a summary is an ensemble of regions exhibiting at least a common part. a graphical sketch of the procedure is shown in fig. 2. in our implementation, object proposal technique [ 21 ] is employed to extract the parts of the regions. next, the proposal flow technique [ 6 ] is incorporated to cluster the regions. indeed, object proposals have been found well - suited for matching, with the proposal flow exploiting local and geometrical constraints to compare structured objects exhibiting sufficiently diverse poses [ 6 ]. our procedure begins by considering the whole images of a class without resorting to the regions, in order to account as much as possible of the context where regions are merged. given a class, all of its n images are processed ; from image x i, the set of object proposals p i is extracted. next, all of the images are pairwise matched adopting the proposal flow algorithm. each pair of images < x i, x j > will thus produce a m i × m j matrix q i j, with m i indicating the number of object proposals found in image x i. each entry of the matrix q i j ( k, l ) contains the matching compatibility between the k - th and the l - th object proposal of the images x i and x j, respectively. after this step, all the object proposals of all the pairs of images are combined together into a n p × n p matrix corr, where n p = i = 1... n m i is the total number of object proposals. a given row of corr will contain the matching score of a particular object proposal with all the remaining object proposals. corr could be very large but can made easily sparse by thresholding the minimal admissible matching score. at this point, we refer to the image regions { r ( i ) j } extracted earlier and select from corr all of the"
      }
    ],
    "What experiments or evaluation setup are used (datasets, tasks, metrics)?": [
      {
        "vector_id": 925,
        "score": 0.6302481889724731,
        "text": "are further averaged, obtaining the summary distance µ s. this process is repeated for each class. in the same way, we compute the average distance obtained with the random image subsets r i, getting a µ r for each class. results are shown in fig. 4. as it can be seen, on average images belonging to the same summary are closer in semantic content ( i. e. lower jaccard distance ) than random images of the same class. since the automated tagger could only work on the entire image, we expect to have much finer grained results by focusing on the parts highlighted by the summaries. to this end we organize a user study, with the goal of giving a precise name to each of the summary, by considering the parts highlighted within. we hire a total of 50 people ( 35 male, 15 female subjects ) with an the average age of 33 ( std : 8. 4 ). each of the users was asked to give a set of ( noun ) tags to each summary, by considering the entire set of regions and parts contained within. next we check the inter / rater reliability among users toward the same summary by computing the average pairwise jaccard distance among the obtained sets of tag. the distances over the different summaries are averaged, thus obtaining for each class µ u which is a measure of the agreement between users expressed as the average. to name each summary, we select the tag more used among the users. table 1 report on the right these tags ( one for each summary ), together with the µ u value. interesting observations can be assessed : in some cases, the µ u values are very small, but at the same time many tags are definitely more specific than those provided by the automatic tagger, indicating that the summaries individuate finer grained visual semantics that users have captured. then, adjacent classes exhibit number of summaries and classification accuracy another interesting question to be answered is whether the number of summaries has a role in the general classification skill of a network. to this end, we analyze four famous architectures as, alexnet [ 9 ], vgg [ 17 ], googlenet [ 19 ], and resnet [ 7 ]. for each of these architectures, the average number of summaries over the 18 chosen classes for the analysis is computed. this value is later compared with the average classification ability of each architecture in terms of accuracy over imagenet validation dataset. the comparison results are shown in table 3."
      },
      {
        "vector_id": 926,
        "score": 0.6233717203140259,
        "text": "##gg [ 17 ], googlenet [ 19 ], and resnet [ 7 ]. for each of these architectures, the average number of summaries over the 18 chosen classes for the analysis is computed. this value is later compared with the average classification ability of each architecture in terms of accuracy over imagenet validation dataset. the comparison results are shown in table 3. notably, from alexnet to resnet, as the classification accuracy rate increases, the number of summaries also rises. from this observation, we can conclude that the network classification ability is related to the the number of discriminant patterns that the network is able to recognize. this has been shown qualitatively in fig. 5. we obtained similar observations with other classes and other architectures. specializing classification with the summaries the proposed idea in this section is to improve the classification results using the images belonging to the summaries. due to the low number of images per summary ( average of 32. 25 ), we propose to employ a linear svm per summary instead of explicitly fine - tuning the network itself. positive examples to train each svm are the images belonging to that summary, and negative examples are images from other classes or from other summaries within the same class. the features used for classification are extracted from the first fully connected layer of the network. given an image to classify, it is evaluated by all of the previously trained svms. the class scores vector is then obtained by selecting the highest score among the svms for each class. the obtained scores are used to improve the classification accuracy for a desired class by means of a convex weighted sum between the neural network classification softmax vectors and the resulting svm class scores ( normalized to sum to unity ). our experiments show that employing this approach, primarily designed to improve the classification of all the 18 classes chosen for the experiments on the alexnet architecture, the overall classification accuracy score over all the 1000 imagenet classes increases by 1. 08 % on the imagenet validation set. some examples of images that are classified correctly thanks to this boosting technique can be seen in fig. 6. conclusion our approach is the first visualization system which considers multiple images at the same time, generalizing about the visual semantic entities captured by a deep network. contrarily to the standard visualization tools, advantages of our proposed approach can be measured quantitatively, the most important of them is that of improving the original network by training additional classifiers specialized on recognizing the visual summaries. the"
      }
    ],
    "What are the main results or findings? Include numeric results only if present.": [
      {
        "vector_id": 923,
        "score": 0.5380243062973022,
        "text": "[ 1 ] semantic space. in table 1, adjacent classes are in subsequent rows with same background color. this constraint, brings together those classes that are adjacent to each other which provides the possibility of comparing similar classes along different experiments. the set of experiments to validate our proposal is organized as follows : sec. 4. 1 is dedicated to show the superiority of our proposed crisp mask w. r. t. the original smooth mask [ 4 ] in terms of conciseness and expressiveness, providing higher classification drop. sec. 4. 2 is focused on the semantics of the summaries, showing that automatic taggers as well as humans, individuate a precise type of parts for each summary. sec. 4. 3 shows that the number of summaries is proportional to the classification ability of a deep architecture : the higher the number of classes the higher the classification accuracy. in sec. 4. 4 it is showed that summaries can be used to specialize the classifier on the visual summaries and improve the classification results. masks analysis in this experiment the masks obtained by our approach are compared with those of the smooth mask a. k. a. iebb [ 4 ] method employing the protocol as proposed by the authors. given an image, the classification confidence associated to it w. r. t the ground truth class is measured. in the case of a deep network, the classification confidence for the i - th object class is the softmax output in the i - th entry. afterwards, the image x is blurred as explained in sec. 3. 1 by using the corresponding mask m ( either the one produced by our proposed approach or the one produced by the iebb approach ). the classification score is then recomputed after perturbation and the difference w. r. t. the score for the original image is computed. the average classification drop of a method is computed as the average score drop over the entire test set. we compare our proposal solely with iebb, which is shown to be the state - of - the - art [ 4 ]. in addition, we compare with iebb thresh, in which the smooth mask generated by iebb is made crisp by a thresholding operation over the mask intensities. on each image the threshold is independently set to make the mask as big as the one produced by our proposed technique to ensure a fair comparison. the third column of table 2 shows the classification loss of the two approaches. notably, we succeed in improving the results, closely reaching the"
      }
    ],
    "What are the key contributions and significance of this work?": [
      {
        "vector_id": 916,
        "score": 0.567089319229126,
        "text": "introduction individuating the visual regions exploited by a deep network for making decisions is important : this allows to foresee potential failures and highlight differences among diverse network architectures [ 23, 25, 27, 29 ]. this is the goal of the visualization strategies : early work [ 2, 23, 24, 27 ] individuate those images which activate a certain neuron the most ; other approaches consider the network as a whole, generating dreamlike images bringing the classifier to high classification scores [ 14, 18, 25 ]. the most studied type of visualization figure 1 : visual summaries for alexnet [ 9 ]. each summary contains crisp salient regions, where common semantic parts are highlighted in red. it is easy to see that, i. e. in the robin class, the network systematically considers the head ( summary 1 ), the body ( summary 2 ), the legs and the lower body ( summary 3 ). best seen in color. techniques however, highlights those salient patterns which drive a classifier toward a class [ 3, 4, 11, 16, 26, 28 ] or against it [ 29 ] through smooth saliency maps. however, no prior study investigated whether these salient patterns are systematically related to precise semantic entities to describe an object class. in fact, the previous visualization systems analyze single images independently, and no reasoning on multiple images from the same class is carried out. in other words, these approaches are not able to reveal if a network has captured an object class in all of its local aspects. it would be of great importance for interpretation of deep - architectures to be able to understand for example, that alexnet when classifying the class \" golden retriever \" is systematically very sensible to the visual patterns representing the nose, the eye and the mouth, so that the absence of one or all of these patterns in an image will most probably bring to a failure. at the same time, knowing that googlenet has understood also the tail ( in addition to the previous parts ) can add a semantic explanation of its superiority w. r. t. alexnet. in this work, we present the first visualization approach which employs analysis of multiple images within an object class to provide an explanation on what has been understood by a network in terms of visual parts to form an object class. in practice, our approach takes as input a trained deep network and a set of images, and provides as output a set of image clusters, or summaries, where each cluster is representative of"
      },
      {
        "vector_id": 918,
        "score": 0.5646018981933594,
        "text": "##net in our experiments. finally, we demonstrate that the summaries may improve the classification ability of a network, by adopting multiple, specific specialization procedures with the images of each summary. the main contributions of this paper are as follows : • introduction of the first deep network saliency visualization approach to offer an understanding of the visual parts of an object class which are used for classification. • proposal of a model for crisp saliency mask extraction built upon the proposed model by [ 4 ]. • generation of visual summaries by grouping together crisp salient regions of commonly repetitive salient visual parts among multiple images within a same object class. • presentation a comprehensive quantitative, qualitative, and human - based evaluation measures to demonstrate the advantages of visual summaries in terms of interpretability and possible applications. related work visualization approaches can be categorized mainly into the local and global techniques. local techniques focus on the understanding of single neurons by showing the filters or the activations [ 23 ]. under this umbrella, input - dependent approaches select the images which activate a neuron the most [ 2, 25, 27 ]. global approaches however, capture some general property of the network, as like the tendency in focusing on some parts of the images for the classification [ 4, 12, 16, 18, 28, 29 ]. these approaches are given a single image as input, and output a smooth saliency map in which the areas important for classification into a certain class are highlighted. global approaches are mostly gradient - based, computing the gradient of the class score with respect to the input image [ 2, 12, 16, 25 ]. our approach fall into the global category. some other types of gradient - based approaches adds activations to the analysis, obtaining edge - based images with edges highlighted in correspondence of salient parts [ 16 ]. notably, the technique of [ 29 ] individuates also the pixels which are against a certain class. generative approaches generate dreamlike images bringing the classifier to high classification scores [ 13, 14, 18 ]. in particular, the work of [ 14 ] is heavily built on generative - based local representations, which are somewhat difficult to interpret, making the forecasting of the performance of the network against new data particularly complicated. perturbation - based approaches edit an input image and observe its effect on the output [ 29 ]. in this case, the general output of the model is a saliency map showing how crucial is the covering of a particular area, that can be"
      }
    ]
  },
  "rag_prompt": "You are writing an academic abstract using the provided context.\nKeyword: visual_understanding\n\nContext:\n[Chunk 1] approach is the first visualization system which considers multiple images at the same time, generalizing about the visual semantic entities captured by a deep network. contrarily to the standard visualization tools, advantages of our proposed approach can be measured quantitatively, the most important of them is that of improving the original network by training additional classifiers specialized on recognizing the visual summaries. the future perspective is to inject the analysis of the summary in the early training of the deep network, and not only as a post processing boosting procedure. figure 2 : 2 figure 2 : sketch of the clustering phase of our proposed method ( sec. 3. 2 ). the pipeline starts with region proposal computation and proposal flow - based matching. the region proposals are pruned using overlap measurement on the saliency maps. the resulting matrix of compatibility values is then used as input for a clustering algorithm. figure 3 : 3 figure 3 : qualitative analysis of the masks. first row, original image from different imagenet classes. second line, heatmaps computed with the method proposed by [ 4 ]. third line, crisp masks computed with our optimization procedure. best in colors. figure 4 : 4 figure 4 : coherency in terms of average jaccard distance ( y - axis ) among the tags found with the automatic tagger, within the summaries ( blue = µ s ), and within a random sample of the class ( red = µ r ). lower is better. the class labels come with the number of summaries found. figure 5 : 5 figure 5 : motivating the superiority of googlenet against alexnet. focusing on the pick - up class, our approach finds 9 summaries for the former architecture, 6 for the latter, showing that googlenet is capable of capturing more semantics. best seen in color. figure 6 : 6 figure 6 : examples of images two classes that were misclassified by the alexnet but correctly classified by specializing the classification using svms trained on the summaries. the labels below are the class names and the tags associated with the summary that contributed the most to correcting the classification of each image. table 1 : 1 class name µ u most proposed tag per summary robin 0. 12 head, body, legs, wings, tail bald eagle 0. 23 head, neck border, eye, beak face, wing golden retriever 0. 31 nose, eye, ear, mouth, face, legs, head german shepherd 0. 22 eye, leg, neck, body\n\n[Chunk 2] number of object proposals. a given row of corr will contain the matching score of a particular object proposal with all the remaining object proposals. corr could be very large but can made easily sparse by thresholding the minimal admissible matching score. at this point, we refer to the image regions { r ( i ) j } extracted earlier and select from corr all of the object proposals that overlap sufficiently with a region ( overlap ratio higher than 75 % ). in the case of two overlapping proposals, one of them is removed if the ratio between the two areas is less than a certain threshold ( 2 in this work ). the pruning stage leads to the corr matrix. the matrix corr is considered as a similarity matrix, and the affinity propagation clustering algorithm is applied [ 5 ] on top of it. affinity propagation requires only one parameter to be set ( making parameter selection easier ) and it is able to discover the number of clusters by itself. the resulting clusters are ensembles of parts which, thanks to the proposal flow algorithm, should consistently identify a particular portion of an articulated object, thus carrying a clear visual semantics. next, post - processing is carried out to prune out unreliable clusters. to this end, structural similarity index ( ssim ) [ 22 ] is applied to all the pairs of a cluster, discarding it as inconsistent if the median value of ssim for that cluster is lower than a threshold based on the global median of ssim within the whole class ( 90 % in this work ). this has the purpose of removing obvious mistakes in the clusters, caused by the variety of different poses that the proposal flow has not been able to deal with 1. all the parts of a valid cluster are highlighted in red and shown surrounded by the regions they belong to ; this eases the human interpretation and provides a summary ( see an excerpt in fig. 1 ). an explanation is provided for each image class using a different number of summaries, depending on the number of valid clusters that have been kept. experiments for our experiments, we focus on 18 classes of imagenet. these classes are selected considering the constraint of being adjacent in a dense [ 1 ] semantic space. in table 1, adjacent classes are in subsequent rows with same background color. this constraint, brings together those classes that are adjacent to each other which provides the possibility of comparing similar classes along different experiments. the set of experiments to validate our proposal is organized as follows : sec. 4. 1 is dedicated to show the superiority of our proposed crisp mask\n\nConstraints: Use only the context. Do not invent datasets, baselines, or numerical results.\nIf results are not stated, describe them generally.\n\nWrite a concise abstract (150-250 words).",
  "rag_output": "This work presents a novel approach to visual understanding, which considers multiple images simultaneously to generalize about visual semantic entities captured by a deep network. Unlike standard visualization tools, our approach enables quantitative measurement of its advantages, including the improvement of the original network through training additional classifiers specialized in recognizing visual summaries. The proposed method involves a clustering phase, where region proposals are computed and pruned using overlap measurement on saliency maps. The resulting compatibility matrix is then used as input for an affinity propagation clustering algorithm, which discovers ensembles of parts carrying clear visual semantics.\nPost-processing is carried out to prune out unreliable clusters, resulting in crisp masks that provide a summary of the image. Experiments are conducted on 18 classes of ImageNet, focusing on adjacent classes in a dense semantic space. The results demonstrate the superiority of our proposed approach, showcasing its ability to improve the original network and provide meaningful visual summaries. The approach has the potential to inject the analysis of summaries into the early training of deep networks, rather than relying on post-processing boosting procedures.",
  "metrics": {
    "hwt": {
      "llama": {
        "perplexity": 23.028181534732802,
        "burstness": 2.81640625,
        "curvature": 0.09648437500000018
      },
      "gpt2": {
        "perplexity": 44.04255166984753,
        "burstness": 2.92578125,
        "curvature": 0.07255859375000018
      }
    },
    "only_llm": {
      "llama": {
        "perplexity": 7.260305261563017,
        "burstness": 2.208984375,
        "curvature": 0.21406249999999982
      },
      "gpt2": {
        "perplexity": 14.723621737689907,
        "burstness": 2.638671875,
        "curvature": 0.2596679687500001
      }
    },
    "rag": {
      "llama": {
        "perplexity": 22.450842133517945,
        "burstness": 2.96484375,
        "curvature": 0.08232421875000018
      },
      "gpt2": {
        "perplexity": 36.58394105020859,
        "burstness": 3.220703125,
        "curvature": 0.13105468749999982
      }
    }
  }
}