{
  "paper_id": "1804.09949v1",
  "keyword": "visual_understanding",
  "source_path": "papers/outputs/visual_understanding/1804.09949v1.json",
  "abstract_hwt": "Predicting popularity of social media videos before they are published is a challenging task, mainly due to the complexity of content distribution network as well as the number of factors that play part in this process. As solving this task provides tremendous help for media content creators, many successful methods were proposed to solve this problem with machine learning. In this work, we change the viewpoint and postulate that it is not only the predicted popularity that matters, but also, maybe even more importantly, understanding of how individual parts influence the final popularity score. To that end, we propose to combine the Grad-CAM visualization method with a soft attention mechanism. Our preliminary results show that this approach allows for more intuitive interpretation of the content impact on video popularity, while achieving competitive results in terms of prediction accuracy.",
  "abstract_only_llm": "Predicting the popularity of social media content remains an elusive goal due to the intricate interplay of factors such as propagation patterns, social graph dynamics, and content interestingness. Existing methods primarily focus on forecasting future popularity, neglecting the underlying mechanisms that drive this phenomenon.\nThis study aims to bridge this knowledge gap by exploring the role of multimodal analysis in enhancing our visual understanding of social media content popularity. By integrating insights from computer vision, natural language processing, and social network analysis, we seek to uncover the complex relationships between visual, textual, and social cues that influence content propagation.\nOur research contributes to the development of a more comprehensive framework for understanding social media content popularity, one that moves beyond mere popularity prediction towards a deeper understanding of the underlying mechanisms driving content success. By shedding light on the multimodal interactions that shape online content popularity, our work has the potential to inform the development of more effective content creation and dissemination strategies, ultimately improving the online user experience.",
  "abstract_rag": "Predicting the popularity of social media content is a challenging task, influenced by various factors including propagation patterns, social graphs, and content interestingness. Current methods focus on predicting future popularity, but neglect to provide insights into the contribution of individual content elements. This paper addresses this limitation by introducing a fundamentally different approach to online video popularity analysis. We propose an attention-based model, inspired by recent successes in other domains, to not only predict video popularity but also to understand the impact of its headline or video frames on future popularity.\nOur method extends the baseline popularity prediction method with an attention mechanism, enabling more intuitive visualization of the impact of visual and textual features on final popularity. We evaluate our approach using a binary classification framework and achieve state-of-the-art results on the popularity prediction task. Our results show that combining video frames and headline features leads to noticeable improvement, while adding an attention mechanism further enhances performance, particularly in the multimodal and visual case. The proposed approach allows for increased interpretability of the model, providing valuable insights for social media creators to prioritize their content creation efforts.",
  "only_llm_summary": "Introduction Multiple factors make popularity prediction of social media content a challenging task, including propagation patterns, social graph of users and interestingness of content. Current methods for online content popularity analysis focus mostly on determining its future popularity [6, 2, 8, 12] .",
  "only_llm_body": "Introduction Multiple factors make popularity prediction of social media content a challenging task, including propagation patterns, social graph of users and interestingness of content. Current methods for online content popularity analysis focus mostly on determining its future popularity [6, 2, 8, 12] . For instance, [6] and [4] use visual cues to predict the popularity of online images. [13, 14, 11] use machine learning methods, such as Support Vector Regression and recurrent neural networks, applied to visual and textual cues to predict the popularity of social media videos. [2] combines cues from different modalities for the same purpose. Although popularity prediction is an important problem, we believe that it does not address all the challenges faced by online video creators. More precisely, it does not allow to answer the question of many creators: how a given frame or title word contributes to the popularity of the video? Even though correlation does not mean causality, this kind of analysis allows to understand the importance of a given piece of content and prioritize the creation efforts accordingly. Figure 1 . Sample social media video frames and its headline with visualized importance of their parts on predicted video popularity. The top row shows 5 consecutive frames of a social media video with their attention weights above. We use those weights to scale the magnitudes of Grad-CAM [9] heatmaps when visualizing the importance of video elements on the popularit\n\nowed by ReLU, obtaining a sequence of frame embeddings (q j ) N j=1 . The final video embedding is a weighted average of these embeddings v = N i=1 α i q i . Weights α i are computed with attention mechanism implemented as a two-layer neural network [16] : the first layer produces a hidden representation u i = tanh(W u q i + b u ) and the second layer outputs unnormalized importance a i = W a u i + b a . W a can be interpreted as a trainable high level representation of the most informative vector in u i space. Final weights are normalized with softmax: α i = exp(a i )/ k exp(a k ). Headline. We represent a headline as a sequence of pre-trained GloVe [7] word vectors (w t ) N t=1 . We handle sequences of variable length using a bidirectional LSTM. Similarly to video frames, we use a two-layer attention mechanism on hidden state vectors h t to let the network learn the importance coefficients β t for each word. The final text representation d is a weighted average of hidden state vector\n\nnes). We use Keras for implementation. Results. For all methods, we follow the evaluation protocol of [13, 11] and compute the classification accuracy and Spearman correlation between the predicted probability of popular label and normalized view count of a video. Tab. 1 shows the results. Interestingly, almost equal popularity prediction results can be obtained using either video frames or headline features. Combining both modalities leads to noticeable improvement, while adding attention mechanism improves the performance in the multimodal and visual case. For headlines, the performance with attention deteriorates slightly. We speculate that the bi-directional LSTM already learns internal dependencies between hidden states and adding attention cannot help further, while for video frames it enables the network to exploit the temporal dependencies between the frames. Overall, we see that prediction methods with attention achieve competitive results, while thanks to the attention mechanism we can increase the interpretability of our model. As Fig. 1 shows, extending standard Grad-CAM visualization with the attention mechanism allows us to interpret the influence of each video frame. Although the preliminary results presented in this paper leave place for improvement, they indicate the potential of using attention mechanism to increase the interpretability of popularity prediction methods for social media videos. Table 1 . 1 Video popularity prediction results. Acc [%] Spea",
  "only_llm_prompt": "You are writing an academic abstract.\nKeyword: visual_understanding\nBrief summary (2 sentences): Introduction Multiple factors make popularity prediction of social media content a challenging task, including propagation patterns, social graph of users and interestingness of content. Current methods for online content popularity analysis focus mostly on determining its future popularity [6, 2, 8, 12] .\nConstraints: Do not invent datasets, baselines, or numerical results.\nIf results are not stated, describe them generally.\n\nWrite a concise abstract (150-250 words).",
  "only_llm_output": "Predicting the popularity of social media content remains an elusive goal due to the intricate interplay of factors such as propagation patterns, social graph dynamics, and content interestingness. Existing methods primarily focus on forecasting future popularity, neglecting the underlying mechanisms that drive this phenomenon.\nThis study aims to bridge this knowledge gap by exploring the role of multimodal analysis in enhancing our visual understanding of social media content popularity. By integrating insights from computer vision, natural language processing, and social network analysis, we seek to uncover the complex relationships between visual, textual, and social cues that influence content propagation.\nOur research contributes to the development of a more comprehensive framework for understanding social media content popularity, one that moves beyond mere popularity prediction towards a deeper understanding of the underlying mechanisms driving content success. By shedding light on the multimodal interactions that shape online content popularity, our work has the potential to inform the development of more effective content creation and dissemination strategies, ultimately improving the online user experience.",
  "rag_queries": [
    "What is the main problem or motivation addressed in this paper?",
    "What method or approach is proposed? Summarize the core idea and components.",
    "What experiments or evaluation setup are used (datasets, tasks, metrics)?",
    "What are the main results or findings? Include numeric results only if present.",
    "What are the key contributions and significance of this work?"
  ],
  "rag_chunks": [
    {
      "vector_id": 1276,
      "score": 0.5389195680618286,
      "text": "introduction multiple factors make popularity prediction of social media content a challenging task, including propagation patterns, social graph of users and interestingness of content. current methods for online content popularity analysis focus mostly on determining its future popularity [ 6, 2, 8, 12 ]. for instance, [ 6 ] and [ 4 ] use visual cues to predict the popularity of online images. [ 13, 14, 11 ] use machine learning methods, such as support vector regression and recurrent neural networks, applied to visual and textual cues to predict the popularity of social media videos. [ 2 ] combines cues from different modalities for the same purpose. although popularity prediction is an important problem, we believe that it does not address all the challenges faced by online video creators. more precisely, it does not allow to answer the question of many creators : how a given frame or title word contributes to the popularity of the video? even though correlation does not mean causality, this kind of analysis allows to understand the importance of a given piece of content and prioritize the creation efforts accordingly. figure 1. sample social media video frames and its headline with visualized importance of their parts on predicted video popularity. the top row shows 5 consecutive frames of a social media video with their attention weights above. we use those weights to scale the magnitudes of grad - cam [ 9 ] heatmaps when visualizing the importance of video elements on the popularity score. the bottom row shows the frame with the highest attention weight ( left ) with its popularity importance visualization ( right ). for the headline text darker color corresponds to higher importance. in this paper, we outline a fundamentally different approach to online video popularity analysis that allows social media creators both to predict video popularity as well as to understand the impact of its headline or video frames on the future popularity. to that end, we propose to use an attention - based model and gradient - weighted class activation maps [ 9 ], inspired by the recent successes of the attention mechanism in other domains [ 15, 16 ]. although some works focused on understanding the influence of image parts on its popularity [ 6, 1 ], our method addresses videos, not images, and exploits the temporal characteristics of video clips through the attention mechanism. by extending the baseline popularity prediction method with the attention mechanism, we enable more intuitive visualization of the impact visual and textual features of the video have on its final popularity, while achieving state - of - the - art results on the popularity prediction task. we cast the problem of social media video popularity prediction as a binary classification",
      "query": "What is the main problem or motivation addressed in this paper?"
    },
    {
      "vector_id": 1279,
      "score": 0.5193980932235718,
      "text": "##meters such as embedding dimensionalities, dropout rates and batch normalization use. for training headline embeddings we use frozen pretrained glove word vectors trained on wikipedia and gigaword [ 7 ]. as baselines, we use a simple mean of resnet50 feature vectors as input to two layer neural network ( video frames ) and concatenation of last states of lstm ( headlines ). we use keras for implementation. results. for all methods, we follow the evaluation protocol of [ 13, 11 ] and compute the classification accuracy and spearman correlation between the predicted probability of popular label and normalized view count of a video. tab. 1 shows the results. interestingly, almost equal popularity prediction results can be obtained using either video frames or headline features. combining both modalities leads to noticeable improvement, while adding attention mechanism improves the performance in the multimodal and visual case. for headlines, the performance with attention deteriorates slightly. we speculate that the bi - directional lstm already learns internal dependencies between hidden states and adding attention cannot help further, while for video frames it enables the network to exploit the temporal dependencies between the frames. overall, we see that prediction methods with attention achieve competitive results, while thanks to the attention mechanism we can increase the interpretability of our model. as fig. 1 shows, extending standard grad - cam visualization with the attention mechanism allows us to interpret the influence of each video frame. although the preliminary results presented in this paper leave place for improvement, they indicate the potential of using attention mechanism to increase the interpretability of popularity prediction methods for social media videos. table 1. 1 video popularity prediction results. acc [ % ] spearman",
      "query": "What is the main problem or motivation addressed in this paper?"
    },
    {
      "vector_id": 1278,
      "score": 0.5875099897384644,
      "text": "variable length using a bidirectional lstm. similarly to video frames, we use a two - layer attention mechanism on hidden state vectors h t to let the network learn the importance coefficients β t for each word. the final text representation d is a weighted average of hidden state vectors d = n t = 1 β t h t. multimodal prediction. we concatenate previously trained video and text embeddings and train a two - layer neural network for popularity prediction. the intermediate layer output serves as multimodal embedding that captures information from both image and text modality that contribute to image popularity. visualizations. we visualize the importance of visual features using grad - cam [ 9 ]. more precisely, we generate heatmaps pointing to regions contributing to popularity in each frame. to this end, we compute gradients of the popular class score s with respect to the output of the last convolutional layer of resnet50 a ∈ r k×k×f. gradients are then used to compute weights γ f = 1 k 2 k i, j = 1 ∂ s ∂a f i, j that applied to the convolutional output create class activation map h = max ( 0, f f = 1 γ f a f ). we then normalize the heatmap values to [ 0, 1 ] and use attention weights to 1 we use the first seconds of a video as this is how facebook counts views, but we can extend our method to longer videos through sampling. input features scale the heatmap by α i / max ( α ). this way we obtain a sequence - wide normalized heatmap of frame regions influencing the final popularity score. for visualizations in the text domain, we use attention weights β t used to compute text representation d. these weights capture relative importance of words in their context to headline popularity, as shown in [ 16 ] in the context of sentiment analysis. experiments we use a dataset of 37k facebook videos with 80 / 10 / 10 train / validation / test splits. we use validation set to perform randomized serach of hyperparameters such as embedding dimensionalities, dropout rates and batch normalization use. for training headline embeddings we use frozen pretrained glove word vectors trained on wikipedia and gigaword [ 7 ]. as baselines, we use a simple mean of resnet50 feature vectors as input to two layer neural network ( video frames ) and concatenation",
      "query": "What are the key contributions and significance of this work?"
    }
  ],
  "rag_by_query": {
    "What is the main problem or motivation addressed in this paper?": [
      {
        "vector_id": 1276,
        "score": 0.5389195680618286,
        "text": "introduction multiple factors make popularity prediction of social media content a challenging task, including propagation patterns, social graph of users and interestingness of content. current methods for online content popularity analysis focus mostly on determining its future popularity [ 6, 2, 8, 12 ]. for instance, [ 6 ] and [ 4 ] use visual cues to predict the popularity of online images. [ 13, 14, 11 ] use machine learning methods, such as support vector regression and recurrent neural networks, applied to visual and textual cues to predict the popularity of social media videos. [ 2 ] combines cues from different modalities for the same purpose. although popularity prediction is an important problem, we believe that it does not address all the challenges faced by online video creators. more precisely, it does not allow to answer the question of many creators : how a given frame or title word contributes to the popularity of the video? even though correlation does not mean causality, this kind of analysis allows to understand the importance of a given piece of content and prioritize the creation efforts accordingly. figure 1. sample social media video frames and its headline with visualized importance of their parts on predicted video popularity. the top row shows 5 consecutive frames of a social media video with their attention weights above. we use those weights to scale the magnitudes of grad - cam [ 9 ] heatmaps when visualizing the importance of video elements on the popularity score. the bottom row shows the frame with the highest attention weight ( left ) with its popularity importance visualization ( right ). for the headline text darker color corresponds to higher importance. in this paper, we outline a fundamentally different approach to online video popularity analysis that allows social media creators both to predict video popularity as well as to understand the impact of its headline or video frames on the future popularity. to that end, we propose to use an attention - based model and gradient - weighted class activation maps [ 9 ], inspired by the recent successes of the attention mechanism in other domains [ 15, 16 ]. although some works focused on understanding the influence of image parts on its popularity [ 6, 1 ], our method addresses videos, not images, and exploits the temporal characteristics of video clips through the attention mechanism. by extending the baseline popularity prediction method with the attention mechanism, we enable more intuitive visualization of the impact visual and textual features of the video have on its final popularity, while achieving state - of - the - art results on the popularity prediction task. we cast the problem of social media video popularity prediction as a binary classification"
      },
      {
        "vector_id": 1279,
        "score": 0.5193980932235718,
        "text": "##meters such as embedding dimensionalities, dropout rates and batch normalization use. for training headline embeddings we use frozen pretrained glove word vectors trained on wikipedia and gigaword [ 7 ]. as baselines, we use a simple mean of resnet50 feature vectors as input to two layer neural network ( video frames ) and concatenation of last states of lstm ( headlines ). we use keras for implementation. results. for all methods, we follow the evaluation protocol of [ 13, 11 ] and compute the classification accuracy and spearman correlation between the predicted probability of popular label and normalized view count of a video. tab. 1 shows the results. interestingly, almost equal popularity prediction results can be obtained using either video frames or headline features. combining both modalities leads to noticeable improvement, while adding attention mechanism improves the performance in the multimodal and visual case. for headlines, the performance with attention deteriorates slightly. we speculate that the bi - directional lstm already learns internal dependencies between hidden states and adding attention cannot help further, while for video frames it enables the network to exploit the temporal dependencies between the frames. overall, we see that prediction methods with attention achieve competitive results, while thanks to the attention mechanism we can increase the interpretability of our model. as fig. 1 shows, extending standard grad - cam visualization with the attention mechanism allows us to interpret the influence of each video frame. although the preliminary results presented in this paper leave place for improvement, they indicate the potential of using attention mechanism to increase the interpretability of popularity prediction methods for social media videos. table 1. 1 video popularity prediction results. acc [ % ] spearman"
      }
    ],
    "What are the key contributions and significance of this work?": [
      {
        "vector_id": 1278,
        "score": 0.5875099897384644,
        "text": "variable length using a bidirectional lstm. similarly to video frames, we use a two - layer attention mechanism on hidden state vectors h t to let the network learn the importance coefficients β t for each word. the final text representation d is a weighted average of hidden state vectors d = n t = 1 β t h t. multimodal prediction. we concatenate previously trained video and text embeddings and train a two - layer neural network for popularity prediction. the intermediate layer output serves as multimodal embedding that captures information from both image and text modality that contribute to image popularity. visualizations. we visualize the importance of visual features using grad - cam [ 9 ]. more precisely, we generate heatmaps pointing to regions contributing to popularity in each frame. to this end, we compute gradients of the popular class score s with respect to the output of the last convolutional layer of resnet50 a ∈ r k×k×f. gradients are then used to compute weights γ f = 1 k 2 k i, j = 1 ∂ s ∂a f i, j that applied to the convolutional output create class activation map h = max ( 0, f f = 1 γ f a f ). we then normalize the heatmap values to [ 0, 1 ] and use attention weights to 1 we use the first seconds of a video as this is how facebook counts views, but we can extend our method to longer videos through sampling. input features scale the heatmap by α i / max ( α ). this way we obtain a sequence - wide normalized heatmap of frame regions influencing the final popularity score. for visualizations in the text domain, we use attention weights β t used to compute text representation d. these weights capture relative importance of words in their context to headline popularity, as shown in [ 16 ] in the context of sentiment analysis. experiments we use a dataset of 37k facebook videos with 80 / 10 / 10 train / validation / test splits. we use validation set to perform randomized serach of hyperparameters such as embedding dimensionalities, dropout rates and batch normalization use. for training headline embeddings we use frozen pretrained glove word vectors trained on wikipedia and gigaword [ 7 ]. as baselines, we use a simple mean of resnet50 feature vectors as input to two layer neural network ( video frames ) and concatenation"
      }
    ]
  },
  "rag_prompt": "You are writing an academic abstract using the provided context.\nKeyword: visual_understanding\n\nContext:\n[Chunk 1] introduction multiple factors make popularity prediction of social media content a challenging task, including propagation patterns, social graph of users and interestingness of content. current methods for online content popularity analysis focus mostly on determining its future popularity [ 6, 2, 8, 12 ]. for instance, [ 6 ] and [ 4 ] use visual cues to predict the popularity of online images. [ 13, 14, 11 ] use machine learning methods, such as support vector regression and recurrent neural networks, applied to visual and textual cues to predict the popularity of social media videos. [ 2 ] combines cues from different modalities for the same purpose. although popularity prediction is an important problem, we believe that it does not address all the challenges faced by online video creators. more precisely, it does not allow to answer the question of many creators : how a given frame or title word contributes to the popularity of the video? even though correlation does not mean causality, this kind of analysis allows to understand the importance of a given piece of content and prioritize the creation efforts accordingly. figure 1. sample social media video frames and its headline with visualized importance of their parts on predicted video popularity. the top row shows 5 consecutive frames of a social media video with their attention weights above. we use those weights to scale the magnitudes of grad - cam [ 9 ] heatmaps when visualizing the importance of video elements on the popularity score. the bottom row shows the frame with the highest attention weight ( left ) with its popularity importance visualization ( right ). for the headline text darker color corresponds to higher importance. in this paper, we outline a fundamentally different approach to online video popularity analysis that allows social media creators both to predict video popularity as well as to understand the impact of its headline or video frames on the future popularity. to that end, we propose to use an attention - based model and gradient - weighted class activation maps [ 9 ], inspired by the recent successes of the attention mechanism in other domains [ 15, 16 ]. although some works focused on understanding the influence of image parts on its popularity [ 6, 1 ], our method addresses videos, not images, and exploits the temporal characteristics of video clips through the attention mechanism. by extending the baseline popularity prediction method with the attention mechanism, we enable more intuitive visualization of the impact visual and textual features of the video have on its final popularity, while achieving state - of - the - art results on the popularity prediction task. we cast the problem of social media video popularity prediction as a binary classification\n\n[Chunk 2] ##meters such as embedding dimensionalities, dropout rates and batch normalization use. for training headline embeddings we use frozen pretrained glove word vectors trained on wikipedia and gigaword [ 7 ]. as baselines, we use a simple mean of resnet50 feature vectors as input to two layer neural network ( video frames ) and concatenation of last states of lstm ( headlines ). we use keras for implementation. results. for all methods, we follow the evaluation protocol of [ 13, 11 ] and compute the classification accuracy and spearman correlation between the predicted probability of popular label and normalized view count of a video. tab. 1 shows the results. interestingly, almost equal popularity prediction results can be obtained using either video frames or headline features. combining both modalities leads to noticeable improvement, while adding attention mechanism improves the performance in the multimodal and visual case. for headlines, the performance with attention deteriorates slightly. we speculate that the bi - directional lstm already learns internal dependencies between hidden states and adding attention cannot help further, while for video frames it enables the network to exploit the temporal dependencies between the frames. overall, we see that prediction methods with attention achieve competitive results, while thanks to the attention mechanism we can increase the interpretability of our model. as fig. 1 shows, extending standard grad - cam visualization with the attention mechanism allows us to interpret the influence of each video frame. although the preliminary results presented in this paper leave place for improvement, they indicate the potential of using attention mechanism to increase the interpretability of popularity prediction methods for social media videos. table 1. 1 video popularity prediction results. acc [ % ] spearman\n\nConstraints: Use only the context. Do not invent datasets, baselines, or numerical results.\nIf results are not stated, describe them generally.\n\nWrite a concise abstract (150-250 words).",
  "rag_output": "Predicting the popularity of social media content is a challenging task, influenced by various factors including propagation patterns, social graphs, and content interestingness. Current methods focus on predicting future popularity, but neglect to provide insights into the contribution of individual content elements. This paper addresses this limitation by introducing a fundamentally different approach to online video popularity analysis. We propose an attention-based model, inspired by recent successes in other domains, to not only predict video popularity but also to understand the impact of its headline or video frames on future popularity.\nOur method extends the baseline popularity prediction method with an attention mechanism, enabling more intuitive visualization of the impact of visual and textual features on final popularity. We evaluate our approach using a binary classification framework and achieve state-of-the-art results on the popularity prediction task. Our results show that combining video frames and headline features leads to noticeable improvement, while adding an attention mechanism further enhances performance, particularly in the multimodal and visual case. The proposed approach allows for increased interpretability of the model, providing valuable insights for social media creators to prioritize their content creation efforts.",
  "metrics": {
    "hwt": {
      "llama": {
        "perplexity": 11.738694709013188,
        "burstness": 2.634765625,
        "curvature": 0.2293945312500001
      },
      "gpt2": {
        "perplexity": 23.25416777248505,
        "burstness": 2.923828125,
        "curvature": 0.2422851562499999
      }
    },
    "only_llm": {
      "llama": {
        "perplexity": 4.185560497160428,
        "burstness": 2.2109375,
        "curvature": 0.30449218749999996
      },
      "gpt2": {
        "perplexity": 10.359361721090316,
        "burstness": 2.384765625,
        "curvature": 0.3125
      }
    },
    "rag": {
      "llama": {
        "perplexity": 9.962500805803561,
        "burstness": 2.646484375,
        "curvature": 0.1962890625
      },
      "gpt2": {
        "perplexity": 17.484733434196265,
        "burstness": 2.533203125,
        "curvature": 0.20917968749999982
      }
    }
  }
}