{
  "paper_id": "1806.08409v2",
  "keyword": "visual_understanding",
  "source_path": "papers/outputs/visual_understanding/1806.08409v2.json",
  "abstract_hwt": "Dialog systems need to understand dynamic visual scenes in order to have conversations with users about the objects and events around them. Scene-aware dialog systems for real-world applications could be developed by integrating state-ofthe-art technologies from multiple research areas, including: end-to-end dialog technologies, which generate system responses using models trained from dialog data; visual question answering (VQA) technologies, which answer questions about images using learned image features; and video description technologies, in which descriptions/captions are generated from videos using multimodal information. We introduce a new dataset of dialogs about videos of human behaviors. Each dialog is a typed conversation that consists of a sequence of 10 question-and-answer (QA) pairs between two Amazon Mechanical Turk (AMT) workers. In total, we collected dialogs on ∼ 9, 000 videos. Using this new dataset, we trained an end-toend conversation model that generates responses in a dialog about a video. Our experiments demonstrate that using multimodal features that were developed for multimodal attention-based video description enhances the quality of generated dialog about dynamic scenes (videos). Our dataset, model code and pretrained models will be publicly available for a new Video Scene-Aware Dialog challenge.",
  "abstract_only_llm": "Spoken dialog technologies have revolutionized human-machine interfaces, transforming the way humans interact with devices such as smartphones, cars, smart speakers, and robots. A typical dialog system consists of a pipeline of data processing modules, including automatic speech recognition, spoken language understanding, dialog management, sentence generation, and speech synthesis. However, the current state of spoken dialog systems relies heavily on auditory cues, often neglecting the rich visual information available in the environment.\nTo bridge this gap, this research explores the integration of visual understanding into spoken dialog systems, leveraging computer vision techniques to enhance the overall user experience. By incorporating visual information, dialog systems can better comprehend the context and intent behind user utterances, leading to more accurate and informative responses. This study investigates the potential benefits of visual understanding in spoken dialog systems, including improved accuracy, reduced errors, and enhanced user engagement. The results of this research are expected to contribute to the development of more sophisticated and user-friendly human-machine interfaces, ultimately transforming the way humans interact with technology.",
  "abstract_rag": "This paper proposes a novel research target: a dialog system that can discuss dynamic scenes with humans, integrating natural language processing, computer vision, and audio processing. To achieve this goal, we introduce a new model that incorporates multimodal attention-based video description into an end-to-end dialog system. Our model utilizes a multimodal attention mechanism to fuse information from various input modalities, including audio, visual, and text. The proposed system generates system responses in a dialog about an input video, leveraging the visual understanding of the scene.\nOur experiments demonstrate that incorporating multimodal features enhances the quality of generated dialog about dynamic scenes. The proposed system can effectively utilize information from different modalities to provide more accurate and informative responses. The multimodal attention mechanism allows the system to focus on specific modalities based on the current state of the decoder, leading to improved performance. The proposed system has the potential to advance the field of human-computer interaction and video scene-aware dialog systems.",
  "only_llm_summary": "Introduction Spoken dialog technologies have been applied in real-world human-machine interfaces including smart phone digital assistants, car navigation systems, voice-controlled smart speakers, and humanfacing robots [1, 2, 3] . Generally, a dialog system consists of a pipeline of data processing modules, including automatic speech recognition, spoken language understanding, dialog management, sentence generation, and speech synthesis.",
  "only_llm_body": "Introduction Spoken dialog technologies have been applied in real-world human-machine interfaces including smart phone digital assistants, car navigation systems, voice-controlled smart speakers, and humanfacing robots [1, 2, 3] . Generally, a dialog system consists of a pipeline of data processing modules, including automatic speech recognition, spoken language understanding, dialog management, sentence generation, and speech synthesis. However, all of these modules require significant hand engineering and domain knowledge for training. Recently, end-to-end dialog systems have been gathering attention, and they obviate this need for expensive hand engineering to some extent. In endto-end approaches, dialog models are trained using only paired input and output sentences, without relying on pre-designed data processing modules or intermediate internal data representations such as concept tags and slot-value pairs. End-to-end systems can be trained to directly map from a user's utterance to a system response sentence and/or action. This significantly reduces the data preparation and system development cost. Several types of sequence-to-sequence models have been applied to end-to-end dialog systems, and it has been shown that they can be trained in a completely data-driven manner. End-to-end approaches have also been shown to better handle flexible conversations between the user and the system by training the model on large conversational datasets [4, 5] . In these applications,\n\nf topics including sports, animals, and music. We applied the same condition defined by [15] : a training set of 1,200 video clips, a validation set of 100 clips, and a test set of the remaining 670 clips. • MSR-VTT is split into training, validation, and testing sets of 6,513, 497, and 2,990 clips respectively. However, approvimatebly 12 of the MSR-VTT videos on YouTube have been removed. We used the available data consists of 5,763, 419, and 2,616 clips for train, validation, and test respectively defined by [11] . • Charades [13] is split into 7985 clips for training and 1863 clips for validation. provides 27,847 textual descriptions for the videos, As these textual descriptions are only available in the training and validation set, we report the evaluation results on the validation set. Details of textual descriptions are summarized in Table 2 . Video Processing We used a sequence of 4096-dimensional feature vectors of the output from the fully-connected fc7 layer of a VGG-16 netwo\n\non MSR-VTT Subset. Approximately 12% of the MSR-VTT videos have been removed from YouTube, so we train and test on the remaining Subset of MSR-VTT videos that we were able to download. The normalization for the visual features was not applied to MSR-VTT in this experiments. MSR-VTT Subset Modalities (feature types) Evaluation metric Image Spatiotemporal Audio BLEU4 METEOR CIDEr VGG-16 C3D MFCC 0.397 0.255 0.400 I3D (rgb-flow) 0.347 0.241 0.349 MFCC 0.364 0.253 0.393 I3D (rgb-flow) SoundNet 0.366 0.246 0.387 VGGish 0.390 0.263 0.417 Table 5 : 5 Video description evaluation results on Charades. Charades Dataset Modalities (feature types) Evaluation metric Image Spatiotemporal Audio BLEU4 METEOR CIDEr I3D (rgb-flow) 0.094 0.149 0.236 MFCC 0.098 0.156 0.268 I3D (rgb-flow) SoundNet - - - VGGish 0.100 0.157 0.270 Table 6 : 6 System response generation evaluation results with objective measures. Input features Attentional fusion BLEU1 BLEU2 BLEU3 BLEU4 METEOR ROUGE_L CIDEr QA - 0.236 0.142 0.094 0.065 0.101 0.257 0.595 QA + Captions - 0.245 0.152 0.103 0.073 0.109 0.271 0.705 QA + VGG16 - 0.231 0.141 0.095 0.067 0.102 0.259 0.618 QA + I3D no 0.246 0.153 0.104 0.073 0.109 0.269 0.680 QA + I3D yes 0.250 0.157 0.108 0.077 0.110 0.274 0.724 QA + I3D + VGGish no 0.249 0.155 0.106 0.075 0.110 0.275 0.701 QA + I3D + VGGish yes 0.256 0.161 0.109 0.078 0.113 0.277 0.727 5 Experiments for Video-scene-aware Dialog http://workshop.colips.org/dstc7/call.html https://github.com/tylin/coco-cap",
  "only_llm_prompt": "You are writing an academic abstract.\nKeyword: visual_understanding\nBrief summary (2 sentences): Introduction Spoken dialog technologies have been applied in real-world human-machine interfaces including smart phone digital assistants, car navigation systems, voice-controlled smart speakers, and humanfacing robots [1, 2, 3] . Generally, a dialog system consists of a pipeline of data processing modules, including automatic speech recognition, spoken language understanding, dialog management, sentence generation, and speech synthesis.\nConstraints: Do not invent datasets, baselines, or numerical results.\nIf results are not stated, describe them generally.\n\nWrite a concise abstract (150-250 words).",
  "only_llm_output": "Spoken dialog technologies have revolutionized human-machine interfaces, transforming the way humans interact with devices such as smartphones, cars, smart speakers, and robots. A typical dialog system consists of a pipeline of data processing modules, including automatic speech recognition, spoken language understanding, dialog management, sentence generation, and speech synthesis. However, the current state of spoken dialog systems relies heavily on auditory cues, often neglecting the rich visual information available in the environment.\nTo bridge this gap, this research explores the integration of visual understanding into spoken dialog systems, leveraging computer vision techniques to enhance the overall user experience. By incorporating visual information, dialog systems can better comprehend the context and intent behind user utterances, leading to more accurate and informative responses. This study investigates the potential benefits of visual understanding in spoken dialog systems, including improved accuracy, reduced errors, and enhanced user engagement. The results of this research are expected to contribute to the development of more sophisticated and user-friendly human-machine interfaces, ultimately transforming the way humans interact with technology.",
  "rag_queries": [
    "What is the main problem or motivation addressed in this paper?",
    "What method or approach is proposed? Summarize the core idea and components.",
    "What experiments or evaluation setup are used (datasets, tasks, metrics)?",
    "What are the main results or findings? Include numeric results only if present.",
    "What are the key contributions and significance of this work?"
  ],
  "rag_chunks": [
    {
      "vector_id": 1624,
      "score": 0.4969143271446228,
      "text": "g n ], s n, m - 1 ; θ dec, ( 8 ) p ( y n | y n, 1,..., y n, m - 1, x ) = softmax ( w o s n, m + b o ), ( 9 ) where g n is the concatenation of question encoding g ( q ) n, audio - visual encoding g ( av ) n and history encoding g ( h ) n for generating the n - th answer a n = y n, 1,..., y n, | yn |. note that unlike eq. ( 4 ), we feed all contextual information to the lstm at every prediction step. this architecture is more flexible since the dimensions of encoder and decoder states can be different. g ( q ) n is encoded by another lstm for the n - th question, and g ( h ) n is encoded with hierarchical lstms, where one lstm encodes each question - answer pair and then the other lstm summarizes the question - answer encodings into g ( h ) n. the audio - visual encoding is obtained by multi - modal attention described in the next section. multimodal - attention based video features to predict a word sequence in video description, prior work [ 14 ] extracted content vectors from image features of vgg - 16 and spatiotemporal motion features of c3d, and combined them into one vector in the fusion layer as : g ( av ) n = tanh k k = 1 d k, n, ( 10 ) where d k, n = w ( λ d ) ck c k, n + b ( λ d ) ck, ( 11 ) and c k, n is a context vector obtained using the k - th input modality. we call this approach naive fusion, in which multimodal feature vectors are combined using projection matrices w ck for k different modalities ( input sequences x k1,..., x kl for k = 1,..., k ). to fuse multimodal information, prior work [ 11 ] proposed method extends the attention mechanism. we call this fusion approach multimodal attention. the approach can pay attention to specific modalities of input based on the current state of the decoder to predict the word sequence in video description. the number of modalities indicating the number of sequences of input feature vectors is denoted by k. the following equation shows an",
      "query": "What is the main problem or motivation addressed in this paper?"
    },
    {
      "vector_id": 1631,
      "score": 0.48930051922798157,
      "text": "description, it has been shown that the i3d features are also useful for scene - aware dialog. furthermore, we applied the multimodal attention mechanism ( attentional fusion ) for i3d rgb and flow features, and obtained further improvement in all the metrics. finally, we examined the efficacy of audio features. the table shows that vggish obviously contributed to increasing the response quality especially when using the attentional fusion. the following example of system response was obtained with or without vggish features, which worked better for the questions regarding audios : question : was there audio? ground truth : there is audio, i can hear music and background noise. i3d : no, there is no sound in the video. i3d + vggish : yes there is sound in the video. conclusion in this paper, we propose a new research target, a dialog system that can discuss dynamic scenes with humans, which lies at the intersection of multiple avenues of research in natural language processing, computer vision, and audio processing. to advance this goal, we introduce a new model that incorporates technologies for multimodal attention - based video description into an end - to - end dialog system. we also introduce a new dataset of human dialogues about videos. using this new dataset, we trained an end - to - end conversation model that generates system responses in a dialog about an input video. our experiments demonstrate that using multimodal features that were developed for multimodal attention - based video description enhances the quality of generated dialog about dynamic scenes. we are making our data set and model publicly available for a new video scene - aware dialog challenge. figure 1 : 1 figure 1 : our multimodal - attention based video scene - aware dialog system table 1 : 1 video scene - aware dialog dataset on charades training validation test # dialogs 6, 172 732 733 # turns 123, 480 14, 680 14, 660 # words 1, 163, 969 138, 314 138, 790 table 2 : 2 sizes of textual descriptions in msvd ( youtube2text ), msr - vtt and charades dataset # clips # description # descriptions per clip # word vocabulary size msvd 1, 970 80, 839 41. 00 8. 00 13, 010 msr - vtt 10, 000 200, 000 20. 00 9. 28 29, 322 charades 9, 848 16, 140 1. 64 13. 04 2, 582 table",
      "query": "What is the main problem or motivation addressed in this paper?"
    },
    {
      "vector_id": 1625,
      "score": 0.5276569128036499,
      "text": "work [ 11 ] proposed method extends the attention mechanism. we call this fusion approach multimodal attention. the approach can pay attention to specific modalities of input based on the current state of the decoder to predict the word sequence in video description. the number of modalities indicating the number of sequences of input feature vectors is denoted by k. the following equation shows an approach to perform the attention - based feature fusion : g ( av ) n = tanh k k = 1 β k, n d k, n. ( 12 ) the similar mechanism for temporal attention is applied to obtain the multimodal attention weights β k, n : β k, n = exp ( v k, n ) k κ = 1 exp ( v κ, n ), ( 13 ) where v k, n = w b tanh ( w b g ( q ) n + v bk c k, n + b bk ). ( 14 ) here the multimodal attention weights are determined by question encoding g ( q ) n and the context vector of each modality c k, n as well as temporal attention weights in each modality. w b and v bk are matrices, w b and b bk are vectors, and v k, n is a scalar. the multimodal attention weights can change according to the question encoding and the feature vectors ( shown in figure 1 ). this enables the decoder network to attend to a different set of features and / or modalities when predicting each subsequent word in the description. naive fusion can be considered a special case of attentional fusion, in which all modality attention weights, β k, n, are constantly 1. experiments for multimodal attention - based video features to select best video features for the video scene - aware dialog system, we firstly evaluate the performance of video description using multimodal attention - based video features in this paper. datasets we evaluated our proposed feature fusion using the msvd ( youtube2text ) [ 15 ], msr - vtt [ 16 ], and charades [ 13 ] video data sets. • msvd ( youtube2text ) covers a wide range of topics including sports, animals, and music. we applied the same condition defined by [ 15 ] : a training set of 1, 200 video clips, a validation set of 100 clips, and a test set of the remaining 670 clips. • msr - vtt is split into training, validation, and testing sets of 6, 513, 49",
      "query": "What method or approach is proposed? Summarize the core idea and components."
    },
    {
      "vector_id": 1633,
      "score": 0.6815080642700195,
      "text": "dataset modalities ( feature types ) evaluation metric image spatiotemporal audio bleu4 meteor cider i3d ( rgb - flow ) 0. 094 0. 149 0. 236 mfcc 0. 098 0. 156 0. 268 i3d ( rgb - flow ) soundnet - - - vggish 0. 100 0. 157 0. 270 table 6 : 6 system response generation evaluation results with objective measures. input features attentional fusion bleu1 bleu2 bleu3 bleu4 meteor rouge _ l cider qa - 0. 236 0. 142 0. 094 0. 065 0. 101 0. 257 0. 595 qa + captions - 0. 245 0. 152 0. 103 0. 073 0. 109 0. 271 0. 705 qa + vgg16 - 0. 231 0. 141 0. 095 0. 067 0. 102 0. 259 0. 618 qa + i3d no 0. 246 0. 153 0. 104 0. 073 0. 109 0. 269 0. 680 qa + i3d yes 0. 250 0. 157 0. 108 0. 077 0. 110 0. 274 0. 724 qa + i3d + vggish no 0. 249 0. 155 0. 106 0. 075 0. 110 0. 275 0. 701 qa + i3d + vggish yes 0. 256 0. 161 0. 109 0. 078 0. 113 0. 277 0. 727 5 experiments for video - scene - aware dialog http : / / workshop. colips. org / dstc7 / call. html https : / / github. com / tylin / coco - caption",
      "query": "What experiments or evaluation setup are used (datasets, tasks, metrics)?"
    },
    {
      "vector_id": 1621,
      "score": 0.6304141283035278,
      "text": "a new video scene - aware dialog challenge. audio visual scene - aware dialog dataset we collected text - based conversations data about short videos for audio visual scene - aware dialog ( avsd ) as described in [ 12 ] using from an existing video description dataset, charades [ 13 ], for dialog system technology challenge the 7th edition ( dstc7 ) 1. charades is an untrimmed and multi - action dataset, containing 11, 848 videos split into 7985 for training, 1863 for validation, and 2, 000 for testing. it has 157 action categories, with several fine - grained actions. further, this dataset also provides 27, 847 textual descriptions for the videos, each video is associated with 1 - 3 sentences. as these textual descriptions are only available in the training and validation set, we report evaluation results on the validation set. the data collection paradigm for dialogs was similar to the one described in [ 9 ], in which for each image, two different mechanical turk workers interacted via a text interface to yield a dialog. in [ 9 ], each dialog consisted of a sequence of questions and answers about an image. in the video sceneaware dialog case, two amazon mechanical turk ( amt ) workers had a discussion about events in a video. one of the workers played the role of an answerer who had already watched the video. the answerer answered questions asked by another amt worker - the questioner. the questioner was not allowed to watch the whole video but only the first, middle and last frames of the video which were single static images. after having a conversation to to ask about the events that happened between the frames through 10 rounds of qa, the questioner summarized the events in the video as a description. in total, we collected dialogs for 7043 videos from the charades training set and all of the validation set ( 1863 videos ). since we did not have scripts for the test set, we split the validation set into 732 x 1l α1, n, 2 x 21 x 22 x 2l'x'21 x'22 α 2, n, 2 x'11 x'12 x'1l x'2l'and 733 videos and used them as our validation and test sets respectively. see table 1 for statistics. the average numbers of words per question and answer are 8 and 10, respectively. 3 video scene - aware dialog system we built an end - to",
      "query": "What experiments or evaluation setup are used (datasets, tasks, metrics)?"
    },
    {
      "vector_id": 1632,
      "score": 0.5047440528869629,
      "text": "charades dataset # clips # description # descriptions per clip # word vocabulary size msvd 1, 970 80, 839 41. 00 8. 00 13, 010 msr - vtt 10, 000 200, 000 20. 00 9. 28 29, 322 charades 9, 848 16, 140 1. 64 13. 04 2, 582 table 3 : 3 video description evaluation results on the msvd ( youtube2text ) test set. msvd ( youtube2text ) full dataset modalities ( feature types ) evaluation metric image spatiotemporal audio bleu4 meteor cider vgg - 16 c3d 0. 524 0. 320 0. 688 vgg - 16 c3d mfcc 0. 539 0. 322 0. 674 i3d ( rgb - flow ) 0. 525 0. 330 0. 742 mfcc 0. 527 0. 325 0. 702 i3d ( rgb - flow ) soundnet 0. 529 0. 319 0. 719 vggish 0. 554 0. 332 0. 743 table 4 : 4 video description evaluation results on msr - vtt subset. approximately 12 % of the msr - vtt videos have been removed from youtube, so we train and test on the remaining subset of msr - vtt videos that we were able to download. the normalization for the visual features was not applied to msr - vtt in this experiments. msr - vtt subset modalities ( feature types ) evaluation metric image spatiotemporal audio bleu4 meteor cider vgg - 16 c3d mfcc 0. 397 0. 255 0. 400 i3d ( rgb - flow ) 0. 347 0. 241 0. 349 mfcc 0. 364 0. 253 0. 393 i3d ( rgb - flow ) soundnet 0. 366 0. 246 0. 387 vggish 0. 390 0. 263 0. 417 table 5 : 5 video description evaluation results on charades. charades dataset modalities ( feature types ) evaluation metric image spatiotemporal audio bleu4 meteor cider i3d ( rgb - flow ) 0. 094 0. 149 0. 236 mfcc 0. 098 0. 156 0. 268 i3d ( rgb - flow ) soundnet - - - vggish 0. 100 0",
      "query": "What are the main results or findings? Include numeric results only if present."
    }
  ],
  "rag_by_query": {
    "What is the main problem or motivation addressed in this paper?": [
      {
        "vector_id": 1624,
        "score": 0.4969143271446228,
        "text": "g n ], s n, m - 1 ; θ dec, ( 8 ) p ( y n | y n, 1,..., y n, m - 1, x ) = softmax ( w o s n, m + b o ), ( 9 ) where g n is the concatenation of question encoding g ( q ) n, audio - visual encoding g ( av ) n and history encoding g ( h ) n for generating the n - th answer a n = y n, 1,..., y n, | yn |. note that unlike eq. ( 4 ), we feed all contextual information to the lstm at every prediction step. this architecture is more flexible since the dimensions of encoder and decoder states can be different. g ( q ) n is encoded by another lstm for the n - th question, and g ( h ) n is encoded with hierarchical lstms, where one lstm encodes each question - answer pair and then the other lstm summarizes the question - answer encodings into g ( h ) n. the audio - visual encoding is obtained by multi - modal attention described in the next section. multimodal - attention based video features to predict a word sequence in video description, prior work [ 14 ] extracted content vectors from image features of vgg - 16 and spatiotemporal motion features of c3d, and combined them into one vector in the fusion layer as : g ( av ) n = tanh k k = 1 d k, n, ( 10 ) where d k, n = w ( λ d ) ck c k, n + b ( λ d ) ck, ( 11 ) and c k, n is a context vector obtained using the k - th input modality. we call this approach naive fusion, in which multimodal feature vectors are combined using projection matrices w ck for k different modalities ( input sequences x k1,..., x kl for k = 1,..., k ). to fuse multimodal information, prior work [ 11 ] proposed method extends the attention mechanism. we call this fusion approach multimodal attention. the approach can pay attention to specific modalities of input based on the current state of the decoder to predict the word sequence in video description. the number of modalities indicating the number of sequences of input feature vectors is denoted by k. the following equation shows an"
      },
      {
        "vector_id": 1631,
        "score": 0.48930051922798157,
        "text": "description, it has been shown that the i3d features are also useful for scene - aware dialog. furthermore, we applied the multimodal attention mechanism ( attentional fusion ) for i3d rgb and flow features, and obtained further improvement in all the metrics. finally, we examined the efficacy of audio features. the table shows that vggish obviously contributed to increasing the response quality especially when using the attentional fusion. the following example of system response was obtained with or without vggish features, which worked better for the questions regarding audios : question : was there audio? ground truth : there is audio, i can hear music and background noise. i3d : no, there is no sound in the video. i3d + vggish : yes there is sound in the video. conclusion in this paper, we propose a new research target, a dialog system that can discuss dynamic scenes with humans, which lies at the intersection of multiple avenues of research in natural language processing, computer vision, and audio processing. to advance this goal, we introduce a new model that incorporates technologies for multimodal attention - based video description into an end - to - end dialog system. we also introduce a new dataset of human dialogues about videos. using this new dataset, we trained an end - to - end conversation model that generates system responses in a dialog about an input video. our experiments demonstrate that using multimodal features that were developed for multimodal attention - based video description enhances the quality of generated dialog about dynamic scenes. we are making our data set and model publicly available for a new video scene - aware dialog challenge. figure 1 : 1 figure 1 : our multimodal - attention based video scene - aware dialog system table 1 : 1 video scene - aware dialog dataset on charades training validation test # dialogs 6, 172 732 733 # turns 123, 480 14, 680 14, 660 # words 1, 163, 969 138, 314 138, 790 table 2 : 2 sizes of textual descriptions in msvd ( youtube2text ), msr - vtt and charades dataset # clips # description # descriptions per clip # word vocabulary size msvd 1, 970 80, 839 41. 00 8. 00 13, 010 msr - vtt 10, 000 200, 000 20. 00 9. 28 29, 322 charades 9, 848 16, 140 1. 64 13. 04 2, 582 table"
      }
    ],
    "What method or approach is proposed? Summarize the core idea and components.": [
      {
        "vector_id": 1625,
        "score": 0.5276569128036499,
        "text": "work [ 11 ] proposed method extends the attention mechanism. we call this fusion approach multimodal attention. the approach can pay attention to specific modalities of input based on the current state of the decoder to predict the word sequence in video description. the number of modalities indicating the number of sequences of input feature vectors is denoted by k. the following equation shows an approach to perform the attention - based feature fusion : g ( av ) n = tanh k k = 1 β k, n d k, n. ( 12 ) the similar mechanism for temporal attention is applied to obtain the multimodal attention weights β k, n : β k, n = exp ( v k, n ) k κ = 1 exp ( v κ, n ), ( 13 ) where v k, n = w b tanh ( w b g ( q ) n + v bk c k, n + b bk ). ( 14 ) here the multimodal attention weights are determined by question encoding g ( q ) n and the context vector of each modality c k, n as well as temporal attention weights in each modality. w b and v bk are matrices, w b and b bk are vectors, and v k, n is a scalar. the multimodal attention weights can change according to the question encoding and the feature vectors ( shown in figure 1 ). this enables the decoder network to attend to a different set of features and / or modalities when predicting each subsequent word in the description. naive fusion can be considered a special case of attentional fusion, in which all modality attention weights, β k, n, are constantly 1. experiments for multimodal attention - based video features to select best video features for the video scene - aware dialog system, we firstly evaluate the performance of video description using multimodal attention - based video features in this paper. datasets we evaluated our proposed feature fusion using the msvd ( youtube2text ) [ 15 ], msr - vtt [ 16 ], and charades [ 13 ] video data sets. • msvd ( youtube2text ) covers a wide range of topics including sports, animals, and music. we applied the same condition defined by [ 15 ] : a training set of 1, 200 video clips, a validation set of 100 clips, and a test set of the remaining 670 clips. • msr - vtt is split into training, validation, and testing sets of 6, 513, 49"
      }
    ],
    "What experiments or evaluation setup are used (datasets, tasks, metrics)?": [
      {
        "vector_id": 1633,
        "score": 0.6815080642700195,
        "text": "dataset modalities ( feature types ) evaluation metric image spatiotemporal audio bleu4 meteor cider i3d ( rgb - flow ) 0. 094 0. 149 0. 236 mfcc 0. 098 0. 156 0. 268 i3d ( rgb - flow ) soundnet - - - vggish 0. 100 0. 157 0. 270 table 6 : 6 system response generation evaluation results with objective measures. input features attentional fusion bleu1 bleu2 bleu3 bleu4 meteor rouge _ l cider qa - 0. 236 0. 142 0. 094 0. 065 0. 101 0. 257 0. 595 qa + captions - 0. 245 0. 152 0. 103 0. 073 0. 109 0. 271 0. 705 qa + vgg16 - 0. 231 0. 141 0. 095 0. 067 0. 102 0. 259 0. 618 qa + i3d no 0. 246 0. 153 0. 104 0. 073 0. 109 0. 269 0. 680 qa + i3d yes 0. 250 0. 157 0. 108 0. 077 0. 110 0. 274 0. 724 qa + i3d + vggish no 0. 249 0. 155 0. 106 0. 075 0. 110 0. 275 0. 701 qa + i3d + vggish yes 0. 256 0. 161 0. 109 0. 078 0. 113 0. 277 0. 727 5 experiments for video - scene - aware dialog http : / / workshop. colips. org / dstc7 / call. html https : / / github. com / tylin / coco - caption"
      },
      {
        "vector_id": 1621,
        "score": 0.6304141283035278,
        "text": "a new video scene - aware dialog challenge. audio visual scene - aware dialog dataset we collected text - based conversations data about short videos for audio visual scene - aware dialog ( avsd ) as described in [ 12 ] using from an existing video description dataset, charades [ 13 ], for dialog system technology challenge the 7th edition ( dstc7 ) 1. charades is an untrimmed and multi - action dataset, containing 11, 848 videos split into 7985 for training, 1863 for validation, and 2, 000 for testing. it has 157 action categories, with several fine - grained actions. further, this dataset also provides 27, 847 textual descriptions for the videos, each video is associated with 1 - 3 sentences. as these textual descriptions are only available in the training and validation set, we report evaluation results on the validation set. the data collection paradigm for dialogs was similar to the one described in [ 9 ], in which for each image, two different mechanical turk workers interacted via a text interface to yield a dialog. in [ 9 ], each dialog consisted of a sequence of questions and answers about an image. in the video sceneaware dialog case, two amazon mechanical turk ( amt ) workers had a discussion about events in a video. one of the workers played the role of an answerer who had already watched the video. the answerer answered questions asked by another amt worker - the questioner. the questioner was not allowed to watch the whole video but only the first, middle and last frames of the video which were single static images. after having a conversation to to ask about the events that happened between the frames through 10 rounds of qa, the questioner summarized the events in the video as a description. in total, we collected dialogs for 7043 videos from the charades training set and all of the validation set ( 1863 videos ). since we did not have scripts for the test set, we split the validation set into 732 x 1l α1, n, 2 x 21 x 22 x 2l'x'21 x'22 α 2, n, 2 x'11 x'12 x'1l x'2l'and 733 videos and used them as our validation and test sets respectively. see table 1 for statistics. the average numbers of words per question and answer are 8 and 10, respectively. 3 video scene - aware dialog system we built an end - to"
      }
    ],
    "What are the main results or findings? Include numeric results only if present.": [
      {
        "vector_id": 1632,
        "score": 0.5047440528869629,
        "text": "charades dataset # clips # description # descriptions per clip # word vocabulary size msvd 1, 970 80, 839 41. 00 8. 00 13, 010 msr - vtt 10, 000 200, 000 20. 00 9. 28 29, 322 charades 9, 848 16, 140 1. 64 13. 04 2, 582 table 3 : 3 video description evaluation results on the msvd ( youtube2text ) test set. msvd ( youtube2text ) full dataset modalities ( feature types ) evaluation metric image spatiotemporal audio bleu4 meteor cider vgg - 16 c3d 0. 524 0. 320 0. 688 vgg - 16 c3d mfcc 0. 539 0. 322 0. 674 i3d ( rgb - flow ) 0. 525 0. 330 0. 742 mfcc 0. 527 0. 325 0. 702 i3d ( rgb - flow ) soundnet 0. 529 0. 319 0. 719 vggish 0. 554 0. 332 0. 743 table 4 : 4 video description evaluation results on msr - vtt subset. approximately 12 % of the msr - vtt videos have been removed from youtube, so we train and test on the remaining subset of msr - vtt videos that we were able to download. the normalization for the visual features was not applied to msr - vtt in this experiments. msr - vtt subset modalities ( feature types ) evaluation metric image spatiotemporal audio bleu4 meteor cider vgg - 16 c3d mfcc 0. 397 0. 255 0. 400 i3d ( rgb - flow ) 0. 347 0. 241 0. 349 mfcc 0. 364 0. 253 0. 393 i3d ( rgb - flow ) soundnet 0. 366 0. 246 0. 387 vggish 0. 390 0. 263 0. 417 table 5 : 5 video description evaluation results on charades. charades dataset modalities ( feature types ) evaluation metric image spatiotemporal audio bleu4 meteor cider i3d ( rgb - flow ) 0. 094 0. 149 0. 236 mfcc 0. 098 0. 156 0. 268 i3d ( rgb - flow ) soundnet - - - vggish 0. 100 0"
      }
    ]
  },
  "rag_prompt": "You are writing an academic abstract using the provided context.\nKeyword: visual_understanding\n\nContext:\n[Chunk 1] g n ], s n, m - 1 ; θ dec, ( 8 ) p ( y n | y n, 1,..., y n, m - 1, x ) = softmax ( w o s n, m + b o ), ( 9 ) where g n is the concatenation of question encoding g ( q ) n, audio - visual encoding g ( av ) n and history encoding g ( h ) n for generating the n - th answer a n = y n, 1,..., y n, | yn |. note that unlike eq. ( 4 ), we feed all contextual information to the lstm at every prediction step. this architecture is more flexible since the dimensions of encoder and decoder states can be different. g ( q ) n is encoded by another lstm for the n - th question, and g ( h ) n is encoded with hierarchical lstms, where one lstm encodes each question - answer pair and then the other lstm summarizes the question - answer encodings into g ( h ) n. the audio - visual encoding is obtained by multi - modal attention described in the next section. multimodal - attention based video features to predict a word sequence in video description, prior work [ 14 ] extracted content vectors from image features of vgg - 16 and spatiotemporal motion features of c3d, and combined them into one vector in the fusion layer as : g ( av ) n = tanh k k = 1 d k, n, ( 10 ) where d k, n = w ( λ d ) ck c k, n + b ( λ d ) ck, ( 11 ) and c k, n is a context vector obtained using the k - th input modality. we call this approach naive fusion, in which multimodal feature vectors are combined using projection matrices w ck for k different modalities ( input sequences x k1,..., x kl for k = 1,..., k ). to fuse multimodal information, prior work [ 11 ] proposed method extends the attention mechanism. we call this fusion approach multimodal attention. the approach can pay attention to specific modalities of input based on the current state of the decoder to predict the word sequence in video description. the number of modalities indicating the number of sequences of input feature vectors is denoted by k. the following equation shows an\n\n[Chunk 2] description, it has been shown that the i3d features are also useful for scene - aware dialog. furthermore, we applied the multimodal attention mechanism ( attentional fusion ) for i3d rgb and flow features, and obtained further improvement in all the metrics. finally, we examined the efficacy of audio features. the table shows that vggish obviously contributed to increasing the response quality especially when using the attentional fusion. the following example of system response was obtained with or without vggish features, which worked better for the questions regarding audios : question : was there audio? ground truth : there is audio, i can hear music and background noise. i3d : no, there is no sound in the video. i3d + vggish : yes there is sound in the video. conclusion in this paper, we propose a new research target, a dialog system that can discuss dynamic scenes with humans, which lies at the intersection of multiple avenues of research in natural language processing, computer vision, and audio processing. to advance this goal, we introduce a new model that incorporates technologies for multimodal attention - based video description into an end - to - end dialog system. we also introduce a new dataset of human dialogues about videos. using this new dataset, we trained an end - to - end conversation model that generates system responses in a dialog about an input video. our experiments demonstrate that using multimodal features that were developed for multimodal attention - based video description enhances the quality of generated dialog about dynamic scenes. we are making our data set and model publicly available for a new video scene - aware dialog challenge. figure 1 : 1 figure 1 : our multimodal - attention based video scene - aware dialog system table 1 : 1 video scene - aware dialog dataset on charades training validation test # dialogs 6, 172 732 733 # turns 123, 480 14, 680 14, 660 # words 1, 163, 969 138, 314 138, 790 table 2 : 2 sizes of textual descriptions in msvd ( youtube2text ), msr - vtt and charades dataset # clips # description # descriptions per clip # word vocabulary size msvd 1, 970 80, 839 41. 00 8. 00 13, 010 msr - vtt 10, 000 200, 000 20. 00 9. 28 29, 322 charades 9, 848 16, 140 1. 64 13. 04 2, 582 table\n\nConstraints: Use only the context. Do not invent datasets, baselines, or numerical results.\nIf results are not stated, describe them generally.\n\nWrite a concise abstract (150-250 words).",
  "rag_output": "This paper proposes a novel research target: a dialog system that can discuss dynamic scenes with humans, integrating natural language processing, computer vision, and audio processing. To achieve this goal, we introduce a new model that incorporates multimodal attention-based video description into an end-to-end dialog system. Our model utilizes a multimodal attention mechanism to fuse information from various input modalities, including audio, visual, and text. The proposed system generates system responses in a dialog about an input video, leveraging the visual understanding of the scene.\nOur experiments demonstrate that incorporating multimodal features enhances the quality of generated dialog about dynamic scenes. The proposed system can effectively utilize information from different modalities to provide more accurate and informative responses. The multimodal attention mechanism allows the system to focus on specific modalities based on the current state of the decoder, leading to improved performance. The proposed system has the potential to advance the field of human-computer interaction and video scene-aware dialog systems.",
  "metrics": {
    "hwt": {
      "llama": {
        "perplexity": 12.968197316969134,
        "burstness": 2.701171875,
        "curvature": 0.15234375
      },
      "gpt2": {
        "perplexity": 22.84897480427519,
        "burstness": 2.75,
        "curvature": 0.14677734375000018
      }
    },
    "only_llm": {
      "llama": {
        "perplexity": 3.7009655682618923,
        "burstness": 1.98828125,
        "curvature": 0.28276367187499996
      },
      "gpt2": {
        "perplexity": 9.637145935456955,
        "burstness": 2.177734375,
        "curvature": 0.2722656250000002
      }
    },
    "rag": {
      "llama": {
        "perplexity": 7.302970987882513,
        "burstness": 2.341796875,
        "curvature": 0.18525390624999982
      },
      "gpt2": {
        "perplexity": 13.249825400173327,
        "burstness": 2.390625,
        "curvature": 0.2401367187500001
      }
    }
  }
}