{
  "paper_id": "1807.01448v1",
  "keyword": "visual_understanding",
  "source_path": "papers/outputs/visual_understanding/1807.01448v1.json",
  "abstract_hwt": "We tackle the problem of understanding visual ads where given an ad image, our goal is to rank appropriate human generated statements describing the purpose of the ad. This problem is generally addressed by jointly embedding images and candidate statements to establish correspondence. Decoding a visual ad requires inference of both semantic and symbolic nuances referenced in an image and prior methods may fail to capture such associations especially with weakly annotated symbols. In order to create better embeddings, we leverage an attention mechanism to associate image proposals with symbols and thus effectively aggregate information from aligned multimodal representations. We propose a multihop co-attention mechanism that iteratively refines the attention map to ensure accurate attention estimation. Our attention based embedding model is learned end-to-end guided by a max-margin loss function. We show that our model outperforms other baselines on the benchmark Ad dataset and also show qualitative results to highlight the advantages of using multihop co-attention.",
  "abstract_only_llm": "The analysis of visual advertisements poses a significant challenge in the realm of visual content understanding. While current computer vision techniques excel in object and scene-centric interpretations of images, they often struggle to capture deeper, subjective meanings such as rhetoric, symbolism, and emotional resonance. This limitation stems from the fact that visual advertisements are designed to convey complex messages, leveraging visual elements to persuade and engage audiences.\nTo address this gap, we propose a multidisciplinary approach that integrates insights from visual perception, linguistics, and advertising theory. Our framework aims to develop a more comprehensive understanding of visual advertisements by analyzing their visual, textual, and contextual components. By examining the interplay between these elements, we seek to uncover the underlying mechanisms that enable visual advertisements to evoke emotions, create associations, and shape consumer behavior.\nOur research has the potential to contribute significantly to the field of visual content analysis, enabling the development of more sophisticated and effective visual advertising systems.",
  "abstract_rag": "This work addresses the problem of understanding visual advertisements by formulating it as a multimodal matching task between images and their corresponding human-generated statements. We propose a novel weakly supervised learning algorithm that combines symbolic and semantic references in an image using an iterative co-attention mechanism. The algorithm learns to refine symbol and image attention in multiple iterations, effectively capturing the interactions between different references to convey a specific message. To address the challenge of limited training data, we utilize weakly labeled data from the internet to train models and form associations between objects and symbols.\nOur experiments demonstrate the advantages of multihop co-attention over vanilla attention for ad understanding. We also introduce a heuristic technique to prevent overfitting by suppressing image attention scores of regions with high scores in previous iterations. Our algorithm is able to iteratively infer the reference of symbols with relevant image content, providing a deeper understanding of visual advertisements. The proposed approach has the potential to be extended to include sentiments and object information, making it a promising solution for visual content analysis.",
  "only_llm_summary": "Introduction We address the problem of understanding visual advertisement which is a special case of visual content analysis [9] . While current vision approaches can successfully address object [13, 12, 14] and scene [25, 7, 3] centric interpretations of an image, deeper subjective interpretations such as rhetoric, symbolism, etc.",
  "only_llm_body": "Introduction We address the problem of understanding visual advertisement which is a special case of visual content analysis [9] . While current vision approaches can successfully address object [13, 12, 14] and scene [25, 7, 3] centric interpretations of an image, deeper subjective interpretations such as rhetoric, symbolism, etc. remain challenging and have drawn limited attention from the vision community. Recently, visual ad-understanding has been addressed by Hussain et al. [9] and a dataset has been introduced to evaluate ad-understanding approaches. The authors introduce several sub-problems such as identifying the underlying topics in the ad, predicting the sentiments and symbolism referenced in the ads, associating an action and corresponding reason in response to an ad. In this work, we target understanding of ad images by formulating the task as mutimodal matching of the image and its corresponding human generated statements [24] . These statements were obtained from annotators by asking them to answer questions such as \"I should do this because\". [9] . Note that for interpreting the rhetoric conveyed by an ad image, we need to exploit the semantic, symbolic, and sentimental references made in the image. Moreover, these alternate references are correlated and influence each other to convey a specific message. For example, an ad corresponding to symbols 'humor' and 'fun' are likely to invoke 'amused' sentiment rather than 'sad'. Thus, we consider the interactions be\n\nk (1) We compute the raw attention scores for the object proposals b i by using the attended symbol vector ŝ0 as shown below. We use softmax to normalize the attention scores, denoted as α I i , and finally compute the summary vector b1 for images α I i = softmax(tanh( ŝ0 T W T φ(b i )) (2) b1 = i α I i φ(b i ) (3) where W ∈ D 2 × D 1 is used to project visual features to the symbol space. We use a number subscript in ŝ and b to denote the iteration index for the multihop version. We use a similar operation to compute attention β Z k for symbol z k using the previously attended image vector b1 as shown below: β Z k = softmax(tanh(z T k W T b1 )) (4) We use the given symbol probabilities to weigh the attention maps so as to focus on symbols present in the image as shown below: ŝ1 = k β Z k p k z k (5) We consider co-attention with only two hops to avoid overfitting. We obtain the final features for visual and symbol modalities by fusing the attended vectors at different iterations using\n\nnger' and 'safety' over the course of multihop iterations. Weakly supervised algorithms often suffer from the problem of identifying the most discriminative region(s) in an image. Hence, they may fail to cover all possible salient regions and result in overfitting. To prevent this problem, we apply a heuristic technique wherein for a given n th iteration, we suppress the image attention scores (prior to softmax operation) of the regions which received scores greater than or equal to 0.7 times the highest score in n -1 th iteration. We manually set the scores to a low value (-2). Although this simple step improved the results, we need to further investigate the use of additional constraints ( e.g. spatial and semantic) to discover other salient regions. Figure 1 : 1 Figure 1: Figure shows the image and symbol attention on a PSA ad about the importance of following safety laws. Our algorithm learns to iteratively infer the reference of the symbol 'death' with the relevant image content. Figure 2 : 2 Figure 2: Figure (best seen in color) shows a block diagram of our algorithm (VSE-CoAtt-2) that uses co-attention with multiple hops between visual and symbol modalities. The blocks in red and blue compute attention for image and symbols respectively by using the attended vector from other modality. Figure 3 : 3 Figure 3: Figure shows examples of attention scores generated by our algorithm Table 1 : 1 Comparison of our method (VSE-CoAtt and VSE-CoAtt-2) with different baselines.",
  "only_llm_prompt": "You are writing an academic abstract.\nKeyword: visual_understanding\nBrief summary (2 sentences): Introduction We address the problem of understanding visual advertisement which is a special case of visual content analysis [9] . While current vision approaches can successfully address object [13, 12, 14] and scene [25, 7, 3] centric interpretations of an image, deeper subjective interpretations such as rhetoric, symbolism, etc.\nConstraints: Do not invent datasets, baselines, or numerical results.\nIf results are not stated, describe them generally.\n\nWrite a concise abstract (150-250 words).",
  "only_llm_output": "The analysis of visual advertisements poses a significant challenge in the realm of visual content understanding. While current computer vision techniques excel in object and scene-centric interpretations of images, they often struggle to capture deeper, subjective meanings such as rhetoric, symbolism, and emotional resonance. This limitation stems from the fact that visual advertisements are designed to convey complex messages, leveraging visual elements to persuade and engage audiences.\nTo address this gap, we propose a multidisciplinary approach that integrates insights from visual perception, linguistics, and advertising theory. Our framework aims to develop a more comprehensive understanding of visual advertisements by analyzing their visual, textual, and contextual components. By examining the interplay between these elements, we seek to uncover the underlying mechanisms that enable visual advertisements to evoke emotions, create associations, and shape consumer behavior.\nOur research has the potential to contribute significantly to the field of visual content analysis, enabling the development of more sophisticated and effective visual advertising systems.",
  "rag_queries": [
    "What is the main problem or motivation addressed in this paper?",
    "What method or approach is proposed? Summarize the core idea and components.",
    "What experiments or evaluation setup are used (datasets, tasks, metrics)?",
    "What are the main results or findings? Include numeric results only if present.",
    "What are the key contributions and significance of this work?"
  ],
  "rag_chunks": [
    {
      "vector_id": 1315,
      "score": 0.5412283539772034,
      "text": "summarize visual and symbolic cues for an ad image. we perform multimodal embedding of images and statements to establish their correspondence. our experiments show the advantages of multihop co - attention over vanilla attention for ad - understanding. beyond the presented work, we are currently working on incorporating additional cues such as sentiments and objects inside our model. to resolve the problem of limited training data for subjective references, we are using weakly labeled data on the internet to train models and form associations between objects and symbols. we plan to use these associations to regularize the predicted attention by our model. appendix in this section we show some additional results and provide some more details about the algorithm. we display results for four visual ads corresponding to fast food, road violence, gun violence, and road safety respectively as shown in figure. 3. we observe that our algorithm is able to both identify as well as refine symbol and image attention in multiple iterations. for e. g., in the advertisement on road safety ( last row ), the algorithm refines symbol attention in the second hop by shifting attention from unrelated symbols like'power'and'hunger'to relevant symbols such as'danger'and'safety'over the course of multihop iterations. weakly supervised algorithms often suffer from the problem of identifying the most discriminative region ( s ) in an image. hence, they may fail to cover all possible salient regions and result in overfitting. to prevent this problem, we apply a heuristic technique wherein for a given n th iteration, we suppress the image attention scores ( prior to softmax operation ) of the regions which received scores greater than or equal to 0. 7 times the highest score in n - 1 th iteration. we manually set the scores to a low value ( - 2 ). although this simple step improved the results, we need to further investigate the use of additional constraints ( e. g. spatial and semantic ) to discover other salient regions. figure 1 : 1 figure 1 : figure shows the image and symbol attention on a psa ad about the importance of following safety laws. our algorithm learns to iteratively infer the reference of the symbol'death'with the relevant image content. figure 2 : 2 figure 2 : figure ( best seen in color ) shows a block diagram of our algorithm ( vse - coatt - 2 ) that uses co - attention with multiple hops between visual and symbol modalities. the blocks in red and blue compute attention for image and symbols respectively by using",
      "query": "What is the main problem or motivation addressed in this paper?"
    },
    {
      "vector_id": 1309,
      "score": 0.5409655570983887,
      "text": "introduction we address the problem of understanding visual advertisement which is a special case of visual content analysis [ 9 ]. while current vision approaches can successfully address object [ 13, 12, 14 ] and scene [ 25, 7, 3 ] centric interpretations of an image, deeper subjective interpretations such as rhetoric, symbolism, etc. remain challenging and have drawn limited attention from the vision community. recently, visual ad - understanding has been addressed by hussain et al. [ 9 ] and a dataset has been introduced to evaluate ad - understanding approaches. the authors introduce several sub - problems such as identifying the underlying topics in the ad, predicting the sentiments and symbolism referenced in the ads, associating an action and corresponding reason in response to an ad. in this work, we target understanding of ad images by formulating the task as mutimodal matching of the image and its corresponding human generated statements [ 24 ]. these statements were obtained from annotators by asking them to answer questions such as \" i should do this because \". [ 9 ]. note that for interpreting the rhetoric conveyed by an ad image, we need to exploit the semantic, symbolic, and sentimental references made in the image. moreover, these alternate references are correlated and influence each other to convey a specific message. for example, an ad corresponding to symbols'humor'and'fun'are likely to invoke'amused'sentiment rather than'sad '. thus, we consider the interactions between these references for interpreting ads in the proposed approach. currently, the amount of labeled data for the task of understanding ads is limited as annotating images with symbols and sentiments is both subjective and ambiguous. to tackle these challenges, we propose a novel weakly supervised learning ( wsl ) algorithm that learns to effectively combine multiple references present in an image by using an iterative co - attention mechanism. in this work, we focus only on semantic references ( made via visual content ) and symbolic references, and later discuss ideas for including sentiments and object information within our model. we first obtain scores for symbolic and other references made in an image by using pretrained model trained on labeled data [ 9 ]. these scores describe symbols at an image level instead at a region - level granularity due to the difficulty of labeling region - symbol associations. this is often referred to as wsl setting [ 18, 5, 10 ] and poses specific challenges in understanding ads as different regions are generally associated with different symbols. as previously mentioned, we pose decoding ads as a multimodal matching problem and use",
      "query": "What is the main problem or motivation addressed in this paper?"
    },
    {
      "vector_id": 1316,
      "score": 0.541440486907959,
      "text": "the reference of the symbol'death'with the relevant image content. figure 2 : 2 figure 2 : figure ( best seen in color ) shows a block diagram of our algorithm ( vse - coatt - 2 ) that uses co - attention with multiple hops between visual and symbol modalities. the blocks in red and blue compute attention for image and symbols respectively by using the attended vector from other modality. figure 3 : 3 figure 3 : figure shows examples of attention scores generated by our algorithm table 1 : 1 comparison of our method ( vse - coatt and vse - coatt - 2 ) with different baselines. but",
      "query": "What method or approach is proposed? Summarize the core idea and components."
    },
    {
      "vector_id": 1311,
      "score": 0.5313526391983032,
      "text": "embedding. we also leverage bottom - up and top - down attention [ 24, 1 ] by estimating attention on object proposals leading to improved alignments. our work differs from the work by ye et al. [ 24 ] which uses ( top - down ) attention to attend to image regions and combine additional information from other references by simple fusion and additional learning constraints. moreover, our model is principled in using attention to fuse information from visual and other modalities by using co - attention with multiple hops. our initial experiments show that adopting co - attention with multiple hops outperforms the standard top - down and bottom - up attention in terms of overall ad - understanding performance. approach we propose a co - attention based vse approach, referred to as vse - coatt, for jointly embedding advertisements and their corresponding ad messages. vse - coatt estimates at - tention for image regions by using symbol information and subsequently uses the attended image to predict attention for image symbols. this co - attention formulation allows our method to align visual and symbol modalities and fuse them effectively. we also propose a multihop version of our algorithm, referred to as vse - coatt - 2, that iteratively refines attention masks for the two modalities ( visual and symbolic ) and summarizes the information to compute similarity with an ad statement ( fig. 2 ). we denote an ad image as i ∈ r m ×n ×3. the given ground - truth statements are denoted as y = { y j } nm j = 1. we use an embedding to represent each word and use an lstm [ 8 ] to encode a sentence, denoted as ψ ( y j ) ∈ r d3. we use object proposals, denoted 4 and n = 70, to attend to salient image regions [ 1 ]. we use the curated list of 53 symbols, denoted as z = { z k } k k = 1, z k ∈ r d1, as provided by the authors of the dataset [ 9 ] and encode them using glove vector [ 17 ]. we also assume that we have scores ( p k for symbol z k ) either provided by a human annotator or predicted using another cnn. we use a cnn to extract features from each bounding box b i and denote them as φ ( b i ) ∈ r d2. we begin the iterations for our model by initializing the attended vector ( also referred to as summary vector ) for symbols",
      "query": "What method or approach is proposed? Summarize the core idea and components."
    },
    {
      "vector_id": 1313,
      "score": 0.6177706122398376,
      "text": "max - margin based ranking loss which enforces the matching score of an image - symbol pair to be higher with its true sentences and vice - versa. we define loss for a training sample pair i, z with ground - truth ad messages y as : l ( i, z, y, θ ) = yj ∈y y l / ∈y max ( 0, m - s j + s l ) ( 6 ) experiments dataset : following ye et al. [ 24 ], we evaluate the task of visual ad understanding by matching ad images to their corresponding human generated sentences on the ads dataset [ 9 ]. we follow the data splits and experimental protocol used by ye et al. [ 24 ] and rank 50 statements ( 3 related and 47 unrelated from the same topic ). since the proposed model explores the possibility of including additional knowledge, we evaluate our approach on a subset of the ads dataset which have at least one symbol annotation that belongs to one of the 53 clusters as in [ 9 ]. different from ye et al., we make no distinction between the public service announcements ( psas ) and product ads and combine them during evaluation. during evaluation, we rank the 50 statements for each image based on their similarity score and report mean of the top rank of the ground - truth statements for images ( mean rank metric ). our dataset consists of 13, 938 images partitioned into 5 cross - validation splits - provided by [ 24 ]. implementation details : we extract the features from images ( and boxes ) using resnet - 101 and consider top 70 object proposals [ 26 ]. we experimented with regions proposals trained on the symbol bounding boxes, as in [ 24 ] found the performance to be lower. for learning, we use an adam [ 11 ] optimizer with a learning rate of 5e - 4. we implement several baselines as shown in tab. 1 and use the same features and learning settings for a fair comparison. the baseline vse model [ 12 ] with attention ( vse - att ) and without attention ( vse ) use features before and after the average pooling layer respectively. since our model builds on a bottom - up and top - down attention framework, [ 1 ] that uses object proposals instead of feature maps for attention, we also implement two variants of vse with object proposals : 1 ) using average pooling ( vse - p ) and 2 ) using attention over the proposals ( vse - p - att ) ( similar to ye et al. [ 24",
      "query": "What experiments or evaluation setup are used (datasets, tasks, metrics)?"
    },
    {
      "vector_id": 1312,
      "score": 0.5891590118408203,
      "text": "have scores ( p k for symbol z k ) either provided by a human annotator or predicted using another cnn. we use a cnn to extract features from each bounding box b i and denote them as φ ( b i ) ∈ r d2. we begin the iterations for our model by initializing the attended vector ( also referred to as summary vector ) for symbols ( denoted as s0 ) by : { b i } n i = 1, b i ∈ r s0 = 1 k k z k ( 1 ) we compute the raw attention scores for the object proposals b i by using the attended symbol vector s0 as shown below. we use softmax to normalize the attention scores, denoted as α i i, and finally compute the summary vector b1 for images α i i = softmax ( tanh ( s0 t w t φ ( b i ) ) ( 2 ) b1 = i α i i φ ( b i ) ( 3 ) where w ∈ d 2 × d 1 is used to project visual features to the symbol space. we use a number subscript in s and b to denote the iteration index for the multihop version. we use a similar operation to compute attention β z k for symbol z k using the previously attended image vector b1 as shown below : β z k = softmax ( tanh ( z t k w t b1 ) ) ( 4 ) we use the given symbol probabilities to weigh the attention maps so as to focus on symbols present in the image as shown below : s1 = k β z k p k z k ( 5 ) we consider co - attention with only two hops to avoid overfitting. we obtain the final features for visual and symbol modalities by fusing the attended vectors at different iterations using an addition operation i. e. f iz = t w t bt + st. similar to kiros et al. [ 12 ], we first linearly project f iz and then use cosine similarity to compute similarity s l between f iz and the l th ad statements y l. in order to learn the model parameters, we use a max - margin based ranking loss which enforces the matching score of an image - symbol pair to be higher with its true sentences and vice - versa. we define loss for a training sample pair i, z with ground - truth ad messages y as : l ( i, z, y, θ ) = yj ∈y y l / ∈y max ( 0, m -",
      "query": "What experiments or evaluation setup are used (datasets, tasks, metrics)?"
    }
  ],
  "rag_by_query": {
    "What is the main problem or motivation addressed in this paper?": [
      {
        "vector_id": 1315,
        "score": 0.5412283539772034,
        "text": "summarize visual and symbolic cues for an ad image. we perform multimodal embedding of images and statements to establish their correspondence. our experiments show the advantages of multihop co - attention over vanilla attention for ad - understanding. beyond the presented work, we are currently working on incorporating additional cues such as sentiments and objects inside our model. to resolve the problem of limited training data for subjective references, we are using weakly labeled data on the internet to train models and form associations between objects and symbols. we plan to use these associations to regularize the predicted attention by our model. appendix in this section we show some additional results and provide some more details about the algorithm. we display results for four visual ads corresponding to fast food, road violence, gun violence, and road safety respectively as shown in figure. 3. we observe that our algorithm is able to both identify as well as refine symbol and image attention in multiple iterations. for e. g., in the advertisement on road safety ( last row ), the algorithm refines symbol attention in the second hop by shifting attention from unrelated symbols like'power'and'hunger'to relevant symbols such as'danger'and'safety'over the course of multihop iterations. weakly supervised algorithms often suffer from the problem of identifying the most discriminative region ( s ) in an image. hence, they may fail to cover all possible salient regions and result in overfitting. to prevent this problem, we apply a heuristic technique wherein for a given n th iteration, we suppress the image attention scores ( prior to softmax operation ) of the regions which received scores greater than or equal to 0. 7 times the highest score in n - 1 th iteration. we manually set the scores to a low value ( - 2 ). although this simple step improved the results, we need to further investigate the use of additional constraints ( e. g. spatial and semantic ) to discover other salient regions. figure 1 : 1 figure 1 : figure shows the image and symbol attention on a psa ad about the importance of following safety laws. our algorithm learns to iteratively infer the reference of the symbol'death'with the relevant image content. figure 2 : 2 figure 2 : figure ( best seen in color ) shows a block diagram of our algorithm ( vse - coatt - 2 ) that uses co - attention with multiple hops between visual and symbol modalities. the blocks in red and blue compute attention for image and symbols respectively by using"
      },
      {
        "vector_id": 1309,
        "score": 0.5409655570983887,
        "text": "introduction we address the problem of understanding visual advertisement which is a special case of visual content analysis [ 9 ]. while current vision approaches can successfully address object [ 13, 12, 14 ] and scene [ 25, 7, 3 ] centric interpretations of an image, deeper subjective interpretations such as rhetoric, symbolism, etc. remain challenging and have drawn limited attention from the vision community. recently, visual ad - understanding has been addressed by hussain et al. [ 9 ] and a dataset has been introduced to evaluate ad - understanding approaches. the authors introduce several sub - problems such as identifying the underlying topics in the ad, predicting the sentiments and symbolism referenced in the ads, associating an action and corresponding reason in response to an ad. in this work, we target understanding of ad images by formulating the task as mutimodal matching of the image and its corresponding human generated statements [ 24 ]. these statements were obtained from annotators by asking them to answer questions such as \" i should do this because \". [ 9 ]. note that for interpreting the rhetoric conveyed by an ad image, we need to exploit the semantic, symbolic, and sentimental references made in the image. moreover, these alternate references are correlated and influence each other to convey a specific message. for example, an ad corresponding to symbols'humor'and'fun'are likely to invoke'amused'sentiment rather than'sad '. thus, we consider the interactions between these references for interpreting ads in the proposed approach. currently, the amount of labeled data for the task of understanding ads is limited as annotating images with symbols and sentiments is both subjective and ambiguous. to tackle these challenges, we propose a novel weakly supervised learning ( wsl ) algorithm that learns to effectively combine multiple references present in an image by using an iterative co - attention mechanism. in this work, we focus only on semantic references ( made via visual content ) and symbolic references, and later discuss ideas for including sentiments and object information within our model. we first obtain scores for symbolic and other references made in an image by using pretrained model trained on labeled data [ 9 ]. these scores describe symbols at an image level instead at a region - level granularity due to the difficulty of labeling region - symbol associations. this is often referred to as wsl setting [ 18, 5, 10 ] and poses specific challenges in understanding ads as different regions are generally associated with different symbols. as previously mentioned, we pose decoding ads as a multimodal matching problem and use"
      }
    ],
    "What method or approach is proposed? Summarize the core idea and components.": [
      {
        "vector_id": 1316,
        "score": 0.541440486907959,
        "text": "the reference of the symbol'death'with the relevant image content. figure 2 : 2 figure 2 : figure ( best seen in color ) shows a block diagram of our algorithm ( vse - coatt - 2 ) that uses co - attention with multiple hops between visual and symbol modalities. the blocks in red and blue compute attention for image and symbols respectively by using the attended vector from other modality. figure 3 : 3 figure 3 : figure shows examples of attention scores generated by our algorithm table 1 : 1 comparison of our method ( vse - coatt and vse - coatt - 2 ) with different baselines. but"
      },
      {
        "vector_id": 1311,
        "score": 0.5313526391983032,
        "text": "embedding. we also leverage bottom - up and top - down attention [ 24, 1 ] by estimating attention on object proposals leading to improved alignments. our work differs from the work by ye et al. [ 24 ] which uses ( top - down ) attention to attend to image regions and combine additional information from other references by simple fusion and additional learning constraints. moreover, our model is principled in using attention to fuse information from visual and other modalities by using co - attention with multiple hops. our initial experiments show that adopting co - attention with multiple hops outperforms the standard top - down and bottom - up attention in terms of overall ad - understanding performance. approach we propose a co - attention based vse approach, referred to as vse - coatt, for jointly embedding advertisements and their corresponding ad messages. vse - coatt estimates at - tention for image regions by using symbol information and subsequently uses the attended image to predict attention for image symbols. this co - attention formulation allows our method to align visual and symbol modalities and fuse them effectively. we also propose a multihop version of our algorithm, referred to as vse - coatt - 2, that iteratively refines attention masks for the two modalities ( visual and symbolic ) and summarizes the information to compute similarity with an ad statement ( fig. 2 ). we denote an ad image as i ∈ r m ×n ×3. the given ground - truth statements are denoted as y = { y j } nm j = 1. we use an embedding to represent each word and use an lstm [ 8 ] to encode a sentence, denoted as ψ ( y j ) ∈ r d3. we use object proposals, denoted 4 and n = 70, to attend to salient image regions [ 1 ]. we use the curated list of 53 symbols, denoted as z = { z k } k k = 1, z k ∈ r d1, as provided by the authors of the dataset [ 9 ] and encode them using glove vector [ 17 ]. we also assume that we have scores ( p k for symbol z k ) either provided by a human annotator or predicted using another cnn. we use a cnn to extract features from each bounding box b i and denote them as φ ( b i ) ∈ r d2. we begin the iterations for our model by initializing the attended vector ( also referred to as summary vector ) for symbols"
      }
    ],
    "What experiments or evaluation setup are used (datasets, tasks, metrics)?": [
      {
        "vector_id": 1313,
        "score": 0.6177706122398376,
        "text": "max - margin based ranking loss which enforces the matching score of an image - symbol pair to be higher with its true sentences and vice - versa. we define loss for a training sample pair i, z with ground - truth ad messages y as : l ( i, z, y, θ ) = yj ∈y y l / ∈y max ( 0, m - s j + s l ) ( 6 ) experiments dataset : following ye et al. [ 24 ], we evaluate the task of visual ad understanding by matching ad images to their corresponding human generated sentences on the ads dataset [ 9 ]. we follow the data splits and experimental protocol used by ye et al. [ 24 ] and rank 50 statements ( 3 related and 47 unrelated from the same topic ). since the proposed model explores the possibility of including additional knowledge, we evaluate our approach on a subset of the ads dataset which have at least one symbol annotation that belongs to one of the 53 clusters as in [ 9 ]. different from ye et al., we make no distinction between the public service announcements ( psas ) and product ads and combine them during evaluation. during evaluation, we rank the 50 statements for each image based on their similarity score and report mean of the top rank of the ground - truth statements for images ( mean rank metric ). our dataset consists of 13, 938 images partitioned into 5 cross - validation splits - provided by [ 24 ]. implementation details : we extract the features from images ( and boxes ) using resnet - 101 and consider top 70 object proposals [ 26 ]. we experimented with regions proposals trained on the symbol bounding boxes, as in [ 24 ] found the performance to be lower. for learning, we use an adam [ 11 ] optimizer with a learning rate of 5e - 4. we implement several baselines as shown in tab. 1 and use the same features and learning settings for a fair comparison. the baseline vse model [ 12 ] with attention ( vse - att ) and without attention ( vse ) use features before and after the average pooling layer respectively. since our model builds on a bottom - up and top - down attention framework, [ 1 ] that uses object proposals instead of feature maps for attention, we also implement two variants of vse with object proposals : 1 ) using average pooling ( vse - p ) and 2 ) using attention over the proposals ( vse - p - att ) ( similar to ye et al. [ 24"
      },
      {
        "vector_id": 1312,
        "score": 0.5891590118408203,
        "text": "have scores ( p k for symbol z k ) either provided by a human annotator or predicted using another cnn. we use a cnn to extract features from each bounding box b i and denote them as φ ( b i ) ∈ r d2. we begin the iterations for our model by initializing the attended vector ( also referred to as summary vector ) for symbols ( denoted as s0 ) by : { b i } n i = 1, b i ∈ r s0 = 1 k k z k ( 1 ) we compute the raw attention scores for the object proposals b i by using the attended symbol vector s0 as shown below. we use softmax to normalize the attention scores, denoted as α i i, and finally compute the summary vector b1 for images α i i = softmax ( tanh ( s0 t w t φ ( b i ) ) ( 2 ) b1 = i α i i φ ( b i ) ( 3 ) where w ∈ d 2 × d 1 is used to project visual features to the symbol space. we use a number subscript in s and b to denote the iteration index for the multihop version. we use a similar operation to compute attention β z k for symbol z k using the previously attended image vector b1 as shown below : β z k = softmax ( tanh ( z t k w t b1 ) ) ( 4 ) we use the given symbol probabilities to weigh the attention maps so as to focus on symbols present in the image as shown below : s1 = k β z k p k z k ( 5 ) we consider co - attention with only two hops to avoid overfitting. we obtain the final features for visual and symbol modalities by fusing the attended vectors at different iterations using an addition operation i. e. f iz = t w t bt + st. similar to kiros et al. [ 12 ], we first linearly project f iz and then use cosine similarity to compute similarity s l between f iz and the l th ad statements y l. in order to learn the model parameters, we use a max - margin based ranking loss which enforces the matching score of an image - symbol pair to be higher with its true sentences and vice - versa. we define loss for a training sample pair i, z with ground - truth ad messages y as : l ( i, z, y, θ ) = yj ∈y y l / ∈y max ( 0, m -"
      }
    ]
  },
  "rag_prompt": "You are writing an academic abstract using the provided context.\nKeyword: visual_understanding\n\nContext:\n[Chunk 1] summarize visual and symbolic cues for an ad image. we perform multimodal embedding of images and statements to establish their correspondence. our experiments show the advantages of multihop co - attention over vanilla attention for ad - understanding. beyond the presented work, we are currently working on incorporating additional cues such as sentiments and objects inside our model. to resolve the problem of limited training data for subjective references, we are using weakly labeled data on the internet to train models and form associations between objects and symbols. we plan to use these associations to regularize the predicted attention by our model. appendix in this section we show some additional results and provide some more details about the algorithm. we display results for four visual ads corresponding to fast food, road violence, gun violence, and road safety respectively as shown in figure. 3. we observe that our algorithm is able to both identify as well as refine symbol and image attention in multiple iterations. for e. g., in the advertisement on road safety ( last row ), the algorithm refines symbol attention in the second hop by shifting attention from unrelated symbols like'power'and'hunger'to relevant symbols such as'danger'and'safety'over the course of multihop iterations. weakly supervised algorithms often suffer from the problem of identifying the most discriminative region ( s ) in an image. hence, they may fail to cover all possible salient regions and result in overfitting. to prevent this problem, we apply a heuristic technique wherein for a given n th iteration, we suppress the image attention scores ( prior to softmax operation ) of the regions which received scores greater than or equal to 0. 7 times the highest score in n - 1 th iteration. we manually set the scores to a low value ( - 2 ). although this simple step improved the results, we need to further investigate the use of additional constraints ( e. g. spatial and semantic ) to discover other salient regions. figure 1 : 1 figure 1 : figure shows the image and symbol attention on a psa ad about the importance of following safety laws. our algorithm learns to iteratively infer the reference of the symbol'death'with the relevant image content. figure 2 : 2 figure 2 : figure ( best seen in color ) shows a block diagram of our algorithm ( vse - coatt - 2 ) that uses co - attention with multiple hops between visual and symbol modalities. the blocks in red and blue compute attention for image and symbols respectively by using\n\n[Chunk 2] introduction we address the problem of understanding visual advertisement which is a special case of visual content analysis [ 9 ]. while current vision approaches can successfully address object [ 13, 12, 14 ] and scene [ 25, 7, 3 ] centric interpretations of an image, deeper subjective interpretations such as rhetoric, symbolism, etc. remain challenging and have drawn limited attention from the vision community. recently, visual ad - understanding has been addressed by hussain et al. [ 9 ] and a dataset has been introduced to evaluate ad - understanding approaches. the authors introduce several sub - problems such as identifying the underlying topics in the ad, predicting the sentiments and symbolism referenced in the ads, associating an action and corresponding reason in response to an ad. in this work, we target understanding of ad images by formulating the task as mutimodal matching of the image and its corresponding human generated statements [ 24 ]. these statements were obtained from annotators by asking them to answer questions such as \" i should do this because \". [ 9 ]. note that for interpreting the rhetoric conveyed by an ad image, we need to exploit the semantic, symbolic, and sentimental references made in the image. moreover, these alternate references are correlated and influence each other to convey a specific message. for example, an ad corresponding to symbols'humor'and'fun'are likely to invoke'amused'sentiment rather than'sad '. thus, we consider the interactions between these references for interpreting ads in the proposed approach. currently, the amount of labeled data for the task of understanding ads is limited as annotating images with symbols and sentiments is both subjective and ambiguous. to tackle these challenges, we propose a novel weakly supervised learning ( wsl ) algorithm that learns to effectively combine multiple references present in an image by using an iterative co - attention mechanism. in this work, we focus only on semantic references ( made via visual content ) and symbolic references, and later discuss ideas for including sentiments and object information within our model. we first obtain scores for symbolic and other references made in an image by using pretrained model trained on labeled data [ 9 ]. these scores describe symbols at an image level instead at a region - level granularity due to the difficulty of labeling region - symbol associations. this is often referred to as wsl setting [ 18, 5, 10 ] and poses specific challenges in understanding ads as different regions are generally associated with different symbols. as previously mentioned, we pose decoding ads as a multimodal matching problem and use\n\n[Chunk 3] the reference of the symbol'death'with the relevant image content. figure 2 : 2 figure 2 : figure ( best seen in color ) shows a block diagram of our algorithm ( vse - coatt - 2 ) that uses co - attention with multiple hops between visual and symbol modalities. the blocks in red and blue compute attention for image and symbols respectively by using the attended vector from other modality. figure 3 : 3 figure 3 : figure shows examples of attention scores generated by our algorithm table 1 : 1 comparison of our method ( vse - coatt and vse - coatt - 2 ) with different baselines. but\n\nConstraints: Use only the context. Do not invent datasets, baselines, or numerical results.\nIf results are not stated, describe them generally.\n\nWrite a concise abstract (150-250 words).",
  "rag_output": "This work addresses the problem of understanding visual advertisements by formulating it as a multimodal matching task between images and their corresponding human-generated statements. We propose a novel weakly supervised learning algorithm that combines symbolic and semantic references in an image using an iterative co-attention mechanism. The algorithm learns to refine symbol and image attention in multiple iterations, effectively capturing the interactions between different references to convey a specific message. To address the challenge of limited training data, we utilize weakly labeled data from the internet to train models and form associations between objects and symbols.\nOur experiments demonstrate the advantages of multihop co-attention over vanilla attention for ad understanding. We also introduce a heuristic technique to prevent overfitting by suppressing image attention scores of regions with high scores in previous iterations. Our algorithm is able to iteratively infer the reference of symbols with relevant image content, providing a deeper understanding of visual advertisements. The proposed approach has the potential to be extended to include sentiments and object information, making it a promising solution for visual content analysis.",
  "metrics": {
    "hwt": {
      "llama": {
        "perplexity": 24.370158584949497,
        "burstness": 3.009765625,
        "curvature": 0.04638671875
      },
      "gpt2": {
        "perplexity": 39.40245503911115,
        "burstness": 3.23828125,
        "curvature": 0.07265625000000009
      }
    },
    "only_llm": {
      "llama": {
        "perplexity": 3.893758941798335,
        "burstness": 1.921875,
        "curvature": 0.3470703125000001
      },
      "gpt2": {
        "perplexity": 12.158723248329283,
        "burstness": 2.171875,
        "curvature": 0.30419921875
      }
    },
    "rag": {
      "llama": {
        "perplexity": 15.642631884188171,
        "burstness": 2.58984375,
        "curvature": 0.09482421874999991
      },
      "gpt2": {
        "perplexity": 27.293282919182133,
        "burstness": 2.69921875,
        "curvature": 0.14599609375
      }
    }
  }
}