{
  "paper_id": "1809.00496v2",
  "keyword": "visual_understanding",
  "source_path": "papers/outputs/visual_understanding/1809.00496v2.json",
  "abstract_hwt": "This paper introduces a new multi-modal dataset for visual and audio-visual speech recognition. It includes face tracks from over 400 hours of TED and TEDx videos, along with the corresponding subtitles and word alignment boundaries. The new dataset is substantially larger in scale compared to other public datasets that are available for general research.",
  "abstract_only_llm": "Visual speech recognition, or lip reading, is a complex task that poses significant challenges for humans and automated systems alike. Despite its difficulty, recent advancements in deep neural network models have led to substantial improvements in automated lip reading performance. This paper explores the application of deep learning models to enhance visual understanding in lip reading, with a focus on leveraging large-scale datasets and exploiting the strengths of convolutional neural networks (CNNs) and recurrent neural networks (RNNs).\nOur investigation aims to identify the key factors contributing to improved lip reading accuracy, including the selection of optimal network architectures, the importance of data augmentation techniques, and the impact of transfer learning on model performance. By examining the relationships between these factors and visual understanding, we seek to develop a deeper understanding of the underlying mechanisms driving lip reading performance. The results of this study are expected to contribute to the development of more accurate and robust automated lip reading systems, with potential applications in various fields, including human-computer interaction, speech recognition, and assistive technology.",
  "abstract_rag": "This paper presents the LRS3-TED dataset, a large-scale benchmark for audio-visual speech recognition, particularly lip reading. The dataset comprises over 400 hours of video extracted from 5,594 TED and TEDx talks in English, downloaded from YouTube. The dataset includes cropped face tracks as MP4 files, audio tracks as single-channel 16-bit 16kHz format, and text transcripts with alignment boundaries for every word. The dataset is organized into three sets: pre-train, train-val, and test, with the latter being completely independent.\nThe dataset is designed to facilitate visual understanding and support various applications such as lip reading, audio-visual speech recognition, and video-driven speech enhancement. Unlike existing datasets, LRS3-TED provides a large-scale common benchmark, enabling the comparison of lip-reading systems. The dataset's diversity in speakers, shot changes, and continuous face tracks make it an ideal resource for researchers to develop and evaluate visual understanding models.\nThe LRS3-TED dataset aims to bridge the gap in visual understanding by providing a comprehensive and accessible resource for the research community.",
  "only_llm_summary": "Introduction Visual speech recognition (or lip reading) is a very challenging task, and a difficult skill for a human to learn. In the recent years, there has been significant progress [1, 2, 3, 4] in the performance of automated lip reading due to the application of deep neural network models and the availability of large scale datasets.",
  "only_llm_body": "Introduction Visual speech recognition (or lip reading) is a very challenging task, and a difficult skill for a human to learn. In the recent years, there has been significant progress [1, 2, 3, 4] in the performance of automated lip reading due to the application of deep neural network models and the availability of large scale datasets. However, most of these datasets are subject to some restrictions (e.g. LRW [5] or the LRS2-BBC [6] cannot be used by industrial research labs) and this has meant that it is difficult to compare the performance of one lip-reading system to another, as there is no large scale common benchmark dataset. Our aim in releasing the LRS3-TED dataset is to provide such a benchmark dataset, and one that is larger in size compared to any available dataset in this field. The LRS3-TED dataset can be downloaded from http://www.robots.ox.ac.uk/ ˜vgg/data/lip_reading. LRS3-TED dataset The dataset consists of over 400 hours of video, extracted from 5594 TED and TEDx talks in English, downloaded from YouTube. The cropped face tracks are provided as .mp4 files with a resolution of 224×224 and a frame rate of 25 fps, encoded using the h264 codec. The audio tracks are provided as single-channel 16-bit 16kHz format, while the corresponding text transcripts, as well as the alignment boundaries of every word are included in plain text files. The dataset is organized into three sets: pre-train, train-val and test. The first two overlap in terms of content but the las\n\nle Shot MultiBox Detector (SSD) [10] to detect face appearances in the individual frames. The time boundaries of a shot are determined by comparing color histograms across consecutive frames [11] , and within each shot, face tracks are generated from face detections based on their positions. Audio and text preparation. Only the videos providing english subtitles created by humans were used. The subtitles in the YouTube videos are broadcast in sync with the audio only at sentence-level, therefore the Penn Phonetics Lab Forced Aligner (P2FA) [12] is used to obtain a word-level alignment between the subtitle and the audio signal. The alignment is double-checked against an off-the-shelf Kaldi-based ASR model. AV sync and speaker detection. In YouTube or broadcast videos, the audio and the video streams can be out of sync by up to around one second, which can introduce temporal offsets between the videos and the text labels (aligned to the audio). We use a two-stream network (SyncNet) descr\n\n duration of the face track, along with the corresponding subtitles. It is extracted from the same set of original YouTube videos as the train-val set. However, these videos may be shorter or longer than the full sentences included in the trainval and test sets, and are annotated with the alignment boundaries of every word. Conclusion In this document, we have briefly described the LRS3-TED audio-visual corpus. The dataset is useful for many applications including lip reading, audio-visual speech recognition, videodriven speech enhancement, as well as other audio-visual learning tasks. [6] reports the performance of some of the latest lip reading models on this dataset. Table 1 : 1 A comparison of publicly available lip reading datasets. Division of training, validation and test data; and the number of utterances, number of word instances and vocabulary size of each partition. Utt: Utterances. Dataset Source Split Dates # Spk. # Utt. Word inst. Vocab # hours GRID [7] - - - 51 33,000 165k 51 27.5 MODALITY [8] - - - 35 5,880 8,085 182 31 LRW [5] BBC Train-val Test 01/2010 -12/2015 01/2016 -09/2016 -- 514k 25k 514k 25k 500 500 165 8 Pre-train 01/2010 -02/2016 - 96k 2M 41k 195 LRS2-BBC [6] BBC Train-val Test 01/2010 -02/2016 03/2016 -09/2016 -- 47k 1,243 337k 6,663 18k 1,693 29 0.5 Text-only 01/2016 -02/2016 - 8M 26M 60k - LRS3-TED TED & TEDx (YouTube) Pre-train Train-val Test Text-only ---- 5,090 4,004 451 5,543 119k 32k 1,452 1.2M 3.9M 358k 11k 7.2M 51k 17k 2,136 57k 407 30",
  "only_llm_prompt": "You are writing an academic abstract.\nKeyword: visual_understanding\nBrief summary (2 sentences): Introduction Visual speech recognition (or lip reading) is a very challenging task, and a difficult skill for a human to learn. In the recent years, there has been significant progress [1, 2, 3, 4] in the performance of automated lip reading due to the application of deep neural network models and the availability of large scale datasets.\nConstraints: Do not invent datasets, baselines, or numerical results.\nIf results are not stated, describe them generally.\n\nWrite a concise abstract (150-250 words).",
  "only_llm_output": "Visual speech recognition, or lip reading, is a complex task that poses significant challenges for humans and automated systems alike. Despite its difficulty, recent advancements in deep neural network models have led to substantial improvements in automated lip reading performance. This paper explores the application of deep learning models to enhance visual understanding in lip reading, with a focus on leveraging large-scale datasets and exploiting the strengths of convolutional neural networks (CNNs) and recurrent neural networks (RNNs).\nOur investigation aims to identify the key factors contributing to improved lip reading accuracy, including the selection of optimal network architectures, the importance of data augmentation techniques, and the impact of transfer learning on model performance. By examining the relationships between these factors and visual understanding, we seek to develop a deeper understanding of the underlying mechanisms driving lip reading performance. The results of this study are expected to contribute to the development of more accurate and robust automated lip reading systems, with potential applications in various fields, including human-computer interaction, speech recognition, and assistive technology.",
  "rag_queries": [
    "What is the main problem or motivation addressed in this paper?",
    "What method or approach is proposed? Summarize the core idea and components.",
    "What experiments or evaluation setup are used (datasets, tasks, metrics)?",
    "What are the main results or findings? Include numeric results only if present.",
    "What are the key contributions and significance of this work?"
  ],
  "rag_chunks": [
    {
      "vector_id": 428,
      "score": 0.48023924231529236,
      "text": "stops, commas and question marks. the sentences in the train - val and test sets are clipped to 100 characters or 6 seconds. the train - val and test sets are divided by videos ( extracted from disjoint sets of original videos ). although we do not explicitly label the identities, it is unlikely that there are many identities that appear in both training and test sets, since the speakers do not generally appear on ted programs repeatedly. this is in contrast to the lrw and the lrs2 - bbc datasets that are based on regular tv programs, hence the same characters are likely to appear in common from one episode to the next. the pre - train set is more extensive, as it contains videos spanning the full duration of the face track, along with the corresponding subtitles. it is extracted from the same set of original youtube videos as the train - val set. however, these videos may be shorter or longer than the full sentences included in the trainval and test sets, and are annotated with the alignment boundaries of every word. conclusion in this document, we have briefly described the lrs3 - ted audio - visual corpus. the dataset is useful for many applications including lip reading, audio - visual speech recognition, videodriven speech enhancement, as well as other audio - visual learning tasks. [ 6 ] reports the performance of some of the latest lip reading models on this dataset. table 1 : 1 a comparison of publicly available lip reading datasets. division of training, validation and test data ; and the number of utterances, number of word instances and vocabulary size of each partition. utt : utterances. dataset source split dates # spk. # utt. word inst. vocab # hours grid [ 7 ] - - - 51 33, 000 165k 51 27. 5 modality [ 8 ] - - - 35 5, 880 8, 085 182 31 lrw [ 5 ] bbc train - val test 01 / 2010 - 12 / 2015 01 / 2016 - 09 / 2016 - - 514k 25k 514k 25k 500 500 165 8 pre - train 01 / 2010 - 02 / 2016 - 96k 2m 41k 195 lrs2 - bbc [ 6 ] bbc train - val test 01 / 2010 - 02 / 2016 03 / 2016 - 09 / 2016 - - 47k 1, 243 337k 6, 663 18k 1, 693 29 0. 5 text - only 01 / 2016 - 02 / 2016",
      "query": "What is the main problem or motivation addressed in this paper?"
    },
    {
      "vector_id": 426,
      "score": 0.4749915599822998,
      "text": "introduction visual speech recognition ( or lip reading ) is a very challenging task, and a difficult skill for a human to learn. in the recent years, there has been significant progress [ 1, 2, 3, 4 ] in the performance of automated lip reading due to the application of deep neural network models and the availability of large scale datasets. however, most of these datasets are subject to some restrictions ( e. g. lrw [ 5 ] or the lrs2 - bbc [ 6 ] cannot be used by industrial research labs ) and this has meant that it is difficult to compare the performance of one lip - reading system to another, as there is no large scale common benchmark dataset. our aim in releasing the lrs3 - ted dataset is to provide such a benchmark dataset, and one that is larger in size compared to any available dataset in this field. the lrs3 - ted dataset can be downloaded from http : / / www. robots. ox. ac. uk / / data / lip _ reading. lrs3 - ted dataset the dataset consists of over 400 hours of video, extracted from 5594 ted and tedx talks in english, downloaded from youtube. the cropped face tracks are provided as. mp4 files with a resolution of 224×224 and a frame rate of 25 fps, encoded using the h264 codec. the audio tracks are provided as single - channel 16 - bit 16khz format, while the corresponding text transcripts, as well as the alignment boundaries of every word are included in plain text files. the dataset is organized into three sets : pre - train, train - val and test. the first two overlap in terms of content but the last is completely independent. the statistics for each set are given in table 1. data collection we use a multi - stage pipeline for automatically generating the large - scale dataset for audio - visual speech recognition. using this pipeline, we have been able to collect hundreds of hours of spoken sentences and phrases along with the corresponding facetrack. we start from the ted and tedx videos that are available on their respective youtube channels. these videos were se - lected for mutliple reasons : ( 1 ) a wide range of speakers appears in the videos, unlike movies or dramas with a fixed cast ; ( 2 ) shot changes are less frequent, therefore there are more full sentences with continuous facetracks ; ( 3 ) the speakers usually talk without interruption,",
      "query": "What is the main problem or motivation addressed in this paper?"
    },
    {
      "vector_id": 427,
      "score": 0.472702294588089,
      "text": "that are available on their respective youtube channels. these videos were se - lected for mutliple reasons : ( 1 ) a wide range of speakers appears in the videos, unlike movies or dramas with a fixed cast ; ( 2 ) shot changes are less frequent, therefore there are more full sentences with continuous facetracks ; ( 3 ) the speakers usually talk without interruption, allowing us to obtain longer face tracks. ted videos have previously been used for audio - visual datasets for these reasons [ 9 ]. the pipeline is based on the methods described in [ 1, 6 ], but we give a brief sketch of the method here. video preparation. we use a cnn face detector based on the single shot multibox detector ( ssd ) [ 10 ] to detect face appearances in the individual frames. the time boundaries of a shot are determined by comparing color histograms across consecutive frames [ 11 ], and within each shot, face tracks are generated from face detections based on their positions. audio and text preparation. only the videos providing english subtitles created by humans were used. the subtitles in the youtube videos are broadcast in sync with the audio only at sentence - level, therefore the penn phonetics lab forced aligner ( p2fa ) [ 12 ] is used to obtain a word - level alignment between the subtitle and the audio signal. the alignment is double - checked against an off - the - shelf kaldi - based asr model. av sync and speaker detection. in youtube or broadcast videos, the audio and the video streams can be out of sync by up to around one second, which can introduce temporal offsets between the videos and the text labels ( aligned to the audio ). we use a two - stream network ( syncnet ) described in [ 13 ] to synchronise the two streams. the same network is also used to determine which face's lip movements match the audio, and if none matches, the clip is rejected as being a voice - over. sentence extraction. the videos are divided into individual sentences / phrases using the punctuations in the transcript. the sentences are separated by full stops, commas and question marks. the sentences in the train - val and test sets are clipped to 100 characters or 6 seconds. the train - val and test sets are divided by videos ( extracted from disjoint sets of original videos ). although we do not explicitly label the identities, it is unlikely that there are many identities that appear in both training and test sets",
      "query": "What method or approach is proposed? Summarize the core idea and components."
    }
  ],
  "rag_by_query": {
    "What is the main problem or motivation addressed in this paper?": [
      {
        "vector_id": 428,
        "score": 0.48023924231529236,
        "text": "stops, commas and question marks. the sentences in the train - val and test sets are clipped to 100 characters or 6 seconds. the train - val and test sets are divided by videos ( extracted from disjoint sets of original videos ). although we do not explicitly label the identities, it is unlikely that there are many identities that appear in both training and test sets, since the speakers do not generally appear on ted programs repeatedly. this is in contrast to the lrw and the lrs2 - bbc datasets that are based on regular tv programs, hence the same characters are likely to appear in common from one episode to the next. the pre - train set is more extensive, as it contains videos spanning the full duration of the face track, along with the corresponding subtitles. it is extracted from the same set of original youtube videos as the train - val set. however, these videos may be shorter or longer than the full sentences included in the trainval and test sets, and are annotated with the alignment boundaries of every word. conclusion in this document, we have briefly described the lrs3 - ted audio - visual corpus. the dataset is useful for many applications including lip reading, audio - visual speech recognition, videodriven speech enhancement, as well as other audio - visual learning tasks. [ 6 ] reports the performance of some of the latest lip reading models on this dataset. table 1 : 1 a comparison of publicly available lip reading datasets. division of training, validation and test data ; and the number of utterances, number of word instances and vocabulary size of each partition. utt : utterances. dataset source split dates # spk. # utt. word inst. vocab # hours grid [ 7 ] - - - 51 33, 000 165k 51 27. 5 modality [ 8 ] - - - 35 5, 880 8, 085 182 31 lrw [ 5 ] bbc train - val test 01 / 2010 - 12 / 2015 01 / 2016 - 09 / 2016 - - 514k 25k 514k 25k 500 500 165 8 pre - train 01 / 2010 - 02 / 2016 - 96k 2m 41k 195 lrs2 - bbc [ 6 ] bbc train - val test 01 / 2010 - 02 / 2016 03 / 2016 - 09 / 2016 - - 47k 1, 243 337k 6, 663 18k 1, 693 29 0. 5 text - only 01 / 2016 - 02 / 2016"
      },
      {
        "vector_id": 426,
        "score": 0.4749915599822998,
        "text": "introduction visual speech recognition ( or lip reading ) is a very challenging task, and a difficult skill for a human to learn. in the recent years, there has been significant progress [ 1, 2, 3, 4 ] in the performance of automated lip reading due to the application of deep neural network models and the availability of large scale datasets. however, most of these datasets are subject to some restrictions ( e. g. lrw [ 5 ] or the lrs2 - bbc [ 6 ] cannot be used by industrial research labs ) and this has meant that it is difficult to compare the performance of one lip - reading system to another, as there is no large scale common benchmark dataset. our aim in releasing the lrs3 - ted dataset is to provide such a benchmark dataset, and one that is larger in size compared to any available dataset in this field. the lrs3 - ted dataset can be downloaded from http : / / www. robots. ox. ac. uk / / data / lip _ reading. lrs3 - ted dataset the dataset consists of over 400 hours of video, extracted from 5594 ted and tedx talks in english, downloaded from youtube. the cropped face tracks are provided as. mp4 files with a resolution of 224×224 and a frame rate of 25 fps, encoded using the h264 codec. the audio tracks are provided as single - channel 16 - bit 16khz format, while the corresponding text transcripts, as well as the alignment boundaries of every word are included in plain text files. the dataset is organized into three sets : pre - train, train - val and test. the first two overlap in terms of content but the last is completely independent. the statistics for each set are given in table 1. data collection we use a multi - stage pipeline for automatically generating the large - scale dataset for audio - visual speech recognition. using this pipeline, we have been able to collect hundreds of hours of spoken sentences and phrases along with the corresponding facetrack. we start from the ted and tedx videos that are available on their respective youtube channels. these videos were se - lected for mutliple reasons : ( 1 ) a wide range of speakers appears in the videos, unlike movies or dramas with a fixed cast ; ( 2 ) shot changes are less frequent, therefore there are more full sentences with continuous facetracks ; ( 3 ) the speakers usually talk without interruption,"
      }
    ],
    "What method or approach is proposed? Summarize the core idea and components.": [
      {
        "vector_id": 427,
        "score": 0.472702294588089,
        "text": "that are available on their respective youtube channels. these videos were se - lected for mutliple reasons : ( 1 ) a wide range of speakers appears in the videos, unlike movies or dramas with a fixed cast ; ( 2 ) shot changes are less frequent, therefore there are more full sentences with continuous facetracks ; ( 3 ) the speakers usually talk without interruption, allowing us to obtain longer face tracks. ted videos have previously been used for audio - visual datasets for these reasons [ 9 ]. the pipeline is based on the methods described in [ 1, 6 ], but we give a brief sketch of the method here. video preparation. we use a cnn face detector based on the single shot multibox detector ( ssd ) [ 10 ] to detect face appearances in the individual frames. the time boundaries of a shot are determined by comparing color histograms across consecutive frames [ 11 ], and within each shot, face tracks are generated from face detections based on their positions. audio and text preparation. only the videos providing english subtitles created by humans were used. the subtitles in the youtube videos are broadcast in sync with the audio only at sentence - level, therefore the penn phonetics lab forced aligner ( p2fa ) [ 12 ] is used to obtain a word - level alignment between the subtitle and the audio signal. the alignment is double - checked against an off - the - shelf kaldi - based asr model. av sync and speaker detection. in youtube or broadcast videos, the audio and the video streams can be out of sync by up to around one second, which can introduce temporal offsets between the videos and the text labels ( aligned to the audio ). we use a two - stream network ( syncnet ) described in [ 13 ] to synchronise the two streams. the same network is also used to determine which face's lip movements match the audio, and if none matches, the clip is rejected as being a voice - over. sentence extraction. the videos are divided into individual sentences / phrases using the punctuations in the transcript. the sentences are separated by full stops, commas and question marks. the sentences in the train - val and test sets are clipped to 100 characters or 6 seconds. the train - val and test sets are divided by videos ( extracted from disjoint sets of original videos ). although we do not explicitly label the identities, it is unlikely that there are many identities that appear in both training and test sets"
      }
    ]
  },
  "rag_prompt": "You are writing an academic abstract using the provided context.\nKeyword: visual_understanding\n\nContext:\n[Chunk 1] stops, commas and question marks. the sentences in the train - val and test sets are clipped to 100 characters or 6 seconds. the train - val and test sets are divided by videos ( extracted from disjoint sets of original videos ). although we do not explicitly label the identities, it is unlikely that there are many identities that appear in both training and test sets, since the speakers do not generally appear on ted programs repeatedly. this is in contrast to the lrw and the lrs2 - bbc datasets that are based on regular tv programs, hence the same characters are likely to appear in common from one episode to the next. the pre - train set is more extensive, as it contains videos spanning the full duration of the face track, along with the corresponding subtitles. it is extracted from the same set of original youtube videos as the train - val set. however, these videos may be shorter or longer than the full sentences included in the trainval and test sets, and are annotated with the alignment boundaries of every word. conclusion in this document, we have briefly described the lrs3 - ted audio - visual corpus. the dataset is useful for many applications including lip reading, audio - visual speech recognition, videodriven speech enhancement, as well as other audio - visual learning tasks. [ 6 ] reports the performance of some of the latest lip reading models on this dataset. table 1 : 1 a comparison of publicly available lip reading datasets. division of training, validation and test data ; and the number of utterances, number of word instances and vocabulary size of each partition. utt : utterances. dataset source split dates # spk. # utt. word inst. vocab # hours grid [ 7 ] - - - 51 33, 000 165k 51 27. 5 modality [ 8 ] - - - 35 5, 880 8, 085 182 31 lrw [ 5 ] bbc train - val test 01 / 2010 - 12 / 2015 01 / 2016 - 09 / 2016 - - 514k 25k 514k 25k 500 500 165 8 pre - train 01 / 2010 - 02 / 2016 - 96k 2m 41k 195 lrs2 - bbc [ 6 ] bbc train - val test 01 / 2010 - 02 / 2016 03 / 2016 - 09 / 2016 - - 47k 1, 243 337k 6, 663 18k 1, 693 29 0. 5 text - only 01 / 2016 - 02 / 2016\n\n[Chunk 2] introduction visual speech recognition ( or lip reading ) is a very challenging task, and a difficult skill for a human to learn. in the recent years, there has been significant progress [ 1, 2, 3, 4 ] in the performance of automated lip reading due to the application of deep neural network models and the availability of large scale datasets. however, most of these datasets are subject to some restrictions ( e. g. lrw [ 5 ] or the lrs2 - bbc [ 6 ] cannot be used by industrial research labs ) and this has meant that it is difficult to compare the performance of one lip - reading system to another, as there is no large scale common benchmark dataset. our aim in releasing the lrs3 - ted dataset is to provide such a benchmark dataset, and one that is larger in size compared to any available dataset in this field. the lrs3 - ted dataset can be downloaded from http : / / www. robots. ox. ac. uk / / data / lip _ reading. lrs3 - ted dataset the dataset consists of over 400 hours of video, extracted from 5594 ted and tedx talks in english, downloaded from youtube. the cropped face tracks are provided as. mp4 files with a resolution of 224×224 and a frame rate of 25 fps, encoded using the h264 codec. the audio tracks are provided as single - channel 16 - bit 16khz format, while the corresponding text transcripts, as well as the alignment boundaries of every word are included in plain text files. the dataset is organized into three sets : pre - train, train - val and test. the first two overlap in terms of content but the last is completely independent. the statistics for each set are given in table 1. data collection we use a multi - stage pipeline for automatically generating the large - scale dataset for audio - visual speech recognition. using this pipeline, we have been able to collect hundreds of hours of spoken sentences and phrases along with the corresponding facetrack. we start from the ted and tedx videos that are available on their respective youtube channels. these videos were se - lected for mutliple reasons : ( 1 ) a wide range of speakers appears in the videos, unlike movies or dramas with a fixed cast ; ( 2 ) shot changes are less frequent, therefore there are more full sentences with continuous facetracks ; ( 3 ) the speakers usually talk without interruption,\n\nConstraints: Use only the context. Do not invent datasets, baselines, or numerical results.\nIf results are not stated, describe them generally.\n\nWrite a concise abstract (150-250 words).",
  "rag_output": "This paper presents the LRS3-TED dataset, a large-scale benchmark for audio-visual speech recognition, particularly lip reading. The dataset comprises over 400 hours of video extracted from 5,594 TED and TEDx talks in English, downloaded from YouTube. The dataset includes cropped face tracks as MP4 files, audio tracks as single-channel 16-bit 16kHz format, and text transcripts with alignment boundaries for every word. The dataset is organized into three sets: pre-train, train-val, and test, with the latter being completely independent.\nThe dataset is designed to facilitate visual understanding and support various applications such as lip reading, audio-visual speech recognition, and video-driven speech enhancement. Unlike existing datasets, LRS3-TED provides a large-scale common benchmark, enabling the comparison of lip-reading systems. The dataset's diversity in speakers, shot changes, and continuous face tracks make it an ideal resource for researchers to develop and evaluate visual understanding models.\nThe LRS3-TED dataset aims to bridge the gap in visual understanding by providing a comprehensive and accessible resource for the research community.",
  "metrics": {
    "hwt": {
      "llama": {
        "perplexity": 15.310144149387147,
        "burstness": 2.275390625,
        "curvature": 0.3358398437500001
      },
      "gpt2": {
        "perplexity": 28.996858600549206,
        "burstness": 2.525390625,
        "curvature": 0.3030273437500002
      }
    },
    "only_llm": {
      "llama": {
        "perplexity": 3.144037533085511,
        "burstness": 1.6064453125,
        "curvature": 0.3174804687499999
      },
      "gpt2": {
        "perplexity": 7.476155954026993,
        "burstness": 2.052734375,
        "curvature": 0.3308593750000002
      }
    },
    "rag": {
      "llama": {
        "perplexity": 9.142104631615627,
        "burstness": 2.54296875,
        "curvature": 0.1644531250000001
      },
      "gpt2": {
        "perplexity": 19.24076585887165,
        "burstness": 2.6875,
        "curvature": 0.1998046874999999
      }
    }
  }
}