{
  "paper_id": "1909.09192v1",
  "keyword": "visual_understanding",
  "source_path": "papers/outputs/visual_understanding/1909.09192v1.json",
  "abstract_hwt": "There has been a rapid progress in the task of Visual Question Answering with improved model architectures. Unfortunately, these models are usually computationally intensive due to their sheer size which poses a serious challenge for deployment. We aim to tackle this issue for the specific task of Visual Question Answering (VQA). A Convolutional Neural Network (CNN) is an integral part of the visual processing pipeline of a VQA model (assuming the CNN is trained along with entire VQA model). In this project, we propose an efficient and modular neural architecture for the VQA task with focus on the CNN module. Our experiments demonstrate that a sparsely activated CNN based VQA model achieves comparable performance to a standard CNN based VQA model architecture.",
  "abstract_only_llm": "Visual understanding has become a crucial aspect of modern artificial intelligence, with applications ranging from image classification to question answering. Conditional computation, a paradigm that dynamically adjusts computational resources based on input complexity, has shown promise in optimizing deep neural networks for visual understanding tasks. In this work, we focus on optimizing the convolutions performed by Convolutional Neural Networks (CNNs) in conditional computation settings.\nWe propose a modularized version of the ResNeXt CNN, designed to improve the efficiency and effectiveness of visual understanding tasks. By decoupling the CNN into smaller, interchangeable modules, we enable conditional computation to selectively activate or deactivate specific modules based on input complexity. This approach allows for a more adaptive and efficient use of computational resources, potentially leading to improved performance and reduced energy consumption.\nOur modularized ResNeXt CNN is evaluated on two benchmark datasets: VQA v2 and CLEVR. We demonstrate the potential of this approach to enhance visual understanding in conditional computation settings, while also providing a framework for further research and exploration.",
  "abstract_rag": "This study explores the application of modularized ResNext blocks and gate controllers in visual understanding tasks. The proposed modularized ResNext block is shown to be more efficient than the regular implementation when the hyper-parameter k is less than 32. The gate controller plays a crucial role in choosing the most important set of experts by predicting a soft attention over the image grid using visual and question features. The weighted visual feature vector is then summed with the question feature representation to obtain a query vector in the multimodal space.\nExperiments on the VQA V2 dataset demonstrate that the proposed model achieves comparable accuracy to the baseline model with minimal loss in accuracy. The use of a gate controller helps to balance out the variation in gate values, preventing weights from increasing in magnitude during training. The results also highlight the efficiency of the modularized ResNext block in reducing computational complexity.\nThe study contributes to the field of visual understanding by introducing a novel approach to designing convolutional neural networks. The proposed architecture demonstrates the potential for achieving top performance with a lesser computational complexity, making it a promising direction for future research.",
  "only_llm_summary": "Introduction Our main goal is to optimize the convolutions performed by the Convolutional Neural Network (CNN) in a conditional computation setting. We use an off-the-shelf neural architecture for both VQA v2 [7] and CLEVR [15] datasets and just replace the CNN with a modularized version of the ResNeXt [29] CNN as we describe below.",
  "only_llm_body": "Introduction Our main goal is to optimize the convolutions performed by the Convolutional Neural Network (CNN) in a conditional computation setting. We use an off-the-shelf neural architecture for both VQA v2 [7] and CLEVR [15] datasets and just replace the CNN with a modularized version of the ResNeXt [29] CNN as we describe below. The details of convolutional architecture used in the VQA v2 model and CLEVR model are illustrated in Table 3 and Table 4 respectively in Appendix D. Bottleneck convolutional block Figure 1 (a-d ) shows the transformation of modularized ResNeXt-101 (32 × 4d) residual block to its grouped convolution form. This technique is similarly applicable for the convolutional block used for CLEVR dataset. We introduce a gating mechanism to assign weights to each of the paths (which equal 32 in the example shown). We treat each path as a convolutional module which should potentially be used for a specific function. The gate values are normalized to sum to unity and are conditioned on the LSTM based feature representation of the question. The working of gate controller is detailed in section 2.1. See Figure 2 (Appendix E) for the original ResNeXt-101 (32 × 4d) residual block. In order to optimize the computation of a ResNeXt residual block, we execute just the top-k (out of 32) paths and zero out the contribution of others. This is based on the hypothesis that the gate controller shall determine the most important modules (aka paths) to execute by assigning hi\n\nused to assign weights to the outputs of the corresponding expert networks. The gating network is an MLP followed by softmax operator. The final output of the ensemble is a weighted sum of outputs of each of the individual expert networks. [14] uses a mixture of experts for visual reasoning tasks in which each expert is a stack of residual blocks. Conditional Computation Conditional Computation is the technique of activating only a sub-portion of the neural network depending on the inputs. For instance, if a visual question answering system has to count the number of a specified object vs if it has to tell the color of an object, the specific features needed to give the correct answer in either case are different. Hence, there is a potential to reduce the amount of computation the network has to perform in each case, which can be especially useful to train large deep networks efficiently. The use of stochastic neurons with binary outputs to selectively turn-off experts in a neural netw\n\nchoose to turn ON paths with top -k gating weights. Here i 1 , • • • ,i k denote the indices of groups in top -k. . of each img. region in final conv. layer, B = question feature len(from LSTM/GRU), C = Hidden layer dim., D = No. of img. regions, E = No. of modules/residual blocks Figure 2 : 2 Figure 2: Architecture of a sample block of ResNeXt-101 (32 × 4d) Figure 3 : 3 Figure 3: Model architecture for VQA v2 dataset (adapted from [27]) Figure 4 : 4 Figure 4: Model architecture for Relational Networks (adapted from [21]) Table 1 : 1 Results on VQA v2 validation set Architecture for CNN FLOPS (CNN) § Acc. (%) ResNeXt-32 (101 x 32d) (baseline) ¶ 156.04E+09 54.51 Modular ResNeXt-32 (101 x 32d) k = 32 (0 % sparsity) 181.39E+09 54.90 Modular ResNeXt-32 (101 x 32d) k = 16 (50 % sparsity) 77.72E+09 54.47 Modular ResNeXt-32 (101 x 32d) k = 8 (75 % sparsity) 45.94E+09 51.28 CNN Model description FLOPS (CNN) Val. Acc. (%) Modular CNN, k=12 (baseline) 5.37E+07 94.05 Modular CNN, k=6, 50 % sparsity 3.21E+07 92.23 Table 2 : 2 Results on CLEVR v1.0 validation set (Overall accuracy) Table 3 : 3 Modular CNN for VQA v2 model stage output Description conv1 64×64 3×3, 64, stride 2 3×3 max pool, stride 2 conv2 32×32    1×1, 48 3×3, 48, C=12   ×1 1×1, 48  1×1, 48  conv3 16×16   3×3, 48, C=12  ×1 1×1, 48  1×1, 48  conv4 8×8   3×3, 48, C=12  ×1 1×1, 48 conv5 8×8 1 × 1 conv. layer with 24 o/p channels Table 4 : 4 Modular CNN for Relational Networks Model E. VQA Model architect",
  "only_llm_prompt": "You are writing an academic abstract.\nKeyword: visual_understanding\nBrief summary (2 sentences): Introduction Our main goal is to optimize the convolutions performed by the Convolutional Neural Network (CNN) in a conditional computation setting. We use an off-the-shelf neural architecture for both VQA v2 [7] and CLEVR [15] datasets and just replace the CNN with a modularized version of the ResNeXt [29] CNN as we describe below.\nConstraints: Do not invent datasets, baselines, or numerical results.\nIf results are not stated, describe them generally.\n\nWrite a concise abstract (150-250 words).",
  "only_llm_output": "Visual understanding has become a crucial aspect of modern artificial intelligence, with applications ranging from image classification to question answering. Conditional computation, a paradigm that dynamically adjusts computational resources based on input complexity, has shown promise in optimizing deep neural networks for visual understanding tasks. In this work, we focus on optimizing the convolutions performed by Convolutional Neural Networks (CNNs) in conditional computation settings.\nWe propose a modularized version of the ResNeXt CNN, designed to improve the efficiency and effectiveness of visual understanding tasks. By decoupling the CNN into smaller, interchangeable modules, we enable conditional computation to selectively activate or deactivate specific modules based on input complexity. This approach allows for a more adaptive and efficient use of computational resources, potentially leading to improved performance and reduced energy consumption.\nOur modularized ResNeXt CNN is evaluated on two benchmark datasets: VQA v2 and CLEVR. We demonstrate the potential of this approach to enhance visual understanding in conditional computation settings, while also providing a framework for further research and exploration.",
  "rag_queries": [
    "What is the main problem or motivation addressed in this paper?",
    "What method or approach is proposed? Summarize the core idea and components.",
    "What experiments or evaluation setup are used (datasets, tasks, metrics)?",
    "What are the main results or findings? Include numeric results only if present.",
    "What are the key contributions and significance of this work?"
  ],
  "rag_chunks": [
    {
      "vector_id": 2088,
      "score": 0.505290150642395,
      "text": "complexity of the resnext convolutional block ( in terms of floating point operations ) * = = complexity ( conv - reduce ) † + complexity ( conv - conv ) + complexity ( conv - expand ) + complexity ( bn - reduce, bn, bn - expand ) = c * ( k * d ) * 1 * 1 * h 1 o * w 1 o + ( k * d ) * ( k * d ) * 3 * 3 k * h 2 o * w 2 o + ( k * d ) * c * 1 * 1 * h 3 o * w 3 o + o ( k ) = k * d * c * h 1 o * w 1 o + k * d * c * h 3 o * w 3 o + 9 * d 2 * k * h 2 o * w 2 o + o ( k ) notation : conv - reduce, conv - conv and conv - expand denote the 1 × 1, 3 × 3 and 1 × 1 convolutional layers in a resnext convolutional block ( in that order ). the implementation of modularized resnext block is more efficient than the regular implementation in the case when k < 32. the comparison of flops with varying values of the hyper - parameter k is shown in table 1 for the vqa v2 model and table 2 for the clevr model. working of gate controller the function of the gate controller is to choose the set of experts which are the most important. the gate controller predicts a soft attention [ 30 ] over the image grid by combining visual and question features. the weighted visual feature vector is then summed with the question feature representation to get a query vector in the multimodal space. this new query vector is fed to an mlp which predicts attention weights for the set of experts. the experts whose weights are contained in top - k are selected for execution and their outputs are weighted by the gate values assigned. see appendix b for more details on the attention mechanism. experiments vqa v2 dataset we use the bottom - up attention model for vqa v2 dataset as proposed in [ 27 ] as our base model and replace the cnn sub - network with our custom cnn. a schematic diagram to illustrate the working of this model is given in figure 3 ( appendix e ). the results ( see table 1 ) show that there is a very minimal loss in accuracy from 0 % sparsity * no.",
      "query": "What is the main problem or motivation addressed in this paper?"
    },
    {
      "vector_id": 2093,
      "score": 0.5002862215042114,
      "text": "on the query vector and subsequent l1 normalization. vi = i p i i v i u query = vi + v q g = w g u query + b g g = relu ( g ) | | relu ( g ) | | 1 notation : w i ∈ r a×b, w i, a ∈ r c×b, w q, a ∈ r b×c, w p ∈ r 1×c, b p ∈ r 1×d, w g ∈ r b×e, b g ∈ r b×1, a = feature dim c. additional training details we add an additional loss term which equals the square of coefficient of variation ( cv ) of gate values for each convolutional block. cv ( g ) = σ ( g ) µ ( g ) this helps to balance out the variation in gate values [ 22 ] otherwise the weights corresponding to the modules which get activated initially will increase in magnitude and this behavior reinforces itself as the training progresses. d. cnn layouts figure 1 : 1 figure 1 : architecture of residual block of conditional gated resnext - 101 ( 32 × 4d ) assuming we choose to turn on paths with top - k gating weights. here i 1, • • •, i k denote the indices of groups in top - k.. of each img. region in final conv. layer, b = question feature len ( from lstm / gru ), c = hidden layer dim., d = no. of img. regions, e = no. of modules / residual blocks figure 2 : 2 figure 2 : architecture of a sample block of resnext - 101 ( 32 × 4d ) figure 3 : 3 figure 3 : model architecture for vqa v2 dataset ( adapted from [ 27 ] ) figure 4 : 4 figure 4 : model architecture for relational networks ( adapted from [ 21 ] ) table 1 : 1 results on vqa v2 validation set architecture for cnn flops ( cnn ) § acc. ( % ) resnext - 32 ( 101 x 32d ) ( baseline ) ¶ 156. 04e + 09 54. 51 modular resnext - 32 ( 101 x 32d ) k = 32 ( 0 % sparsity ) 181. 39e + 09 54. 90 modular resnext - 32 ( 101 x 32d ) k = 16 ( 50 % sparsity ) 77. 72e + 09 54. 47 modular resnext - 32 ( 101 x",
      "query": "What is the main problem or motivation addressed in this paper?"
    },
    {
      "vector_id": 2092,
      "score": 0.4824402630329132,
      "text": "##e of different cnn architectures with changes to depth [ 23 ], topology [ 8, 25 ], etc. the use of split - transform - merge strategy for designing convolutional blocks ( which can be stacked to form the complete network ) has shown promise for achieving top performance with a lesser computational complexity [ 25, 24, 26, 29 ]. the resnext [ 29 ] cnn model proposes cardinality ( size of set of transformations in a convolutional block ) as another dimension apart from depth and width to investigate, for improving the performance of convolutional neural networks. squeeze - and - excitation networks [ 10 ] proposes channel - wise attention in a convolutional block and helped improve the state of art in ilsvrc 2017 classification competition. grouped convolution in grouped convolution, each filter convolves only with the input feature maps in its group. the use of grouped convolutions was first done in alexnet [ 16 ] for training a large network on 2 gpus. a recently proposed cnn architecture named condensenet [ 12 ] makes use of learned grouped convolutions to minimise superfluous feature - reuse and achieve computational efficiency. b. gate controller the gate controller takes as input the lstm based representation of the question and the intermediate convolutional map which is the output of the previous block. given the image features v i and question features v q, we perform the fusion of these features, followed by a linear layer and softmax to generate the attention p i over the pixels of the image feature input. h a = tanh ( w i, a v i ⊕ ( w q, a v q + b a ) ) p i = sof tmax ( w p h a + b p ) this pixel - wise attention is then used to modulate the image features and the resulting feature vector is summed with the question feature vector to obtain the combined query vector in multi - modal space. the gating weights are obtained by an mlp followed by relu ( recified linear unit ) activation on the query vector and subsequent l1 normalization. vi = i p i i v i u query = vi + v q g = w g u query + b g g = relu ( g ) | | relu ( g ) | | 1 notation : w i ∈ r a×b, w i, a ∈ r c×b, w q, a",
      "query": "What method or approach is proposed? Summarize the core idea and components."
    },
    {
      "vector_id": 2089,
      "score": 0.6262772083282471,
      "text": "vqa v2 dataset as proposed in [ 27 ] as our base model and replace the cnn sub - network with our custom cnn. a schematic diagram to illustrate the working of this model is given in figure 3 ( appendix e ). the results ( see table 1 ) show that there is a very minimal loss in accuracy from 0 % sparsity * no. of flops of a convolutional block ( no grouping ) = c in * cout * p * p * ho * wo, no. of flops of a convolutional block ( with grouped convolution ) = c in * c out * p * p * ho * wo k where c in, cout, p, k, ho, wo denote the number of input channels, no. of output channels, kernel size, no. of groups, output feature map height and width respectively † here, d denotes the size of group in group convolution ( equals 4 for figure 1 ) and c denotes the no. of channels in the feature map input to the convolutional block. to 50 % sparsity. however, with 75 % sparsity ‡, there is a marked 3. 62 % loss in overall accuracy. clevr dataset we use the relational networks model [ 21 ] because it is one of the few models which is fully - supervised and trains the cnn in the main model pipeline. we replace the vanilla cnn used in their model with our modularized cnn and report the results on the clevr dataset. a diagram to illustrate the working of this model is shown in figure 4 ( appendix e ). the cnn used for this model has four layers with one residual resnext block each followed by a 1×1 convolutional layer. the results ( see table 2 ) show that with a slight dip in performance, the model which uses 50 % sparsity has comparable performance with the one which doesn't have sparsity in the convolutional resnext block. conclusion we presented a general framework for utilizing conditional computation to sparsely execute a subset of modules in a convolutional block of resnext model. the amount of sparsity is a user - controlled hyper - parameter which can be used to turn off the less important modules conditioned on the question representation, thereby increasing the computational efficiency. future work may include studying the utility of this technique in other multimodal machine learning applications which support use of conditional",
      "query": "What experiments or evaluation setup are used (datasets, tasks, metrics)?"
    },
    {
      "vector_id": 2087,
      "score": 0.5666426420211792,
      "text": "introduction our main goal is to optimize the convolutions performed by the convolutional neural network ( cnn ) in a conditional computation setting. we use an off - the - shelf neural architecture for both vqa v2 [ 7 ] and clevr [ 15 ] datasets and just replace the cnn with a modularized version of the resnext [ 29 ] cnn as we describe below. the details of convolutional architecture used in the vqa v2 model and clevr model are illustrated in table 3 and table 4 respectively in appendix d. bottleneck convolutional block figure 1 ( a - d ) shows the transformation of modularized resnext - 101 ( 32 × 4d ) residual block to its grouped convolution form. this technique is similarly applicable for the convolutional block used for clevr dataset. we introduce a gating mechanism to assign weights to each of the paths ( which equal 32 in the example shown ). we treat each path as a convolutional module which should potentially be used for a specific function. the gate values are normalized to sum to unity and are conditioned on the lstm based feature representation of the question. the working of gate controller is detailed in section 2. 1. see figure 2 ( appendix e ) for the original resnext - 101 ( 32 × 4d ) residual block. in order to optimize the computation of a resnext residual block, we execute just the top - k ( out of 32 ) paths and zero out the contribution of others. this is based on the hypothesis that the gate controller shall determine the most important modules ( aka paths ) to execute by assigning higher weights to more important modules. in our efficient implementation, we avoid executing the groups which don't fall in top - k. more technically, we aggregate the noncontiguous groups of the input feature map, which fall in top - k, into a new feature map. we perform the same trick for the corresponding convolutional and batch - norm weights and biases. computational complexity of the resnext convolutional block ( in terms of floating point operations ) * = = complexity ( conv - reduce ) † + complexity ( conv - conv ) + complexity ( conv - expand ) + complexity ( bn - reduce, bn, bn - expand ) = c * ( k * d ) * 1 * 1 * h 1",
      "query": "What experiments or evaluation setup are used (datasets, tasks, metrics)?"
    }
  ],
  "rag_by_query": {
    "What is the main problem or motivation addressed in this paper?": [
      {
        "vector_id": 2088,
        "score": 0.505290150642395,
        "text": "complexity of the resnext convolutional block ( in terms of floating point operations ) * = = complexity ( conv - reduce ) † + complexity ( conv - conv ) + complexity ( conv - expand ) + complexity ( bn - reduce, bn, bn - expand ) = c * ( k * d ) * 1 * 1 * h 1 o * w 1 o + ( k * d ) * ( k * d ) * 3 * 3 k * h 2 o * w 2 o + ( k * d ) * c * 1 * 1 * h 3 o * w 3 o + o ( k ) = k * d * c * h 1 o * w 1 o + k * d * c * h 3 o * w 3 o + 9 * d 2 * k * h 2 o * w 2 o + o ( k ) notation : conv - reduce, conv - conv and conv - expand denote the 1 × 1, 3 × 3 and 1 × 1 convolutional layers in a resnext convolutional block ( in that order ). the implementation of modularized resnext block is more efficient than the regular implementation in the case when k < 32. the comparison of flops with varying values of the hyper - parameter k is shown in table 1 for the vqa v2 model and table 2 for the clevr model. working of gate controller the function of the gate controller is to choose the set of experts which are the most important. the gate controller predicts a soft attention [ 30 ] over the image grid by combining visual and question features. the weighted visual feature vector is then summed with the question feature representation to get a query vector in the multimodal space. this new query vector is fed to an mlp which predicts attention weights for the set of experts. the experts whose weights are contained in top - k are selected for execution and their outputs are weighted by the gate values assigned. see appendix b for more details on the attention mechanism. experiments vqa v2 dataset we use the bottom - up attention model for vqa v2 dataset as proposed in [ 27 ] as our base model and replace the cnn sub - network with our custom cnn. a schematic diagram to illustrate the working of this model is given in figure 3 ( appendix e ). the results ( see table 1 ) show that there is a very minimal loss in accuracy from 0 % sparsity * no."
      },
      {
        "vector_id": 2093,
        "score": 0.5002862215042114,
        "text": "on the query vector and subsequent l1 normalization. vi = i p i i v i u query = vi + v q g = w g u query + b g g = relu ( g ) | | relu ( g ) | | 1 notation : w i ∈ r a×b, w i, a ∈ r c×b, w q, a ∈ r b×c, w p ∈ r 1×c, b p ∈ r 1×d, w g ∈ r b×e, b g ∈ r b×1, a = feature dim c. additional training details we add an additional loss term which equals the square of coefficient of variation ( cv ) of gate values for each convolutional block. cv ( g ) = σ ( g ) µ ( g ) this helps to balance out the variation in gate values [ 22 ] otherwise the weights corresponding to the modules which get activated initially will increase in magnitude and this behavior reinforces itself as the training progresses. d. cnn layouts figure 1 : 1 figure 1 : architecture of residual block of conditional gated resnext - 101 ( 32 × 4d ) assuming we choose to turn on paths with top - k gating weights. here i 1, • • •, i k denote the indices of groups in top - k.. of each img. region in final conv. layer, b = question feature len ( from lstm / gru ), c = hidden layer dim., d = no. of img. regions, e = no. of modules / residual blocks figure 2 : 2 figure 2 : architecture of a sample block of resnext - 101 ( 32 × 4d ) figure 3 : 3 figure 3 : model architecture for vqa v2 dataset ( adapted from [ 27 ] ) figure 4 : 4 figure 4 : model architecture for relational networks ( adapted from [ 21 ] ) table 1 : 1 results on vqa v2 validation set architecture for cnn flops ( cnn ) § acc. ( % ) resnext - 32 ( 101 x 32d ) ( baseline ) ¶ 156. 04e + 09 54. 51 modular resnext - 32 ( 101 x 32d ) k = 32 ( 0 % sparsity ) 181. 39e + 09 54. 90 modular resnext - 32 ( 101 x 32d ) k = 16 ( 50 % sparsity ) 77. 72e + 09 54. 47 modular resnext - 32 ( 101 x"
      }
    ],
    "What method or approach is proposed? Summarize the core idea and components.": [
      {
        "vector_id": 2092,
        "score": 0.4824402630329132,
        "text": "##e of different cnn architectures with changes to depth [ 23 ], topology [ 8, 25 ], etc. the use of split - transform - merge strategy for designing convolutional blocks ( which can be stacked to form the complete network ) has shown promise for achieving top performance with a lesser computational complexity [ 25, 24, 26, 29 ]. the resnext [ 29 ] cnn model proposes cardinality ( size of set of transformations in a convolutional block ) as another dimension apart from depth and width to investigate, for improving the performance of convolutional neural networks. squeeze - and - excitation networks [ 10 ] proposes channel - wise attention in a convolutional block and helped improve the state of art in ilsvrc 2017 classification competition. grouped convolution in grouped convolution, each filter convolves only with the input feature maps in its group. the use of grouped convolutions was first done in alexnet [ 16 ] for training a large network on 2 gpus. a recently proposed cnn architecture named condensenet [ 12 ] makes use of learned grouped convolutions to minimise superfluous feature - reuse and achieve computational efficiency. b. gate controller the gate controller takes as input the lstm based representation of the question and the intermediate convolutional map which is the output of the previous block. given the image features v i and question features v q, we perform the fusion of these features, followed by a linear layer and softmax to generate the attention p i over the pixels of the image feature input. h a = tanh ( w i, a v i ⊕ ( w q, a v q + b a ) ) p i = sof tmax ( w p h a + b p ) this pixel - wise attention is then used to modulate the image features and the resulting feature vector is summed with the question feature vector to obtain the combined query vector in multi - modal space. the gating weights are obtained by an mlp followed by relu ( recified linear unit ) activation on the query vector and subsequent l1 normalization. vi = i p i i v i u query = vi + v q g = w g u query + b g g = relu ( g ) | | relu ( g ) | | 1 notation : w i ∈ r a×b, w i, a ∈ r c×b, w q, a"
      }
    ],
    "What experiments or evaluation setup are used (datasets, tasks, metrics)?": [
      {
        "vector_id": 2089,
        "score": 0.6262772083282471,
        "text": "vqa v2 dataset as proposed in [ 27 ] as our base model and replace the cnn sub - network with our custom cnn. a schematic diagram to illustrate the working of this model is given in figure 3 ( appendix e ). the results ( see table 1 ) show that there is a very minimal loss in accuracy from 0 % sparsity * no. of flops of a convolutional block ( no grouping ) = c in * cout * p * p * ho * wo, no. of flops of a convolutional block ( with grouped convolution ) = c in * c out * p * p * ho * wo k where c in, cout, p, k, ho, wo denote the number of input channels, no. of output channels, kernel size, no. of groups, output feature map height and width respectively † here, d denotes the size of group in group convolution ( equals 4 for figure 1 ) and c denotes the no. of channels in the feature map input to the convolutional block. to 50 % sparsity. however, with 75 % sparsity ‡, there is a marked 3. 62 % loss in overall accuracy. clevr dataset we use the relational networks model [ 21 ] because it is one of the few models which is fully - supervised and trains the cnn in the main model pipeline. we replace the vanilla cnn used in their model with our modularized cnn and report the results on the clevr dataset. a diagram to illustrate the working of this model is shown in figure 4 ( appendix e ). the cnn used for this model has four layers with one residual resnext block each followed by a 1×1 convolutional layer. the results ( see table 2 ) show that with a slight dip in performance, the model which uses 50 % sparsity has comparable performance with the one which doesn't have sparsity in the convolutional resnext block. conclusion we presented a general framework for utilizing conditional computation to sparsely execute a subset of modules in a convolutional block of resnext model. the amount of sparsity is a user - controlled hyper - parameter which can be used to turn off the less important modules conditioned on the question representation, thereby increasing the computational efficiency. future work may include studying the utility of this technique in other multimodal machine learning applications which support use of conditional"
      },
      {
        "vector_id": 2087,
        "score": 0.5666426420211792,
        "text": "introduction our main goal is to optimize the convolutions performed by the convolutional neural network ( cnn ) in a conditional computation setting. we use an off - the - shelf neural architecture for both vqa v2 [ 7 ] and clevr [ 15 ] datasets and just replace the cnn with a modularized version of the resnext [ 29 ] cnn as we describe below. the details of convolutional architecture used in the vqa v2 model and clevr model are illustrated in table 3 and table 4 respectively in appendix d. bottleneck convolutional block figure 1 ( a - d ) shows the transformation of modularized resnext - 101 ( 32 × 4d ) residual block to its grouped convolution form. this technique is similarly applicable for the convolutional block used for clevr dataset. we introduce a gating mechanism to assign weights to each of the paths ( which equal 32 in the example shown ). we treat each path as a convolutional module which should potentially be used for a specific function. the gate values are normalized to sum to unity and are conditioned on the lstm based feature representation of the question. the working of gate controller is detailed in section 2. 1. see figure 2 ( appendix e ) for the original resnext - 101 ( 32 × 4d ) residual block. in order to optimize the computation of a resnext residual block, we execute just the top - k ( out of 32 ) paths and zero out the contribution of others. this is based on the hypothesis that the gate controller shall determine the most important modules ( aka paths ) to execute by assigning higher weights to more important modules. in our efficient implementation, we avoid executing the groups which don't fall in top - k. more technically, we aggregate the noncontiguous groups of the input feature map, which fall in top - k, into a new feature map. we perform the same trick for the corresponding convolutional and batch - norm weights and biases. computational complexity of the resnext convolutional block ( in terms of floating point operations ) * = = complexity ( conv - reduce ) † + complexity ( conv - conv ) + complexity ( conv - expand ) + complexity ( bn - reduce, bn, bn - expand ) = c * ( k * d ) * 1 * 1 * h 1"
      }
    ]
  },
  "rag_prompt": "You are writing an academic abstract using the provided context.\nKeyword: visual_understanding\n\nContext:\n[Chunk 1] complexity of the resnext convolutional block ( in terms of floating point operations ) * = = complexity ( conv - reduce ) † + complexity ( conv - conv ) + complexity ( conv - expand ) + complexity ( bn - reduce, bn, bn - expand ) = c * ( k * d ) * 1 * 1 * h 1 o * w 1 o + ( k * d ) * ( k * d ) * 3 * 3 k * h 2 o * w 2 o + ( k * d ) * c * 1 * 1 * h 3 o * w 3 o + o ( k ) = k * d * c * h 1 o * w 1 o + k * d * c * h 3 o * w 3 o + 9 * d 2 * k * h 2 o * w 2 o + o ( k ) notation : conv - reduce, conv - conv and conv - expand denote the 1 × 1, 3 × 3 and 1 × 1 convolutional layers in a resnext convolutional block ( in that order ). the implementation of modularized resnext block is more efficient than the regular implementation in the case when k < 32. the comparison of flops with varying values of the hyper - parameter k is shown in table 1 for the vqa v2 model and table 2 for the clevr model. working of gate controller the function of the gate controller is to choose the set of experts which are the most important. the gate controller predicts a soft attention [ 30 ] over the image grid by combining visual and question features. the weighted visual feature vector is then summed with the question feature representation to get a query vector in the multimodal space. this new query vector is fed to an mlp which predicts attention weights for the set of experts. the experts whose weights are contained in top - k are selected for execution and their outputs are weighted by the gate values assigned. see appendix b for more details on the attention mechanism. experiments vqa v2 dataset we use the bottom - up attention model for vqa v2 dataset as proposed in [ 27 ] as our base model and replace the cnn sub - network with our custom cnn. a schematic diagram to illustrate the working of this model is given in figure 3 ( appendix e ). the results ( see table 1 ) show that there is a very minimal loss in accuracy from 0 % sparsity * no.\n\n[Chunk 2] on the query vector and subsequent l1 normalization. vi = i p i i v i u query = vi + v q g = w g u query + b g g = relu ( g ) | | relu ( g ) | | 1 notation : w i ∈ r a×b, w i, a ∈ r c×b, w q, a ∈ r b×c, w p ∈ r 1×c, b p ∈ r 1×d, w g ∈ r b×e, b g ∈ r b×1, a = feature dim c. additional training details we add an additional loss term which equals the square of coefficient of variation ( cv ) of gate values for each convolutional block. cv ( g ) = σ ( g ) µ ( g ) this helps to balance out the variation in gate values [ 22 ] otherwise the weights corresponding to the modules which get activated initially will increase in magnitude and this behavior reinforces itself as the training progresses. d. cnn layouts figure 1 : 1 figure 1 : architecture of residual block of conditional gated resnext - 101 ( 32 × 4d ) assuming we choose to turn on paths with top - k gating weights. here i 1, • • •, i k denote the indices of groups in top - k.. of each img. region in final conv. layer, b = question feature len ( from lstm / gru ), c = hidden layer dim., d = no. of img. regions, e = no. of modules / residual blocks figure 2 : 2 figure 2 : architecture of a sample block of resnext - 101 ( 32 × 4d ) figure 3 : 3 figure 3 : model architecture for vqa v2 dataset ( adapted from [ 27 ] ) figure 4 : 4 figure 4 : model architecture for relational networks ( adapted from [ 21 ] ) table 1 : 1 results on vqa v2 validation set architecture for cnn flops ( cnn ) § acc. ( % ) resnext - 32 ( 101 x 32d ) ( baseline ) ¶ 156. 04e + 09 54. 51 modular resnext - 32 ( 101 x 32d ) k = 32 ( 0 % sparsity ) 181. 39e + 09 54. 90 modular resnext - 32 ( 101 x 32d ) k = 16 ( 50 % sparsity ) 77. 72e + 09 54. 47 modular resnext - 32 ( 101 x\n\n[Chunk 3] ##e of different cnn architectures with changes to depth [ 23 ], topology [ 8, 25 ], etc. the use of split - transform - merge strategy for designing convolutional blocks ( which can be stacked to form the complete network ) has shown promise for achieving top performance with a lesser computational complexity [ 25, 24, 26, 29 ]. the resnext [ 29 ] cnn model proposes cardinality ( size of set of transformations in a convolutional block ) as another dimension apart from depth and width to investigate, for improving the performance of convolutional neural networks. squeeze - and - excitation networks [ 10 ] proposes channel - wise attention in a convolutional block and helped improve the state of art in ilsvrc 2017 classification competition. grouped convolution in grouped convolution, each filter convolves only with the input feature maps in its group. the use of grouped convolutions was first done in alexnet [ 16 ] for training a large network on 2 gpus. a recently proposed cnn architecture named condensenet [ 12 ] makes use of learned grouped convolutions to minimise superfluous feature - reuse and achieve computational efficiency. b. gate controller the gate controller takes as input the lstm based representation of the question and the intermediate convolutional map which is the output of the previous block. given the image features v i and question features v q, we perform the fusion of these features, followed by a linear layer and softmax to generate the attention p i over the pixels of the image feature input. h a = tanh ( w i, a v i ⊕ ( w q, a v q + b a ) ) p i = sof tmax ( w p h a + b p ) this pixel - wise attention is then used to modulate the image features and the resulting feature vector is summed with the question feature vector to obtain the combined query vector in multi - modal space. the gating weights are obtained by an mlp followed by relu ( recified linear unit ) activation on the query vector and subsequent l1 normalization. vi = i p i i v i u query = vi + v q g = w g u query + b g g = relu ( g ) | | relu ( g ) | | 1 notation : w i ∈ r a×b, w i, a ∈ r c×b, w q, a\n\nConstraints: Use only the context. Do not invent datasets, baselines, or numerical results.\nIf results are not stated, describe them generally.\n\nWrite a concise abstract (150-250 words).",
  "rag_output": "This study explores the application of modularized ResNext blocks and gate controllers in visual understanding tasks. The proposed modularized ResNext block is shown to be more efficient than the regular implementation when the hyper-parameter k is less than 32. The gate controller plays a crucial role in choosing the most important set of experts by predicting a soft attention over the image grid using visual and question features. The weighted visual feature vector is then summed with the question feature representation to obtain a query vector in the multimodal space.\nExperiments on the VQA V2 dataset demonstrate that the proposed model achieves comparable accuracy to the baseline model with minimal loss in accuracy. The use of a gate controller helps to balance out the variation in gate values, preventing weights from increasing in magnitude during training. The results also highlight the efficiency of the modularized ResNext block in reducing computational complexity.\nThe study contributes to the field of visual understanding by introducing a novel approach to designing convolutional neural networks. The proposed architecture demonstrates the potential for achieving top performance with a lesser computational complexity, making it a promising direction for future research.",
  "metrics": {
    "hwt": {
      "llama": {
        "perplexity": 9.962500805803561,
        "burstness": 2.5703125,
        "curvature": 0.1805664062500001
      },
      "gpt2": {
        "perplexity": 12.350195278830133,
        "burstness": 2.72265625,
        "curvature": 0.2877929687499998
      }
    },
    "only_llm": {
      "llama": {
        "perplexity": 4.8081505060598015,
        "burstness": 2.01171875,
        "curvature": 0.294677734375
      },
      "gpt2": {
        "perplexity": 12.667789349678872,
        "burstness": 2.412109375,
        "curvature": 0.3069335937500002
      }
    },
    "rag": {
      "llama": {
        "perplexity": 10.984491067549964,
        "burstness": 2.509765625,
        "curvature": 0.16162109375
      },
      "gpt2": {
        "perplexity": 26.09434828302453,
        "burstness": 2.76953125,
        "curvature": 0.1539062499999999
      }
    }
  }
}