{
  "paper_id": "2004.05704v4",
  "keyword": "visual_understanding",
  "source_path": "papers/outputs/visual_understanding/2004.05704v4.json",
  "abstract_hwt": "Existing Visual Question Answering (VQA) methods tend to exploit dataset biases and spurious statistical correlations, instead of producing right answers for the right reasons. To address this issue, recent bias mitigation methods for VQA propose to incorporate visual cues (e.g., human attention maps) to better ground the VQA models, showcasing impressive gains. However, we show that the performance improvements are not a result of improved visual grounding, but a regularization effect which prevents over-fitting to linguistic priors. For instance, we find that it is not actually necessary to provide proper, human-based cues; random, insensible cues also result in similar improvements. Based on this observation, we propose a simpler regularization scheme that does not require any external annotations and yet achieves near state-of-the-art performance on VQA-CPv2 1 .",
  "abstract_only_llm": "Visual Question Answering (VQA) is a pivotal task that aims to develop models with human-like visual and linguistic understanding. However, existing VQA models often rely on superficial statistical biases to produce responses, rather than genuinely comprehending the visual content. This raises concerns about the limitations of current VQA models in achieving true visual understanding.\nTo address this issue, researchers have been exploring ways to improve the visual understanding capabilities of VQA models. One approach involves incorporating multimodal learning mechanisms that allow models to effectively integrate visual and linguistic information. Another approach focuses on developing more robust and interpretable models that can provide explanations for their responses.\nRecent studies have shown that these approaches can lead to significant improvements in the visual understanding of VQA models. By leveraging multimodal learning and interpretability, these models can better recognize objects, scenes, and actions, and provide more accurate and informative responses to visual questions. However, more research is needed to fully understand the potential of these approaches and to develop more sophisticated VQA models that can truly rival human visual understanding.",
  "abstract_rag": "This study investigates the effectiveness of visual grounding based bias mitigation approaches in Visual Question Answering (VQA). Our results indicate that current methods do not suffice, suggesting that performance gains stem from spurious sources rather than proper visual grounding. We propose a simple regularization scheme that rivals state-of-the-art accuracy without requiring additional annotations. Our findings highlight the need for a more comprehensive experimental setup and datasets to evaluate the performance of visual grounding methods. We recommend reporting both train and test accuracy to verify that performance gains are not stemming from regularization effects. Furthermore, we advocate for creating a dataset with ground truth grounding available for 100% of instances using synthetically generated datasets or tasks that explicitly test grounding. Our study demonstrates that existing visual grounding based bias mitigation methods for VQA are not working as intended, and future methods should be tested with a more robust experimental setup to ensure proper evaluation.",
  "only_llm_summary": "Introduction Visual Question Answering (VQA) (Antol et al., 2015) , the task of answering questions about visual content, was proposed to facilitate the development of models with human-like visual and linguistic understanding. However, existing VQA models often exploit superficial statistical biases to produce responses, instead of producing the right answers for the right reasons (Kafle et al., 2019) .",
  "only_llm_body": "Introduction Visual Question Answering (VQA) (Antol et al., 2015) , the task of answering questions about visual content, was proposed to facilitate the development of models with human-like visual and linguistic understanding. However, existing VQA models often exploit superficial statistical biases to produce responses, instead of producing the right answers for the right reasons (Kafle et al., 2019) . The VQA-CP dataset (Agrawal et al., 2018) showcases this phenomenon by incorporating different question type/answer distributions in the train and test sets. Since the linguistic priors in the train and test sets differ, models that exploit these priors fail on the test set. To tackle this issue, recent works have endeavored to enforce proper visual grounding, where the goal is to make models produce answers by looking at relevant visual regions (Gan et al., 2017; Selvaraju et al. , Recent Methods Improve by grounding on relevant regions +9% over baselines Prediction: Green Our Findings Irrelevant/random regions result in similar gains +9% over baselines 2019; Wu and Mooney, 2019) , instead of exploiting linguistic priors. These approaches rely on additional annotations/cues such as human-based attention maps (Das et al., 2017) , textual explanations (Huk Park et al., 2018) and object label predictions (Ren et al., 2015) to identify relevant regions, and train the model to base its predictions on those regions, showing large improvements (8-10% accuracy) on the VQA-CPv2 datas\n\nxed subset covering 1% of the dataset, b) Varying subset covering 1% of the dataset, where a new random subset is sampled every epoch and c) 100% of the dataset. Confirming our hypothesis, all variants of our model achieve near state-of-the-art results, solidifying our claim that the performance gains for recent methods come from regularization effects. It is also interesting to note that the drop in training accuracy is lower with this regularization scheme as compared to the state-of-the-art methods. Of course, if any model was actually visually grounded, then we would expect it to improve performances on both train and test sets. We do not observe such behavior in any of the methods, indicating that they are not producing right answers for the right reasons. Discussion on Proper Grounding While our results indicate that current visual grounding based bias mitigation approaches do not suffice, we believe this is still a good research direction. However, future methods must seek to ve\n\n (Num)' answer type, showing that methods find it difficult to answer questions that are most reliant on correct visual grounding such as: localizing and counting objects. Finally, we do not observe large improvements in 'Other' question type, most likely due to the large number of answers present under this answer type. FigureA4: % CPIG for baseline and different variants of HINT and our method, computed using ground truth relevant regions taken from human attention maps (lower is better).FigureA5: % CPIG for baseline and different variants of SCR and our method, computed using ground truth relevant regions taken from textual explanations (txt). 100% % CPIG 25% 50% 75% 71.56% 70.24% 79.51% 75.22% 75.90% 82.48% 80.75% 0% Baseline HINT HINT HINT HINT (var Ours (1% Ours (100%) (HAT) (relevant) (irrelevant) (random) random) fixed) Methods 100% 75% 81.28% 80.22% 84.30% 86.67% 86.81% 87.82% 87.19% % CPIG 25% 50% 0% Baseline (txt) SCR SCR SCR SCR (var Ours (1% Ours (100%) (relevant) (irrelevant) (random) random) fixed) Methods 80 76.5 77.4 77.1 76.8 76.5 76.5 76.7 76.8 76.9 78 60 48.9 48.7 48.5 48.5 48.4 48.3 48.3 48.2 48.2 48.1 Accuracy 40 20 0 1% 2% 3% 4% 5% 20% 40% 60% 80% 100% Percentage of training subset used for fine-tuning https://github.com/erobic/negative_ analysis_of_grounding The published number is a result of fine-tuning HINT on the entire training set, but as described in Sec. 4.6, other published numbers and our experiments fine-tune only on the instances with c",
  "only_llm_prompt": "You are writing an academic abstract.\nKeyword: visual_understanding\nBrief summary (2 sentences): Introduction Visual Question Answering (VQA) (Antol et al., 2015) , the task of answering questions about visual content, was proposed to facilitate the development of models with human-like visual and linguistic understanding. However, existing VQA models often exploit superficial statistical biases to produce responses, instead of producing the right answers for the right reasons (Kafle et al., 2019) .\nConstraints: Do not invent datasets, baselines, or numerical results.\nIf results are not stated, describe them generally.\n\nWrite a concise abstract (150-250 words).",
  "only_llm_output": "Visual Question Answering (VQA) is a pivotal task that aims to develop models with human-like visual and linguistic understanding. However, existing VQA models often rely on superficial statistical biases to produce responses, rather than genuinely comprehending the visual content. This raises concerns about the limitations of current VQA models in achieving true visual understanding.\nTo address this issue, researchers have been exploring ways to improve the visual understanding capabilities of VQA models. One approach involves incorporating multimodal learning mechanisms that allow models to effectively integrate visual and linguistic information. Another approach focuses on developing more robust and interpretable models that can provide explanations for their responses.\nRecent studies have shown that these approaches can lead to significant improvements in the visual understanding of VQA models. By leveraging multimodal learning and interpretability, these models can better recognize objects, scenes, and actions, and provide more accurate and informative responses to visual questions. However, more research is needed to fully understand the potential of these approaches and to develop more sophisticated VQA models that can truly rival human visual understanding.",
  "rag_queries": [
    "What is the main problem or motivation addressed in this paper?",
    "What method or approach is proposed? Summarize the core idea and components.",
    "What experiments or evaluation setup are used (datasets, tasks, metrics)?",
    "What are the main results or findings? Include numeric results only if present.",
    "What are the key contributions and significance of this work?"
  ],
  "rag_chunks": [
    {
      "vector_id": 1498,
      "score": 0.5526293516159058,
      "text": "are not producing right answers for the right reasons. discussion on proper grounding while our results indicate that current visual grounding based bias mitigation approaches do not suffice, we believe this is still a good research direction. however, future methods must seek to verify that performance gains are not stemming from spurious sources by using an experimental setup similar to that presented in this paper. we recommend that both train and test accuracy be reported, because a model truly capable of visual grounding would not cause drastic drops in training accuracy to do well on the test sets. finally, we advocate for creating a dataset with ground truth grounding available for 100 % of the instances using synthetically generated datasets ( kafle et al., 2017 ; kafle and kanan, 2017 ; kafle et al., 2018 ; acharya et al., 2019b ; hudson and manning, 2019 ; johnson et al., 2017 ), enabling the community to evaluate if their methods are able to focus on relevant information. another alternative is to use tasks that explicitly test grounding, e. g., in visual query detection an agent must output boxes around any regions of a scene that match the natural language query ( acharya et al., 2019a ). conclusion here, we showed that existing visual grounding based bias mitigation methods for vqa are not working as intended. we found that the accuracy improvements stem from a regularization effect rather than proper visual grounding. we proposed a simple regularization scheme which, despite not requiring additional annotations, rivals state - of - theart accuracy. future visual grounding methods should be tested with a more comprehensive experimental setup and datasets for proper evaluation. a appendix a. 1 training details we compare four different variants of hint and scr to study the causes behind the improvements including the models that are fine - tuned on : 1 ) relevant regions ( state - of - the - art methods ) 2 ) irrelevant regions 3 ) fixed random regions and 4 ) variable random regions. for all variants, we fine - tune a pretrained updn, which was trained on either vqa - cpv2 or vqav2 for 40 epochs with a learning rate of 10 - 3. when fine - tuning with hint, scr or our method, we also use the main binary cross entropy vqa loss, whose weight is set to 1. the batch size is set to 384 for all of the experiments. hint following ( selvaraju et al",
      "query": "What is the main problem or motivation addressed in this paper?"
    },
    {
      "vector_id": 1501,
      "score": 0.5343353152275085,
      "text": "large, then it implies that large portion of correctly predicted samples were not properly grounded. fig. a4 shows % cpig for different variants of hint trained on human attention - based cues, whereas fig. a5 shows the metric for different variants of scr trained on textual explanationbased cues. we observe that hint and scr trained on relevant regions have the lowest % cpig values ( 70. 24 % and 80. 22 % respectively ), indicating that they are better than other variants in finding relevant regions. however, only a small percentage of correctly predicted samples were properly grounded ( 29. 76 % and 19. 78 % for hint and scr respectively ), even when trained on relevant cues. breakdown by answer types table a4 shows vqa accuracy for each answer type on vqacpv2's test set. hint / scr and our regularizer show large gains in'yes / no'questions. we hypothesize that the methods help forget lin - accuracy versus size of train set we test our regularization method on random subsets of varying sizes. fig. a6 shows the results when we apply our loss to 1 - 100 % of the training instances. clearly, the ability to regularize the model does not vary much with respect to the size of the train subset, with the best performance occurring when our loss is applied to 1 % of the training instances. these results support our claims that it is possible to improve performance without actually performing visual grounding. train test figure a6 : the regularization effect of our loss is invariant with respect to the dataset size. figure 1 : 1 figure 1 : we find that existing visual sensitivity enhancement methods improve performance on vqa - cpv2 through regularization as opposed to proper visual grounding. q : is this food sweet? a : yesremarks : the most sensitive regions for irrelevant / random variants do not contain food, yet their answers are correct. the boy worn out his jeans? a : yes remarks : all of the variants look at both relevant and irrelevant regions to produce correct answer. q : is the sport being played tennis or volleyball? a : tennisremarks : none of the variants look at relevant regions, and yet produce correct answer. q : what is the swimmer doing? a : surfing remarks : models trained on irrelevant / random cues do not look at the swimmer at all, yet produce correct answer. figure a3 : a3 figure a3 : visualizations of most sensitive visual regions used by variants of hint to",
      "query": "What is the main problem or motivation addressed in this paper?"
    },
    {
      "vector_id": 1493,
      "score": 0.5043556094169617,
      "text": "are applied to the updn model ( anderson et al., 2018 ), which attempts to learn correct visual grounding, these approaches achieve 4 - 7 % lower accuracy compared to the state - of - the - art methods. enhancing visual sensitivities both human importance aware network tuning ( hint ) ( selvaraju et al., 2019 ) and self critical reasoning ( scr ) ( wu and mooney, 2019 ), train the network to be more sensitive towards salient image regions by improving the alignment between visual cues and gradient - based sensitivity scores. hint proposes a ranking loss between humanbased importance scores ( das et al., 2016 ) and the gradient - based sensitivities. in contrast, scr does not require exact saliency ranks. instead, it penalizes the model if correct answers are more sensitive towards non - important regions as compared to important regions, and if incorrect answers are more sensitive to important regions than correct answers. existing vqa methods given a question q and an image i, e. g., represented by bottom - up region proposals : v ( anderson et al., 2018 ), a vqa model is tasked with predicting the answer a : p ( a | q, i ) = f v qa ( v, q ). ( 1 ) baseline vqa methods without additional regularization, existing vqa models such as the baseline model used in this work : updn ( anderson et al., 2018 ), tend to rely on the linguistic priors : p ( a | q ) to answer questions. such models fail on vqa - cp, because the priors in the test set differ from the train set. visual sensitivity enhancement methods to reduce the reliance on linguistic priors, visual sensitivity enhancement methods attempt to train the model to be more sensitive to relevant visual regions when answering questions. following ( wu and mooney, 2019 ), we define the sensitivity of an answer a with respect to a visual region v i as : s ( a, v i ) : = ( ∇ v i p ( a | i, q ) ) t 1. ( 2 ) existing methods propose the following training objectives to improve grounding using s : • hint uses a ranking loss, which penalizes the model if the pair - wise rankings of the sensitivities of visual regions towards ground truth answers a gt are different from the ranks computed from the human - based attention maps. • scr divides the region proposals into influential and non - influential regions and penalizes",
      "query": "What method or approach is proposed? Summarize the core idea and components."
    },
    {
      "vector_id": 1500,
      "score": 0.5010251998901367,
      "text": "between the model predictions and a zero vector, does not use additional cues or sensitivities and yet achieves near state - of - the - art performance on vqa - cpv2. we set the learning rate to : 2×10 - 6 r, where r is the ratio of the training instances used for fine - tuning. the weight for the loss is set to 2. we report the performance obtained at the 8 th epoch. a. 2 results correlation with ground truth visual cues following ( selvaraju et al., 2019 ), we report spearman's rank correlation between network's sensitivity scores and human - based scores in table a3. for hint and our zero - out regularizer, we use human - based attention maps. for scr, we use textual explanation - based scores. we find that hint trained on human attention maps has the highest correlation coefficients for both datasets. however, compared to baseline, hint variants trained on random visual cues also show improved correlations. for scr, we obtain surprising results, with the model trained on irrelevant cues obtaining higher correlation than that trained on relevant visual cues. as expected, applying our regularizer does not improve rank correlation. since hint trained on relevant cues obtains the highest correlation values, it does indicate improvement in visual grounding. however, as we have seen, the improvements in performance cannot necessarily be attributed to better overlap with ground truth localizations. a note on qualitative examples presentation of qualitative examples in visual grounding models for vqa suffers from confirmation bias i. e., while it is possible to find qualitative samples that look at relevant regions to answer questions properly, it is also possible to find samples that produce correct answers without looking at relevant regions. we present examples for such cases in fig. a3. we next present a quantitative assessment of visual grounding, which does not suffer from the confirmation bias. quantitative assessment of grounding in order to truly assess if existing methods are using relevant regions to produce correct answers, we use our proposed metric : correctly predicted but improperly grounded ( cpig ). if the cpig values are large, then it implies that large portion of correctly predicted samples were not properly grounded. fig. a4 shows % cpig for different variants of hint trained on human attention - based cues, whereas fig. a5 shows the metric for different variants of scr trained on textual explanationbased cues. we observe that hint and scr trained on relevant regions have the lowest % cpi",
      "query": "What method or approach is proposed? Summarize the core idea and components."
    },
    {
      "vector_id": 1495,
      "score": 0.6332128047943115,
      "text": "cues'section of table 1, both hint and scr are within 0. 3 % of the results obtained from looking at relevant regions, which indicates the gains for hint and scr are not necessarily from looking at relevant regions. training on random visual cues in our next experiment we studied how random visual cues performed with hint and scr. we assign random importance scores to the visual regions : s rand uniform ( 0, 1 ). we test two variants of randomness : fixed random regions, where 1, both of these variants obtain similar results as the model trained with human - based importance scores. the performance improves even when the importance scores are changed every epoch, indicating that it is not even necessary to look at the same visual regions. significance of statistical differences to test if the changes in results were statistically significant, we performed welch's t - tests ( welch, 1938 ) on the predictions of the variants trained on relevant, irrelevant and random cues. we pick welch's t - test over the student's t - test, because the latter assumes equal variances for predictions from different variants. to perform the tests, we first randomly sample 5000 subsets of non - overlapping test instances. we then average the accuracy of each subset across 5 runs, obtaining 5000 values. next, we run the t - tests for hint and scr separately on the subset accuracies. as shown in table 2, the p - values across the variants of hint and scr are greater than or equal to 0. 3. using a confidence level of 95 % ( α = 0. 05 ), we fail to reject the null hypothesis that the mean difference between the paired values is 0, showing that the variants are not statistically significantly different from each other. we also compare the predictions of hint / scr against baseline, and find that p - values are all zeros, showing that the differences have statistical significance. percentage of overlaps : to further check if the variants trained on irrelevant or random regions gain performance in a manner similar to the models trained on relevant regions, we compute the overlap between their predictions on vqa - cpv2's test set. the percentage of overlap is defined as : % overlap = n same n total × 100 %, where, n same denotes the number of instances where either both variants were correct or both were incorrect and n total denotes the total number of test instances. as shown in hint ( full ) scr ( full ) hint ( subset with cues ) scr ( subset with cues ) figure 2",
      "query": "What experiments or evaluation setup are used (datasets, tasks, metrics)?"
    }
  ],
  "rag_by_query": {
    "What is the main problem or motivation addressed in this paper?": [
      {
        "vector_id": 1498,
        "score": 0.5526293516159058,
        "text": "are not producing right answers for the right reasons. discussion on proper grounding while our results indicate that current visual grounding based bias mitigation approaches do not suffice, we believe this is still a good research direction. however, future methods must seek to verify that performance gains are not stemming from spurious sources by using an experimental setup similar to that presented in this paper. we recommend that both train and test accuracy be reported, because a model truly capable of visual grounding would not cause drastic drops in training accuracy to do well on the test sets. finally, we advocate for creating a dataset with ground truth grounding available for 100 % of the instances using synthetically generated datasets ( kafle et al., 2017 ; kafle and kanan, 2017 ; kafle et al., 2018 ; acharya et al., 2019b ; hudson and manning, 2019 ; johnson et al., 2017 ), enabling the community to evaluate if their methods are able to focus on relevant information. another alternative is to use tasks that explicitly test grounding, e. g., in visual query detection an agent must output boxes around any regions of a scene that match the natural language query ( acharya et al., 2019a ). conclusion here, we showed that existing visual grounding based bias mitigation methods for vqa are not working as intended. we found that the accuracy improvements stem from a regularization effect rather than proper visual grounding. we proposed a simple regularization scheme which, despite not requiring additional annotations, rivals state - of - theart accuracy. future visual grounding methods should be tested with a more comprehensive experimental setup and datasets for proper evaluation. a appendix a. 1 training details we compare four different variants of hint and scr to study the causes behind the improvements including the models that are fine - tuned on : 1 ) relevant regions ( state - of - the - art methods ) 2 ) irrelevant regions 3 ) fixed random regions and 4 ) variable random regions. for all variants, we fine - tune a pretrained updn, which was trained on either vqa - cpv2 or vqav2 for 40 epochs with a learning rate of 10 - 3. when fine - tuning with hint, scr or our method, we also use the main binary cross entropy vqa loss, whose weight is set to 1. the batch size is set to 384 for all of the experiments. hint following ( selvaraju et al"
      },
      {
        "vector_id": 1501,
        "score": 0.5343353152275085,
        "text": "large, then it implies that large portion of correctly predicted samples were not properly grounded. fig. a4 shows % cpig for different variants of hint trained on human attention - based cues, whereas fig. a5 shows the metric for different variants of scr trained on textual explanationbased cues. we observe that hint and scr trained on relevant regions have the lowest % cpig values ( 70. 24 % and 80. 22 % respectively ), indicating that they are better than other variants in finding relevant regions. however, only a small percentage of correctly predicted samples were properly grounded ( 29. 76 % and 19. 78 % for hint and scr respectively ), even when trained on relevant cues. breakdown by answer types table a4 shows vqa accuracy for each answer type on vqacpv2's test set. hint / scr and our regularizer show large gains in'yes / no'questions. we hypothesize that the methods help forget lin - accuracy versus size of train set we test our regularization method on random subsets of varying sizes. fig. a6 shows the results when we apply our loss to 1 - 100 % of the training instances. clearly, the ability to regularize the model does not vary much with respect to the size of the train subset, with the best performance occurring when our loss is applied to 1 % of the training instances. these results support our claims that it is possible to improve performance without actually performing visual grounding. train test figure a6 : the regularization effect of our loss is invariant with respect to the dataset size. figure 1 : 1 figure 1 : we find that existing visual sensitivity enhancement methods improve performance on vqa - cpv2 through regularization as opposed to proper visual grounding. q : is this food sweet? a : yesremarks : the most sensitive regions for irrelevant / random variants do not contain food, yet their answers are correct. the boy worn out his jeans? a : yes remarks : all of the variants look at both relevant and irrelevant regions to produce correct answer. q : is the sport being played tennis or volleyball? a : tennisremarks : none of the variants look at relevant regions, and yet produce correct answer. q : what is the swimmer doing? a : surfing remarks : models trained on irrelevant / random cues do not look at the swimmer at all, yet produce correct answer. figure a3 : a3 figure a3 : visualizations of most sensitive visual regions used by variants of hint to"
      }
    ],
    "What method or approach is proposed? Summarize the core idea and components.": [
      {
        "vector_id": 1493,
        "score": 0.5043556094169617,
        "text": "are applied to the updn model ( anderson et al., 2018 ), which attempts to learn correct visual grounding, these approaches achieve 4 - 7 % lower accuracy compared to the state - of - the - art methods. enhancing visual sensitivities both human importance aware network tuning ( hint ) ( selvaraju et al., 2019 ) and self critical reasoning ( scr ) ( wu and mooney, 2019 ), train the network to be more sensitive towards salient image regions by improving the alignment between visual cues and gradient - based sensitivity scores. hint proposes a ranking loss between humanbased importance scores ( das et al., 2016 ) and the gradient - based sensitivities. in contrast, scr does not require exact saliency ranks. instead, it penalizes the model if correct answers are more sensitive towards non - important regions as compared to important regions, and if incorrect answers are more sensitive to important regions than correct answers. existing vqa methods given a question q and an image i, e. g., represented by bottom - up region proposals : v ( anderson et al., 2018 ), a vqa model is tasked with predicting the answer a : p ( a | q, i ) = f v qa ( v, q ). ( 1 ) baseline vqa methods without additional regularization, existing vqa models such as the baseline model used in this work : updn ( anderson et al., 2018 ), tend to rely on the linguistic priors : p ( a | q ) to answer questions. such models fail on vqa - cp, because the priors in the test set differ from the train set. visual sensitivity enhancement methods to reduce the reliance on linguistic priors, visual sensitivity enhancement methods attempt to train the model to be more sensitive to relevant visual regions when answering questions. following ( wu and mooney, 2019 ), we define the sensitivity of an answer a with respect to a visual region v i as : s ( a, v i ) : = ( ∇ v i p ( a | i, q ) ) t 1. ( 2 ) existing methods propose the following training objectives to improve grounding using s : • hint uses a ranking loss, which penalizes the model if the pair - wise rankings of the sensitivities of visual regions towards ground truth answers a gt are different from the ranks computed from the human - based attention maps. • scr divides the region proposals into influential and non - influential regions and penalizes"
      },
      {
        "vector_id": 1500,
        "score": 0.5010251998901367,
        "text": "between the model predictions and a zero vector, does not use additional cues or sensitivities and yet achieves near state - of - the - art performance on vqa - cpv2. we set the learning rate to : 2×10 - 6 r, where r is the ratio of the training instances used for fine - tuning. the weight for the loss is set to 2. we report the performance obtained at the 8 th epoch. a. 2 results correlation with ground truth visual cues following ( selvaraju et al., 2019 ), we report spearman's rank correlation between network's sensitivity scores and human - based scores in table a3. for hint and our zero - out regularizer, we use human - based attention maps. for scr, we use textual explanation - based scores. we find that hint trained on human attention maps has the highest correlation coefficients for both datasets. however, compared to baseline, hint variants trained on random visual cues also show improved correlations. for scr, we obtain surprising results, with the model trained on irrelevant cues obtaining higher correlation than that trained on relevant visual cues. as expected, applying our regularizer does not improve rank correlation. since hint trained on relevant cues obtains the highest correlation values, it does indicate improvement in visual grounding. however, as we have seen, the improvements in performance cannot necessarily be attributed to better overlap with ground truth localizations. a note on qualitative examples presentation of qualitative examples in visual grounding models for vqa suffers from confirmation bias i. e., while it is possible to find qualitative samples that look at relevant regions to answer questions properly, it is also possible to find samples that produce correct answers without looking at relevant regions. we present examples for such cases in fig. a3. we next present a quantitative assessment of visual grounding, which does not suffer from the confirmation bias. quantitative assessment of grounding in order to truly assess if existing methods are using relevant regions to produce correct answers, we use our proposed metric : correctly predicted but improperly grounded ( cpig ). if the cpig values are large, then it implies that large portion of correctly predicted samples were not properly grounded. fig. a4 shows % cpig for different variants of hint trained on human attention - based cues, whereas fig. a5 shows the metric for different variants of scr trained on textual explanationbased cues. we observe that hint and scr trained on relevant regions have the lowest % cpi"
      }
    ],
    "What experiments or evaluation setup are used (datasets, tasks, metrics)?": [
      {
        "vector_id": 1495,
        "score": 0.6332128047943115,
        "text": "cues'section of table 1, both hint and scr are within 0. 3 % of the results obtained from looking at relevant regions, which indicates the gains for hint and scr are not necessarily from looking at relevant regions. training on random visual cues in our next experiment we studied how random visual cues performed with hint and scr. we assign random importance scores to the visual regions : s rand uniform ( 0, 1 ). we test two variants of randomness : fixed random regions, where 1, both of these variants obtain similar results as the model trained with human - based importance scores. the performance improves even when the importance scores are changed every epoch, indicating that it is not even necessary to look at the same visual regions. significance of statistical differences to test if the changes in results were statistically significant, we performed welch's t - tests ( welch, 1938 ) on the predictions of the variants trained on relevant, irrelevant and random cues. we pick welch's t - test over the student's t - test, because the latter assumes equal variances for predictions from different variants. to perform the tests, we first randomly sample 5000 subsets of non - overlapping test instances. we then average the accuracy of each subset across 5 runs, obtaining 5000 values. next, we run the t - tests for hint and scr separately on the subset accuracies. as shown in table 2, the p - values across the variants of hint and scr are greater than or equal to 0. 3. using a confidence level of 95 % ( α = 0. 05 ), we fail to reject the null hypothesis that the mean difference between the paired values is 0, showing that the variants are not statistically significantly different from each other. we also compare the predictions of hint / scr against baseline, and find that p - values are all zeros, showing that the differences have statistical significance. percentage of overlaps : to further check if the variants trained on irrelevant or random regions gain performance in a manner similar to the models trained on relevant regions, we compute the overlap between their predictions on vqa - cpv2's test set. the percentage of overlap is defined as : % overlap = n same n total × 100 %, where, n same denotes the number of instances where either both variants were correct or both were incorrect and n total denotes the total number of test instances. as shown in hint ( full ) scr ( full ) hint ( subset with cues ) scr ( subset with cues ) figure 2"
      }
    ]
  },
  "rag_prompt": "You are writing an academic abstract using the provided context.\nKeyword: visual_understanding\n\nContext:\n[Chunk 1] are not producing right answers for the right reasons. discussion on proper grounding while our results indicate that current visual grounding based bias mitigation approaches do not suffice, we believe this is still a good research direction. however, future methods must seek to verify that performance gains are not stemming from spurious sources by using an experimental setup similar to that presented in this paper. we recommend that both train and test accuracy be reported, because a model truly capable of visual grounding would not cause drastic drops in training accuracy to do well on the test sets. finally, we advocate for creating a dataset with ground truth grounding available for 100 % of the instances using synthetically generated datasets ( kafle et al., 2017 ; kafle and kanan, 2017 ; kafle et al., 2018 ; acharya et al., 2019b ; hudson and manning, 2019 ; johnson et al., 2017 ), enabling the community to evaluate if their methods are able to focus on relevant information. another alternative is to use tasks that explicitly test grounding, e. g., in visual query detection an agent must output boxes around any regions of a scene that match the natural language query ( acharya et al., 2019a ). conclusion here, we showed that existing visual grounding based bias mitigation methods for vqa are not working as intended. we found that the accuracy improvements stem from a regularization effect rather than proper visual grounding. we proposed a simple regularization scheme which, despite not requiring additional annotations, rivals state - of - theart accuracy. future visual grounding methods should be tested with a more comprehensive experimental setup and datasets for proper evaluation. a appendix a. 1 training details we compare four different variants of hint and scr to study the causes behind the improvements including the models that are fine - tuned on : 1 ) relevant regions ( state - of - the - art methods ) 2 ) irrelevant regions 3 ) fixed random regions and 4 ) variable random regions. for all variants, we fine - tune a pretrained updn, which was trained on either vqa - cpv2 or vqav2 for 40 epochs with a learning rate of 10 - 3. when fine - tuning with hint, scr or our method, we also use the main binary cross entropy vqa loss, whose weight is set to 1. the batch size is set to 384 for all of the experiments. hint following ( selvaraju et al\n\n[Chunk 2] large, then it implies that large portion of correctly predicted samples were not properly grounded. fig. a4 shows % cpig for different variants of hint trained on human attention - based cues, whereas fig. a5 shows the metric for different variants of scr trained on textual explanationbased cues. we observe that hint and scr trained on relevant regions have the lowest % cpig values ( 70. 24 % and 80. 22 % respectively ), indicating that they are better than other variants in finding relevant regions. however, only a small percentage of correctly predicted samples were properly grounded ( 29. 76 % and 19. 78 % for hint and scr respectively ), even when trained on relevant cues. breakdown by answer types table a4 shows vqa accuracy for each answer type on vqacpv2's test set. hint / scr and our regularizer show large gains in'yes / no'questions. we hypothesize that the methods help forget lin - accuracy versus size of train set we test our regularization method on random subsets of varying sizes. fig. a6 shows the results when we apply our loss to 1 - 100 % of the training instances. clearly, the ability to regularize the model does not vary much with respect to the size of the train subset, with the best performance occurring when our loss is applied to 1 % of the training instances. these results support our claims that it is possible to improve performance without actually performing visual grounding. train test figure a6 : the regularization effect of our loss is invariant with respect to the dataset size. figure 1 : 1 figure 1 : we find that existing visual sensitivity enhancement methods improve performance on vqa - cpv2 through regularization as opposed to proper visual grounding. q : is this food sweet? a : yesremarks : the most sensitive regions for irrelevant / random variants do not contain food, yet their answers are correct. the boy worn out his jeans? a : yes remarks : all of the variants look at both relevant and irrelevant regions to produce correct answer. q : is the sport being played tennis or volleyball? a : tennisremarks : none of the variants look at relevant regions, and yet produce correct answer. q : what is the swimmer doing? a : surfing remarks : models trained on irrelevant / random cues do not look at the swimmer at all, yet produce correct answer. figure a3 : a3 figure a3 : visualizations of most sensitive visual regions used by variants of hint to\n\nConstraints: Use only the context. Do not invent datasets, baselines, or numerical results.\nIf results are not stated, describe them generally.\n\nWrite a concise abstract (150-250 words).",
  "rag_output": "This study investigates the effectiveness of visual grounding based bias mitigation approaches in Visual Question Answering (VQA). Our results indicate that current methods do not suffice, suggesting that performance gains stem from spurious sources rather than proper visual grounding. We propose a simple regularization scheme that rivals state-of-the-art accuracy without requiring additional annotations. Our findings highlight the need for a more comprehensive experimental setup and datasets to evaluate the performance of visual grounding methods. We recommend reporting both train and test accuracy to verify that performance gains are not stemming from regularization effects. Furthermore, we advocate for creating a dataset with ground truth grounding available for 100% of instances using synthetically generated datasets or tasks that explicitly test grounding. Our study demonstrates that existing visual grounding based bias mitigation methods for VQA are not working as intended, and future methods should be tested with a more robust experimental setup to ensure proper evaluation.",
  "metrics": {
    "hwt": {
      "llama": {
        "perplexity": 14.214987631491761,
        "burstness": 2.716796875,
        "curvature": 0.1426757812499999
      },
      "gpt2": {
        "perplexity": 26.35042423874788,
        "burstness": 3.07421875,
        "curvature": 0.16630859375000018
      }
    },
    "only_llm": {
      "llama": {
        "perplexity": 2.8459542874379604,
        "burstness": 1.4873046875,
        "curvature": 0.30229492187499996
      },
      "gpt2": {
        "perplexity": 8.554730245048765,
        "burstness": 2.080078125,
        "curvature": 0.3021484375000001
      }
    },
    "rag": {
      "llama": {
        "perplexity": 12.968197316969134,
        "burstness": 2.685546875,
        "curvature": 0.134765625
      },
      "gpt2": {
        "perplexity": 25.790339917193062,
        "burstness": 3.109375,
        "curvature": 0.1884765625
      }
    }
  }
}