{
  "paper_id": "2008.00151v2",
  "keyword": "visual_understanding",
  "source_path": "papers/outputs/visual_understanding/2008.00151v2.json",
  "abstract_hwt": "A common network analysis task is comparison of two networks to identify unique characteristics in one network with respect to the other. For example, when comparing protein interaction networks derived from normal and cancer tissues, one essential task is to discover protein-protein interactions unique to cancer tissues. However, this task is challenging when the networks contain complex structural (and semantic) relations. To address this problem, we design Con-traNA, a visual analytics framework leveraging both the power of machine learning for uncovering unique characteristics in networks and also the effectiveness of visualization for understanding such uniqueness. The basis of ContraNA is cNRL, which integrates two machine learning schemes, network representation learning (NRL) and contrastive learning (CL), to generate a low-dimensional embedding that reveals the uniqueness of one network when compared to another. ContraNA provides an interactive visualization interface to help analyze the uniqueness by relating embedding results and network structures as well as explaining the learned features by cNRL. We demonstrate the usefulness of ContraNA with two case studies using real-world datasets. We also evaluate ContraNA through a controlled user study with 12 participants on network comparison tasks. The results show that participants were able to both effectively identify unique characteristics from complex networks and interpret the results obtained from cNRL.",
  "abstract_only_llm": "Network comparison is a fundamental problem in various fields, encompassing social connections, biological interactions, and supercomputer communications. The ability to visually comprehend and identify the uniqueness of one network compared to another is crucial for informed decision-making and strategic planning.\nThis study proposes a theoretical framework for visual understanding of network comparisons, focusing on the development of a conceptual model that facilitates the identification of key differences and similarities between two networks. The framework is grounded in the principles of graph theory and visual analytics, leveraging techniques such as node-link diagrams, graph clustering, and visualization metrics.\nOur approach aims to provide a systematic and comprehensive method for visualizing network comparisons, enabling users to effectively communicate complex network relationships and identify patterns that may not be immediately apparent through numerical analysis. The framework is designed to be adaptable and extensible, allowing researchers and practitioners to incorporate additional visualization techniques and metrics as needed.\nBy providing a theoretical foundation for visual understanding of network comparisons, this study contributes to the advancement of network science and its applications in various domains, ultimately facilitating more effective and informed decision-making in real-world scenarios.",
  "abstract_rag": "This study examines the visual understanding of network uniqueness through comparative analysis tasks, focusing on the role of feature complexity and network science expertise. We recruited 12 participants with varying levels of network science knowledge and experience to complete three comparative network analysis tasks using different pairs of networks. The tasks were designed to assess participants' ability to identify and explain network uniqueness, with increasing feature complexity and task difficulty.\nOur results show that participants generally demonstrated high accuracy in identifying network uniqueness, with some variations across tasks. However, the explanations provided for the found uniqueness (or lack thereof) revealed significant differences in accuracy, with one task yielding higher accuracy than others. The study's findings contribute to our understanding of how visual representations of network data influence human judgment and decision-making in network science.\nThe study's results have implications for the design of network analysis tools and interfaces, highlighting the importance of considering the complexity of network features and the expertise of the users. The findings also suggest that further research is needed to develop more effective methods for communicating network uniqueness and facilitating human understanding of complex network data.",
  "only_llm_summary": "INTRODUCTION A network is a common form for modeling various types of relationships in real-world applications, such as social connections [14, 22] , biological interactions [18, 39] , and supercomputer communications [15] . In practice, comparative analysis of two networks is vital [28, 85] , especially for the identification of the uniqueness of one network compared to another.",
  "only_llm_body": "INTRODUCTION A network is a common form for modeling various types of relationships in real-world applications, such as social connections [14, 22] , biological interactions [18, 39] , and supercomputer communications [15] . In practice, comparative analysis of two networks is vital [28, 85] , especially for the identification of the uniqueness of one network compared to another. We call this task contrastive network analysis. For example, when studying the effect of Alzheimer's disease on a human brain [37] , neuroscientists want to find unique functional connections in the brain network of a patient with Alzheimer's disease by comparing to that of a healthy subject. Also, for researcher collaborations in different disciplines [62] , analysts in a funding agency may want to reveal unique ways of collaboration in the disciplines for decision making. Despite the demands for network comparison, there is little adequate visual analytics support. Most of the existing methods (e.g., [4, 55, 81] ) presuppose the existence of node-correspondence (i.e., pairwise correspondence between nodes in two different networks) [85] . This is a critical limitation since we usually do not know such information in advance when the networks are collected from different resources. One potential solution is identifying the node-correspondence by using network alignment (or graph matching) [28, 85] . However, these algorithms notoriously have high computational costs [28, 85] , and thus are only suit\n\nributions of target and background networks' centralities (e.g., whether the degree distribution follows the power law [10] ), and laid-out networks are helpful for viewing the topological differences (e.g., whether multiple communities exist). Linking with Probability Distributions. The probability distribution view (Fig. 2-c ) shows the distributions of the selected feature values in the feature contribution view (i.e., F8 in Fig. 2-b ), for target and background networks. Its xand y-coordinates represent a (scaled) feature value and its probability (or relative frequency), respectively. Both logarithmic and linear scales for the y-coordinate are supported. We colorcode the probability distribution lines with the same colors used for the node borders in the contrastive representation view (i.e., black: target network, gray: background network). Linking with Network Layouts. The network layout view in Fig. 2-d , e visualizes laid-out target and background networks, with the scalable f\n\n2, BG2) are the results after selecting F9. 1 -4 at the bottom show the zoomed regions from TG2 and BG2. Table 1 : 1 Networks used for the controlled user study and case studies, where n and l represent the numbers of nodes and links, respectively. 100 , l = 471) (n = 100 , l = 525) Tutorial 3, LC-multiple [93] Combined-AP/MS [93] 1 Case Study 2 (n = 1, 536, l = 2, 925) (n = 1, 622, l = 9, 070) Training School-Day2 [83] School-Day1 [83] 2 (n = 238, l = 5, 539) (n = 236, l = 5, 899) Task A Brain-Low [57] Brain-High [57] N/A (n = 233 , l = 2, 627) (n = 246 , l = 3, 355) Task B, p2p-Gnutella08 [64] Price2 0 Case Study 1 (n = 6, 301, l = 20, 777) (n = 6, 301, l = 18, 897) Task C Dolphin [69] Karate [94] 1 (n = 62 , l = 159) (n = 34 , l = 78) * # of RFOs in a network feature that highly contributes to the uniqueness in G T . Figure 12 : 12 Figure 12: Accuracy (left) and completion time (right) for each subtask. and 3 concrete analysis examples. Afterward, participants completed a training session, allowing them to get familiar with ContraNA and the task, followed by the real study consisting of three tasks. The datasets used in the tutorials, training, and study tasks are shown in Table Figure 13 : 13 Figure 13: NASA TLX results (the lower the better). Figure 14 : 14 Figure 14: Histograms of participants' ratings on the overall impression and usefulness of each UI function (the higher the better). Numbers over the bins represent the frequency. Median ratings are indicated in g",
  "only_llm_prompt": "You are writing an academic abstract.\nKeyword: visual_understanding\nBrief summary (2 sentences): INTRODUCTION A network is a common form for modeling various types of relationships in real-world applications, such as social connections [14, 22] , biological interactions [18, 39] , and supercomputer communications [15] . In practice, comparative analysis of two networks is vital [28, 85] , especially for the identification of the uniqueness of one network compared to another.\nConstraints: Do not invent datasets, baselines, or numerical results.\nIf results are not stated, describe them generally.\n\nWrite a concise abstract (150-250 words).",
  "only_llm_output": "Network comparison is a fundamental problem in various fields, encompassing social connections, biological interactions, and supercomputer communications. The ability to visually comprehend and identify the uniqueness of one network compared to another is crucial for informed decision-making and strategic planning.\nThis study proposes a theoretical framework for visual understanding of network comparisons, focusing on the development of a conceptual model that facilitates the identification of key differences and similarities between two networks. The framework is grounded in the principles of graph theory and visual analytics, leveraging techniques such as node-link diagrams, graph clustering, and visualization metrics.\nOur approach aims to provide a systematic and comprehensive method for visualizing network comparisons, enabling users to effectively communicate complex network relationships and identify patterns that may not be immediately apparent through numerical analysis. The framework is designed to be adaptable and extensible, allowing researchers and practitioners to incorporate additional visualization techniques and metrics as needed.\nBy providing a theoretical foundation for visual understanding of network comparisons, this study contributes to the advancement of network science and its applications in various domains, ultimately facilitating more effective and informed decision-making in real-world scenarios.",
  "rag_queries": [
    "What is the main problem or motivation addressed in this paper?",
    "What method or approach is proposed? Summarize the core idea and components.",
    "What experiments or evaluation setup are used (datasets, tasks, metrics)?",
    "What are the main results or findings? Include numeric results only if present.",
    "What are the key contributions and significance of this work?"
  ],
  "rag_chunks": [
    {
      "vector_id": 1169,
      "score": 0.5843234658241272,
      "text": "price 1, 2 ) with the price's preferential attachment models [ 73 ], as well as used several public datasets. we categorized the analysis tasks into three by carefully selecting target and background networks : ( a ) no uniqueness is in g t ( # of rfos is n / a ), ( b ) the uniqueness in g t can be identified and interpreted with a network feature containing only the base feature ( # of rfos = 0 ), and ( c ) containing rfos ( # of rfos ≥ 1 ). as the number of rfos increases, a feature becomes more complicated and the task becomes harder. participants. we recruited 12 participants ( 4 females and 8 males ; aged 18 - 44 ) at a local university, with 10 from computer science and 2 from political science. there were 1 postdoc - fellow, 10 phds, and 1 master's. we pre - screened participants to ensure that they have fundamental knowledge of network science. their self - reported familiarity with network analysis had the median of 5 ( ), on a scale of 1 ( not familiar ) to 7 ( use regularly ). out of 7 network centralities / measures used in the study ( i. e., degree, closeness, betweenness, eigenvector, katz centralities, pagerank, and k - core number [ 73 ] ), participants'knowledge of these had the median of 3 ( ). apparatus. the study was conducted on an imac ( 4 ghz intel core i7, 16gb 1, 600 mhz ddr3 ) with a 27 - inch display ( 5, 120 × 2, 880 pixels ), connected with an apple magic mouse 2. the ui was presented with google chrome in full - screen mode. because the refinement of contrastive representations ( sect. 6. 4 ) was not relevant to our study tasks, we disabled the related functionalities. tasks and design. based on q1 and q2, given target and background networks, participants were asked to perform comparative analysis using contrana and complete two subtasks, ( st1 ) and ( st2 ) : ( st1 ) identifies whether or not the target network has any uniqueness compared to the background network, and ( st2 ) explains the found uniqueness ( if any ) or the reason of concluding there is no uniqueness. st1 required a selection from options of yes, no, and i'm not sure ; for st2, participants were asked to write down their explanation.",
      "query": "What is the main problem or motivation addressed in this paper?"
    },
    {
      "vector_id": 1170,
      "score": 0.5712890625,
      "text": "##1 ) identifies whether or not the target network has any uniqueness compared to the background network, and ( st2 ) explains the found uniqueness ( if any ) or the reason of concluding there is no uniqueness. st1 required a selection from options of yes, no, and i'm not sure ; for st2, participants were asked to write down their explanation. we employed a within - subjects design for our study. each participant completed three comparative network analysis tasks in our main study, using three different pairs of networks ( tasks a, b, and c in table 1 ). the order of tasks was counterbalanced across participants. procedure. at the beginning, participants provided their demographics and backgrounds on a survey. a brief tutorial was then presented including explanations of the definition of the uniqueness, the above 7 network centralities / measures, the usage of contrana, 1. think aloud protocol was used during the training and task sessions. they were allowed to ask questions about the contrana ui and the network centralities and measures. no time limit was set for the tasks. lastly, participants provided their feedback with the nasa tlx [ 49 ], a questionnaire about contrana's visual interface, and a semi - structured interview. the whole study lasted around 1 hour per participant. results this section reports our controlled study results including task accuracy, completion time, and participants'subjective feedback. accuracy. the accuracy for each subtask is shown in fig. 12 left. two network science experts independently rated participants'explanations in st2 with a scale of 1 ( the worst ) to 5 ( the best ) based on correctness and comprehensiveness. weighted cohen's kappa coefficient indicates high reliability of the ratings ( κ = 0. 83, in the range of 0. 81 - 1. 00 : almost perfect agreement ) [ 20 ]. in general, task b has the highest mean accuracy for both st1 ( 100 % ) and st2 ( 92 % ), which might be because the uniqueness of the target network can be understood easily with the base feature. however, for st1, a cochran's q test [ 70 ] does not show any significant differences across tasks. for st2, a friedman test [ 70 ] reveals significant differences ( χ 2 = 7. 55, p < 0. 05 ). a post - hoc analysis using wilcoxon signed - rank exact test with bonferroni correction [ 13 ] indicates that task b has significantly higher accuracy than task c ( p < 0.",
      "query": "What is the main problem or motivation addressed in this paper?"
    },
    {
      "vector_id": 1171,
      "score": 0.6500658988952637,
      "text": "] does not show any significant differences across tasks. for st2, a friedman test [ 70 ] reveals significant differences ( χ 2 = 7. 55, p < 0. 05 ). a post - hoc analysis using wilcoxon signed - rank exact test with bonferroni correction [ 13 ] indicates that task b has significantly higher accuracy than task c ( p < 0. 05 ) that has the most difficulty. additionally, participants'scores of st2 show a weak positive correlation ( pearson's correlation coefficient ρ = 0. 31 ) with the numbers of network centralities / measures they knew, which generally represent their level of expertise in network science. thus, higher expertise seems to help provide better explanations. completion time. fig. 12 - right shows the completion time for each task. however, a friedman test does not show any significant difference across tasks. there is a weak negative correlation ( ρ = - 0. 33 ) between the completion times and the numbers of known network centralities / measures ( i. e., the expertise helped finish tasks faster ). for tasks a and b, st2 ( 2. 7 minutes and 3. 5 minutes, respectively ) took longer than st1 ( both 2. 5 minutes ). but for task c, it is the opposite ( st1 : 3. 5 minutes, st2 : 2. 7 minutes ). from our observation, the reason might be that participants tried to find the explanation ( st2 ) before deciding their answer to st1. subjective feedback. fig. 13 lists participants'ratings with the nasa tlx. generally, st2 has higher mean values than st1 in each task ; however, a wilcoxon signed - rank exact test does not show any significant difference in each pair of subtasks. participants expressed relatively high mental demand and effort for performing the tasks, which is plausible because the network analysis needs high concentration. fig. 14 shows the questionnaire results on the impression of contrana. overall, participants felt that contrana is easy to learn, easy to use, and useful to perform st1 and st2. for the usefulness of each ui function, the contrastive representation, feature contribution, and network layout views receive high ratings, especially the contrastive representation view, whereas the probability distribution view has relatively low scores. also, a friedman test ( χ 2 = 18. 0, p < 0. 001 ) and a post - hoc analysis using the wilcoxon signed - rank exact test with bonferroni correction [ 13 ] show significant differences",
      "query": "What experiments or evaluation setup are used (datasets, tasks, metrics)?"
    },
    {
      "vector_id": 1174,
      "score": 0.5620695352554321,
      "text": "to better define and inform a threshold of containing the uniqueness should be addressed in the further work. importance of interpretability and cnrl. one notable result is that participants spent similar time in completing st1 and st2. this surprises us because we expected that st1 would be finished much faster because they only needed to review the contrastive representation view and select an answer, while st2 required the use of multiple views and writing an explanation. from our observation, we noticed that although they quickly recognized the uniqueness from the contrastive representation view, before selecting the answer, they tried to understand the reasons behind to convince themselves. this points out the importance of providing the interpretability in algorithms, including nrl and cl methods. this fact also influenced the mean accuracy of task c - st1. three participants chose i'm not sure because they were not able to completely understand why the target network was unique while the potential uniqueness was found, which may be due to their lower expertise in network science. all the views except for the probability distribution view seemed to be useful according to participants. from our interviews, several participants mentioned that for easier tasks ( e. g., task b ) it was not necessary to use the probability distribution view ; for more difficult tasks ( e. g., task c ), the probability distribution view was not helpful to reveal the uniqueness. this indicates the limitation of network comparison based on probability distributions, which is a popular analysis approach, and the necessity of more advanced embedding based approaches, such as cnrl. further, when asked about how to perform similar tasks without contrana, participants provided approaches of either comparing probability distributions of basic network centralities or comparing laid - out networks. also, they mentioned that they might be able to find the uniqueness with their stated approach but it would \" be awful \" ( p9 ) and \" take longer \" ( p1 ), and \" i might miss some uniqueness \" ( p5 ). in contrast, using contrana is \" much easier because it supports a lot of stuff you need to deal with... comparing the target and background in the contrastive representation view is really helpful. if you see spreading patterns [ of a target ], it might be unique. \" ( p11 ). usage with other algorithms. contrana employs i - cnrl because of its interpretability ; however, most of contrana functionalities are generic enough to be well adapted with other nrl and cl methods in the architecture. for example, if the interpretability is",
      "query": "What are the main results or findings? Include numeric results only if present."
    },
    {
      "vector_id": 1161,
      "score": 0.6312161684036255,
      "text": "row and column correspond to a network feature and cpc, respectively. similar to fujiwara et al.'s work [ 34 ], we generate scaled cpc loadings ( or feature contributions ) between [ - 1, 1 ] by dividing each cpc's loadings by their maximum absolute value. then, we encode the scaled cpc loadings with a brownto - blue - green diverging colormap [ 26, 48 ]. the magnitude of the loading represents how strongly a feature contributes to the corresponding cpc. for example, the feature at the eighth row in fig. 2 - b ( f8 : the mean of all - neighbors'eigenvector centralities [ 73 ] ), has the most influence on cpc1. also, the sign of the loading indicates the contributed direction along the cpc ( + : positive ; - : negative ). for example, in fig. 2 - a where each node is colored by f8, we can see that the feature values of g t generally vary from low to high along the positive x - direction. by default, contrana automatically selects the feature that most strongly contributes to cpc1 ( e. g., f8 in fig. 2 - b ) and highlights the corresponding row in yellow. the analyst can select a different feature, and all other views are updated based on the selected feature ( e. g., node colors in the contrastive representation view ). by using the contrastive representation and feature contribution views together, we discover that the uniqueness of the dolphin network g t highly relates to f8. from the nodes colored by the feature values ( fig. 2 - a ), we can see that the nodes around the topleft have low values while the nodes around the bottom - right tend to have higher values. relating to common network visualizations with above results, we further analyze the uniqueness by relating f8 to common network visualizations ( fig. 3 - d ). contrana provides two perspectives for network analysis ( dc3 - intuitiveness ) : probability distributions and laid - out networks [ 10 ]. probability distributions are often used to compare the distributions of target and background networks'centralities ( e. g., whether the degree distribution follows the power law [ 10 ] ), and laid - out networks are helpful for viewing the topological differences ( e. g., whether multiple communities exist ). linking with probability distributions. the probability distribution view ( fig. 2 - c ) shows the distributions of the selected feature values in the feature contribution view (",
      "query": "What are the key contributions and significance of this work?"
    }
  ],
  "rag_by_query": {
    "What is the main problem or motivation addressed in this paper?": [
      {
        "vector_id": 1169,
        "score": 0.5843234658241272,
        "text": "price 1, 2 ) with the price's preferential attachment models [ 73 ], as well as used several public datasets. we categorized the analysis tasks into three by carefully selecting target and background networks : ( a ) no uniqueness is in g t ( # of rfos is n / a ), ( b ) the uniqueness in g t can be identified and interpreted with a network feature containing only the base feature ( # of rfos = 0 ), and ( c ) containing rfos ( # of rfos ≥ 1 ). as the number of rfos increases, a feature becomes more complicated and the task becomes harder. participants. we recruited 12 participants ( 4 females and 8 males ; aged 18 - 44 ) at a local university, with 10 from computer science and 2 from political science. there were 1 postdoc - fellow, 10 phds, and 1 master's. we pre - screened participants to ensure that they have fundamental knowledge of network science. their self - reported familiarity with network analysis had the median of 5 ( ), on a scale of 1 ( not familiar ) to 7 ( use regularly ). out of 7 network centralities / measures used in the study ( i. e., degree, closeness, betweenness, eigenvector, katz centralities, pagerank, and k - core number [ 73 ] ), participants'knowledge of these had the median of 3 ( ). apparatus. the study was conducted on an imac ( 4 ghz intel core i7, 16gb 1, 600 mhz ddr3 ) with a 27 - inch display ( 5, 120 × 2, 880 pixels ), connected with an apple magic mouse 2. the ui was presented with google chrome in full - screen mode. because the refinement of contrastive representations ( sect. 6. 4 ) was not relevant to our study tasks, we disabled the related functionalities. tasks and design. based on q1 and q2, given target and background networks, participants were asked to perform comparative analysis using contrana and complete two subtasks, ( st1 ) and ( st2 ) : ( st1 ) identifies whether or not the target network has any uniqueness compared to the background network, and ( st2 ) explains the found uniqueness ( if any ) or the reason of concluding there is no uniqueness. st1 required a selection from options of yes, no, and i'm not sure ; for st2, participants were asked to write down their explanation."
      },
      {
        "vector_id": 1170,
        "score": 0.5712890625,
        "text": "##1 ) identifies whether or not the target network has any uniqueness compared to the background network, and ( st2 ) explains the found uniqueness ( if any ) or the reason of concluding there is no uniqueness. st1 required a selection from options of yes, no, and i'm not sure ; for st2, participants were asked to write down their explanation. we employed a within - subjects design for our study. each participant completed three comparative network analysis tasks in our main study, using three different pairs of networks ( tasks a, b, and c in table 1 ). the order of tasks was counterbalanced across participants. procedure. at the beginning, participants provided their demographics and backgrounds on a survey. a brief tutorial was then presented including explanations of the definition of the uniqueness, the above 7 network centralities / measures, the usage of contrana, 1. think aloud protocol was used during the training and task sessions. they were allowed to ask questions about the contrana ui and the network centralities and measures. no time limit was set for the tasks. lastly, participants provided their feedback with the nasa tlx [ 49 ], a questionnaire about contrana's visual interface, and a semi - structured interview. the whole study lasted around 1 hour per participant. results this section reports our controlled study results including task accuracy, completion time, and participants'subjective feedback. accuracy. the accuracy for each subtask is shown in fig. 12 left. two network science experts independently rated participants'explanations in st2 with a scale of 1 ( the worst ) to 5 ( the best ) based on correctness and comprehensiveness. weighted cohen's kappa coefficient indicates high reliability of the ratings ( κ = 0. 83, in the range of 0. 81 - 1. 00 : almost perfect agreement ) [ 20 ]. in general, task b has the highest mean accuracy for both st1 ( 100 % ) and st2 ( 92 % ), which might be because the uniqueness of the target network can be understood easily with the base feature. however, for st1, a cochran's q test [ 70 ] does not show any significant differences across tasks. for st2, a friedman test [ 70 ] reveals significant differences ( χ 2 = 7. 55, p < 0. 05 ). a post - hoc analysis using wilcoxon signed - rank exact test with bonferroni correction [ 13 ] indicates that task b has significantly higher accuracy than task c ( p < 0."
      }
    ],
    "What experiments or evaluation setup are used (datasets, tasks, metrics)?": [
      {
        "vector_id": 1171,
        "score": 0.6500658988952637,
        "text": "] does not show any significant differences across tasks. for st2, a friedman test [ 70 ] reveals significant differences ( χ 2 = 7. 55, p < 0. 05 ). a post - hoc analysis using wilcoxon signed - rank exact test with bonferroni correction [ 13 ] indicates that task b has significantly higher accuracy than task c ( p < 0. 05 ) that has the most difficulty. additionally, participants'scores of st2 show a weak positive correlation ( pearson's correlation coefficient ρ = 0. 31 ) with the numbers of network centralities / measures they knew, which generally represent their level of expertise in network science. thus, higher expertise seems to help provide better explanations. completion time. fig. 12 - right shows the completion time for each task. however, a friedman test does not show any significant difference across tasks. there is a weak negative correlation ( ρ = - 0. 33 ) between the completion times and the numbers of known network centralities / measures ( i. e., the expertise helped finish tasks faster ). for tasks a and b, st2 ( 2. 7 minutes and 3. 5 minutes, respectively ) took longer than st1 ( both 2. 5 minutes ). but for task c, it is the opposite ( st1 : 3. 5 minutes, st2 : 2. 7 minutes ). from our observation, the reason might be that participants tried to find the explanation ( st2 ) before deciding their answer to st1. subjective feedback. fig. 13 lists participants'ratings with the nasa tlx. generally, st2 has higher mean values than st1 in each task ; however, a wilcoxon signed - rank exact test does not show any significant difference in each pair of subtasks. participants expressed relatively high mental demand and effort for performing the tasks, which is plausible because the network analysis needs high concentration. fig. 14 shows the questionnaire results on the impression of contrana. overall, participants felt that contrana is easy to learn, easy to use, and useful to perform st1 and st2. for the usefulness of each ui function, the contrastive representation, feature contribution, and network layout views receive high ratings, especially the contrastive representation view, whereas the probability distribution view has relatively low scores. also, a friedman test ( χ 2 = 18. 0, p < 0. 001 ) and a post - hoc analysis using the wilcoxon signed - rank exact test with bonferroni correction [ 13 ] show significant differences"
      }
    ],
    "What are the main results or findings? Include numeric results only if present.": [
      {
        "vector_id": 1174,
        "score": 0.5620695352554321,
        "text": "to better define and inform a threshold of containing the uniqueness should be addressed in the further work. importance of interpretability and cnrl. one notable result is that participants spent similar time in completing st1 and st2. this surprises us because we expected that st1 would be finished much faster because they only needed to review the contrastive representation view and select an answer, while st2 required the use of multiple views and writing an explanation. from our observation, we noticed that although they quickly recognized the uniqueness from the contrastive representation view, before selecting the answer, they tried to understand the reasons behind to convince themselves. this points out the importance of providing the interpretability in algorithms, including nrl and cl methods. this fact also influenced the mean accuracy of task c - st1. three participants chose i'm not sure because they were not able to completely understand why the target network was unique while the potential uniqueness was found, which may be due to their lower expertise in network science. all the views except for the probability distribution view seemed to be useful according to participants. from our interviews, several participants mentioned that for easier tasks ( e. g., task b ) it was not necessary to use the probability distribution view ; for more difficult tasks ( e. g., task c ), the probability distribution view was not helpful to reveal the uniqueness. this indicates the limitation of network comparison based on probability distributions, which is a popular analysis approach, and the necessity of more advanced embedding based approaches, such as cnrl. further, when asked about how to perform similar tasks without contrana, participants provided approaches of either comparing probability distributions of basic network centralities or comparing laid - out networks. also, they mentioned that they might be able to find the uniqueness with their stated approach but it would \" be awful \" ( p9 ) and \" take longer \" ( p1 ), and \" i might miss some uniqueness \" ( p5 ). in contrast, using contrana is \" much easier because it supports a lot of stuff you need to deal with... comparing the target and background in the contrastive representation view is really helpful. if you see spreading patterns [ of a target ], it might be unique. \" ( p11 ). usage with other algorithms. contrana employs i - cnrl because of its interpretability ; however, most of contrana functionalities are generic enough to be well adapted with other nrl and cl methods in the architecture. for example, if the interpretability is"
      }
    ],
    "What are the key contributions and significance of this work?": [
      {
        "vector_id": 1161,
        "score": 0.6312161684036255,
        "text": "row and column correspond to a network feature and cpc, respectively. similar to fujiwara et al.'s work [ 34 ], we generate scaled cpc loadings ( or feature contributions ) between [ - 1, 1 ] by dividing each cpc's loadings by their maximum absolute value. then, we encode the scaled cpc loadings with a brownto - blue - green diverging colormap [ 26, 48 ]. the magnitude of the loading represents how strongly a feature contributes to the corresponding cpc. for example, the feature at the eighth row in fig. 2 - b ( f8 : the mean of all - neighbors'eigenvector centralities [ 73 ] ), has the most influence on cpc1. also, the sign of the loading indicates the contributed direction along the cpc ( + : positive ; - : negative ). for example, in fig. 2 - a where each node is colored by f8, we can see that the feature values of g t generally vary from low to high along the positive x - direction. by default, contrana automatically selects the feature that most strongly contributes to cpc1 ( e. g., f8 in fig. 2 - b ) and highlights the corresponding row in yellow. the analyst can select a different feature, and all other views are updated based on the selected feature ( e. g., node colors in the contrastive representation view ). by using the contrastive representation and feature contribution views together, we discover that the uniqueness of the dolphin network g t highly relates to f8. from the nodes colored by the feature values ( fig. 2 - a ), we can see that the nodes around the topleft have low values while the nodes around the bottom - right tend to have higher values. relating to common network visualizations with above results, we further analyze the uniqueness by relating f8 to common network visualizations ( fig. 3 - d ). contrana provides two perspectives for network analysis ( dc3 - intuitiveness ) : probability distributions and laid - out networks [ 10 ]. probability distributions are often used to compare the distributions of target and background networks'centralities ( e. g., whether the degree distribution follows the power law [ 10 ] ), and laid - out networks are helpful for viewing the topological differences ( e. g., whether multiple communities exist ). linking with probability distributions. the probability distribution view ( fig. 2 - c ) shows the distributions of the selected feature values in the feature contribution view ("
      }
    ]
  },
  "rag_prompt": "You are writing an academic abstract using the provided context.\nKeyword: visual_understanding\n\nContext:\n[Chunk 1] price 1, 2 ) with the price's preferential attachment models [ 73 ], as well as used several public datasets. we categorized the analysis tasks into three by carefully selecting target and background networks : ( a ) no uniqueness is in g t ( # of rfos is n / a ), ( b ) the uniqueness in g t can be identified and interpreted with a network feature containing only the base feature ( # of rfos = 0 ), and ( c ) containing rfos ( # of rfos ≥ 1 ). as the number of rfos increases, a feature becomes more complicated and the task becomes harder. participants. we recruited 12 participants ( 4 females and 8 males ; aged 18 - 44 ) at a local university, with 10 from computer science and 2 from political science. there were 1 postdoc - fellow, 10 phds, and 1 master's. we pre - screened participants to ensure that they have fundamental knowledge of network science. their self - reported familiarity with network analysis had the median of 5 ( ), on a scale of 1 ( not familiar ) to 7 ( use regularly ). out of 7 network centralities / measures used in the study ( i. e., degree, closeness, betweenness, eigenvector, katz centralities, pagerank, and k - core number [ 73 ] ), participants'knowledge of these had the median of 3 ( ). apparatus. the study was conducted on an imac ( 4 ghz intel core i7, 16gb 1, 600 mhz ddr3 ) with a 27 - inch display ( 5, 120 × 2, 880 pixels ), connected with an apple magic mouse 2. the ui was presented with google chrome in full - screen mode. because the refinement of contrastive representations ( sect. 6. 4 ) was not relevant to our study tasks, we disabled the related functionalities. tasks and design. based on q1 and q2, given target and background networks, participants were asked to perform comparative analysis using contrana and complete two subtasks, ( st1 ) and ( st2 ) : ( st1 ) identifies whether or not the target network has any uniqueness compared to the background network, and ( st2 ) explains the found uniqueness ( if any ) or the reason of concluding there is no uniqueness. st1 required a selection from options of yes, no, and i'm not sure ; for st2, participants were asked to write down their explanation.\n\n[Chunk 2] ##1 ) identifies whether or not the target network has any uniqueness compared to the background network, and ( st2 ) explains the found uniqueness ( if any ) or the reason of concluding there is no uniqueness. st1 required a selection from options of yes, no, and i'm not sure ; for st2, participants were asked to write down their explanation. we employed a within - subjects design for our study. each participant completed three comparative network analysis tasks in our main study, using three different pairs of networks ( tasks a, b, and c in table 1 ). the order of tasks was counterbalanced across participants. procedure. at the beginning, participants provided their demographics and backgrounds on a survey. a brief tutorial was then presented including explanations of the definition of the uniqueness, the above 7 network centralities / measures, the usage of contrana, 1. think aloud protocol was used during the training and task sessions. they were allowed to ask questions about the contrana ui and the network centralities and measures. no time limit was set for the tasks. lastly, participants provided their feedback with the nasa tlx [ 49 ], a questionnaire about contrana's visual interface, and a semi - structured interview. the whole study lasted around 1 hour per participant. results this section reports our controlled study results including task accuracy, completion time, and participants'subjective feedback. accuracy. the accuracy for each subtask is shown in fig. 12 left. two network science experts independently rated participants'explanations in st2 with a scale of 1 ( the worst ) to 5 ( the best ) based on correctness and comprehensiveness. weighted cohen's kappa coefficient indicates high reliability of the ratings ( κ = 0. 83, in the range of 0. 81 - 1. 00 : almost perfect agreement ) [ 20 ]. in general, task b has the highest mean accuracy for both st1 ( 100 % ) and st2 ( 92 % ), which might be because the uniqueness of the target network can be understood easily with the base feature. however, for st1, a cochran's q test [ 70 ] does not show any significant differences across tasks. for st2, a friedman test [ 70 ] reveals significant differences ( χ 2 = 7. 55, p < 0. 05 ). a post - hoc analysis using wilcoxon signed - rank exact test with bonferroni correction [ 13 ] indicates that task b has significantly higher accuracy than task c ( p < 0.\n\nConstraints: Use only the context. Do not invent datasets, baselines, or numerical results.\nIf results are not stated, describe them generally.\n\nWrite a concise abstract (150-250 words).",
  "rag_output": "This study examines the visual understanding of network uniqueness through comparative analysis tasks, focusing on the role of feature complexity and network science expertise. We recruited 12 participants with varying levels of network science knowledge and experience to complete three comparative network analysis tasks using different pairs of networks. The tasks were designed to assess participants' ability to identify and explain network uniqueness, with increasing feature complexity and task difficulty.\nOur results show that participants generally demonstrated high accuracy in identifying network uniqueness, with some variations across tasks. However, the explanations provided for the found uniqueness (or lack thereof) revealed significant differences in accuracy, with one task yielding higher accuracy than others. The study's findings contribute to our understanding of how visual representations of network data influence human judgment and decision-making in network science.\nThe study's results have implications for the design of network analysis tools and interfaces, highlighting the importance of considering the complexity of network features and the expertise of the users. The findings also suggest that further research is needed to develop more effective methods for communicating network uniqueness and facilitating human understanding of complex network data.",
  "metrics": {
    "hwt": {
      "llama": {
        "perplexity": 9.731719723202135,
        "burstness": 2.58984375,
        "curvature": 0.1640625
      },
      "gpt2": {
        "perplexity": 19.774139536218833,
        "burstness": 2.83203125,
        "curvature": 0.1768554687499999
      }
    },
    "only_llm": {
      "llama": {
        "perplexity": 4.0686868759705614,
        "burstness": 2.013671875,
        "curvature": 0.2862304687499999
      },
      "gpt2": {
        "perplexity": 11.333176243677455,
        "burstness": 2.255859375,
        "curvature": 0.24833984375000018
      }
    },
    "rag": {
      "llama": {
        "perplexity": 5.523348976703854,
        "burstness": 2.2890625,
        "curvature": 0.2395996093749999
      },
      "gpt2": {
        "perplexity": 11.993621898152476,
        "burstness": 2.337890625,
        "curvature": 0.2736328124999998
      }
    }
  }
}