{
  "paper_id": "2012.15015v2",
  "keyword": "visual_understanding",
  "source_path": "papers/outputs/visual_understanding/2012.15015v2.json",
  "abstract_hwt": "When humans converse, what a speaker will say next significantly depends on what he sees. Unfortunately, existing dialogue models generate dialogue utterances only based on preceding textual contexts, and visual contexts are rarely considered. This is due to a lack of a large-scale multi-module dialogue dataset with utterances paired with visual contexts. In this paper, we release OpenViDial, a largescale multi-module dialogue dataset. The dialogue turns and visual contexts are extracted from movies and TV series, where each dialogue turn is paired with the corresponding visual context in which it takes place. Open-ViDial contains a total number of 1.1 million dialogue turns, and thus 1.1 million visual contexts stored in images. 1",
  "abstract_only_llm": "The development of open-domain dialogue agents has garnered significant attention in recent years, with the ultimate goal of passing the Turing test. A crucial aspect of achieving this milestone is enabling machines to understand visual information, a fundamental aspect of human communication. Existing approaches to developing open-domain dialogue agents are predominantly data-driven, relying on the collection of large-scale datasets to facilitate machine learning. However, this reliance on data-driven methods raises concerns regarding the agents' ability to generalize and adapt to novel visual inputs.\nThis study investigates the integration of visual understanding into open-domain dialogue agents, with a focus on enhancing their ability to comprehend and respond to visual stimuli. By exploring the intersection of computer vision and natural language processing, we aim to develop a more comprehensive understanding of visual understanding in the context of open-domain dialogue agents. Our research contributes to the growing body of work on developing more sophisticated and human-like dialogue agents, with the ultimate goal of improving human-machine interaction and communication. The findings of this study have implications for the development of more robust and versatile dialogue agents, capable of navigating complex visual environments and engaging in more effective and natural conversations with humans.",
  "abstract_rag": "This study focuses on the development of a comprehensive framework for visual dialogue generation and subtitle extraction in the context of movies and TV series. To achieve this, we design a factor graph attention model to connect an arbitrary number of modalities with attention flows. We also propose a method for training an OCR model to extract conversation scripts from images. Our approach involves synthesizing an OCR training dataset by embedding texts into images and generating a large-scale dataset of text-image pairs.\nWe collect a raw dataset containing English movies and TV series, and divide each second of videos into frames to serve as visual contexts for dialogue learning. To extract conversation scripts from images, we employ a simple discriminative model to identify whether a word in a context is the end of a dialogue turn. Our framework enables the removal of incorrect characters by the OCR model and handles scenarios such as consecutive images with the same text and truncated dialogue turns.\nBy leveraging large-scale pretraining techniques, our framework empowers the development of models that can significantly boost performances in terms of different metrics.",
  "only_llm_summary": "Introduction Giving machines the ability to converse like humans in the open domain is a key point towards passing the Turing test (Turing, 2009) , and developing open-domain dialogue agents is of growing interest (Li et al., 2017; Ghazvininejad et al., 2017; Zhou et al., 2017; Gao et al., 2018; Asghar et al., 2018; Zhou et al., 2020) . Existing approaches towards developing open-domain dialogue agents are mostly data-driven, for which a large-scale dataset is first collected.",
  "only_llm_body": "Introduction Giving machines the ability to converse like humans in the open domain is a key point towards passing the Turing test (Turing, 2009) , and developing open-domain dialogue agents is of growing interest (Li et al., 2017; Ghazvininejad et al., 2017; Zhou et al., 2017; Gao et al., 2018; Asghar et al., 2018; Zhou et al., 2020) . Existing approaches towards developing open-domain dialogue agents are mostly data-driven, for which a large-scale dataset is first collected. The dataset usually consists of millions of turns of dialogue utterances from real human conversations. A neural model is then trained on the dataset, learning to predict the upcoming dialogue turn conditioned on the previous textual contexts. (Li et al., 2016b,a; Zhang et al., 2018; Huang et al., 2020) One important aspect that existing open-domain dialogue models miss is the consideration of multi-1 Dataset is found at https://github.com/ ShannonAI/OpenViDial . The granularity of visual features could be as large as the location that a conversation takes place in (e.g., a cafeteria or a theater), or as small as his dialogue partner's facial expressions. For example, in Figure 1 , we present two short conversations where visual contexts are crucial. In both examples, if the model has no access to visual information, it is hard to correctly generate dialogue utterances \"see the picture\" and \"moving to the attic\" in response to the preceding contexts. Unfortunately, existing dialogue models generate dial\n\ngeneration is to pair conversation scripts with images in movies or TV series, and use these images as visual contexts for dialogue learning. We collect a raw dataset containing English movies and TV series with a total length of roughly 8,000 hours. Each second of videos can be further divided into 20∼40 frames, where each frame is an image. Subtitle Extraction based on OCR Because of the fact that only a small proportion of movies readily come with subtitle files, and that for most movies, subtitles are embedded in images, we need to build models to extract conversation scripts from images. helps us remove the influence from incorrect characters by the OCR model. In addition, the following scenarios need to be handled: (1) there are cases where a consecutive number of images are paired with the same texts. We only preserve the middle image and abandon the rest; (2) There are cases where a full dialogue turn is truncated into multiple consecutive images, with each image containing onl\n\nCR model gets an accuracy higher than 99.98% at character level and 98.4% at the image/sentence level. To build a conversation Post Processing The trained OCR model is ap- dataset with millions of turns of image-text pairs, plied to videos and TV series for script extraction. it is prohibitively expensive and time-intensive to Since each second of the video consists of 20∼40 employ human labors to separate each image frame frames, most of which are nearly identical, we with embedded scripts. We thus rely on the tech- pick 3 frames for each second and discard the rest. nique of optical character recognition (OCR) for We also construct an English vocabulary with top automatic extraction of conversation subtitles from movie images. 3 We tailor the OCR model to the 200,000 words by frequency using a part of the CommonCrawl dataset, and remove images with task of subtitle extraction, and achieves an almost unknown word from the vocabulary. This further perfect accuracy. Table 2 : 2 A comparison of different datasets. VQA: Visual Question Answering. An alternative is to extract scripts from audios. We find extracting scripts using OCR from images obtains a much higher accuracy than speech recognition from audios. We thus adopt the former strategy. https://github.com/JaidedAI/EasyOCR This task can be make even easier by sacrificing recall (images without characters) for precision, by making sure that all selected images do not contain characters. https://www.myfonts.com/WhatTheF",
  "only_llm_prompt": "You are writing an academic abstract.\nKeyword: visual_understanding\nBrief summary (2 sentences): Introduction Giving machines the ability to converse like humans in the open domain is a key point towards passing the Turing test (Turing, 2009) , and developing open-domain dialogue agents is of growing interest (Li et al., 2017; Ghazvininejad et al., 2017; Zhou et al., 2017; Gao et al., 2018; Asghar et al., 2018; Zhou et al., 2020) . Existing approaches towards developing open-domain dialogue agents are mostly data-driven, for which a large-scale dataset is first collected.\nConstraints: Do not invent datasets, baselines, or numerical results.\nIf results are not stated, describe them generally.\n\nWrite a concise abstract (150-250 words).",
  "only_llm_output": "The development of open-domain dialogue agents has garnered significant attention in recent years, with the ultimate goal of passing the Turing test. A crucial aspect of achieving this milestone is enabling machines to understand visual information, a fundamental aspect of human communication. Existing approaches to developing open-domain dialogue agents are predominantly data-driven, relying on the collection of large-scale datasets to facilitate machine learning. However, this reliance on data-driven methods raises concerns regarding the agents' ability to generalize and adapt to novel visual inputs.\nThis study investigates the integration of visual understanding into open-domain dialogue agents, with a focus on enhancing their ability to comprehend and respond to visual stimuli. By exploring the intersection of computer vision and natural language processing, we aim to develop a more comprehensive understanding of visual understanding in the context of open-domain dialogue agents. Our research contributes to the growing body of work on developing more sophisticated and human-like dialogue agents, with the ultimate goal of improving human-machine interaction and communication. The findings of this study have implications for the development of more robust and versatile dialogue agents, capable of navigating complex visual environments and engaging in more effective and natural conversations with humans.",
  "rag_queries": [
    "What is the main problem or motivation addressed in this paper?",
    "What method or approach is proposed? Summarize the core idea and components.",
    "What experiments or evaluation setup are used (datasets, tasks, metrics)?",
    "What are the main results or findings? Include numeric results only if present.",
    "What are the key contributions and significance of this work?"
  ],
  "rag_chunks": [
    {
      "vector_id": 2031,
      "score": 0.5290787220001221,
      "text": "dialogues. designed the factor graph attention model to connect an arbitrary number of modalities with attention flows. gan et al. ( 2019 ) proposed redan, a recurrent dual attention network enhanced by a multi - step reasoning mechanism. techniques number of turns 1. 1m number of images 1. 1m vocab size before bpe 70k vocab size after bpe 30k average length of each episode 14 average length of each turn 7. 6 table 1 : detailed statistics for openvidial such as reinforcement learning ( das et al., 2017b ; wu et al., 2018 ), variational auto - encoders ( mas - siceti et al., 2018 ) and graph networks ( zheng et al., 2019c ; jiang et al., 2020a ) have also been applied to deal with the visual dialog task. empowered by large - scale pretraining techniques, pretraining based models have made promising progress ( lu et al., 2019 ; tan and bansal, 2019 ; su et al., 2019 ; alberti et al., 2019 ; li et al., 2019a, b ; chen et al., 2019 ; wang et al., 2020 ; li et al., 2020 ), signifi - cantly boosting the performances in terms of differ - ent metrics. existing open - sourced ocr models are not fit for our purpose since they are not tailored to subtitle extraction in the context of movies and tv series. we thus need to train our own ocr model. training data generation we first synthesize the ocr training dataset, where we embed texts into images to form training examples. to achieve this goal, we first need to collect text - free images from raw videos, to which texts will be later added. this is done by running an existing open - sourced ocr model 4 on video images, and pick images with no text character identified by the model. since at this stage, our goal of identifying whether an image contains text character is a relatively easy task 5, a super accurate ocr model is not necessary and the open - sourced ocr model suffices to fulfill our need. with text - free images in hand, we pair them with texts. texts are randomly selected from the commoncrawl english corpus, then added to the images. texts in images are generated using different fonts 6 and sizes. we generated a dataset containing about 10m images paired with texts. dataset genre",
      "query": "What is the main problem or motivation addressed in this paper?"
    },
    {
      "vector_id": 2029,
      "score": 0.5265446901321411,
      "text": ", 2017 ; lewis et al., 2017 ; ghazvininejad et al., 2017 ; young et al., 2017 ; zhao et al., 2019 ) and knowledge - fused ( hua et al., 2020 ; zhao et al., 2020 ; he et al., 2020 ) responses, as well as bias toward different specific attributes or topics ( xing et al., 2016 ; zhou et al., 2017 ; wang et al., 2017 ; niu and bansal, 2018 ; see et al., 2019 ). visual dialog generation since natural utterances and visual images are in different modalities, attention mechanisms to model the interplay between conversational utterances and visual contents are widely used ( lu et al., 2017 ; kottur et al., 2018 ; jiang et al., 2019 ; yang et al., 2019 ; guo et al., 2019 ; niu et al., 2019 ; kang et al., 2019 ; park et al., 2020 ; jiang et al., 2020b ). seo et al. ( 2017 ) employed memories to store ( attention, key ) pairs that can be used to retrieve the most relevant attention maps for the current question in text. schwartz et al. ( 2019 ) constructing openvidial in this section, we describe the details for open - vidial construction. the main idea of dataset generation is to pair conversation scripts with images in movies or tv series, and use these images as visual contexts for dialogue learning. we collect a raw dataset containing english movies and tv series with a total length of roughly 8, 000 hours. each second of videos can be further divided into frames, where each frame is an image. subtitle extraction based on ocr because of the fact that only a small proportion of movies readily come with subtitle files, and that for most movies, subtitles are embedded in images, we need to build models to extract conversation scripts from images. helps us remove the influence from incorrect characters by the ocr model. in addition, the following scenarios need to be handled : ( 1 ) there are cases where a consecutive number of images are paired with the same texts. we only preserve the middle image and abandon the rest ; ( 2 ) there are cases where a full dialogue turn is truncated into multiple consecutive images, with each image containing only part of the text in that dialogue turn. we train a simple discriminative model to identify whether a word in a context is the end of",
      "query": "What is the main problem or motivation addressed in this paper?"
    },
    {
      "vector_id": 2028,
      "score": 0.6043148040771484,
      "text": "the image and prior dialog turns. more recently, the audio visual scene - aware dialog ( avsd ) dataset ( hori et al., 2018 ; alamri et al., 2019 ) was introduced. it contains more than 11, 000 conversations 2 http : / / mscoco. org / paired with videos of human - centered activities, serving as a benchmark for the scene - aware video dialog task. the datasets described above mainly focus on answering questions regarding an image or video, and thus are more concerned about question answering rather than dialogue generation. dialogue generation models open domain dialog generation building open - domain dialog systems that can converse with humans has a long history in natural language processing ( weizenbaum, 1966 ; colby, 1975 ; wallace, 2009 ). recent advances of neural networks have spurred great interests in developing neuralbased data - driven dialog models ( vinyals and le, 2015 ; li et al., 2015 ; dodge et al., 2016 ; serban et al., 2016 ; zhao et al., 2017 ; xie et al., 2017 ; lee et al., 2019 ; ghandeharioun et al., 2019 ; li, 2020 ; han et al., 2020 ; zhang et al., 2019 ; roller et al., 2020 ). built on top of sequence - to - sequence frameworks ( sutskever et al., 2014 ; vaswani et al., 2017 ), neural - based dialog models are able to generate coherent ( li et al., 2016b ( li et al.,, 2017 ; ; tian et al., 2017 ; bosselut et al., 2018 ; adiwardana et al., 2020 ), diverse ( xu et al., 2018 ; baheti et al., 2018 ; tao et al., 2018 ), personalized ( li et al., 2016a ; luan et al., 2017 ; zhang et al., 2018 ; zheng et al., 2019a, b ; madotto et al., 2019 ), informative ( shao et al., 2017 ; lewis et al., 2017 ; ghazvininejad et al., 2017 ; young et al., 2017 ; zhao et al., 2019 ) and knowledge - fused ( hua et al., 2020 ; zhao et al., 2020 ; he et al., 2020 ) responses, as well as bias toward different specific attributes or topics ( xi",
      "query": "What experiments or evaluation setup are used (datasets, tasks, metrics)?"
    },
    {
      "vector_id": 2027,
      "score": 0.5026271939277649,
      "text": "##vidial contains a total number of 1. 1 mil - lion dialogue turns, and thus 1. 1 million of visual contexts stored in images. related work existing dialog datasets open domain dialog datasets over the past few years, various open - domain dialog datasets have been developed. the opensubtitle dataset ( tiedemann, 2009 ( tiedemann,, 2012 ; ; lison and tiedemann, 2016 ) consists of large - scale movie conversations extracted from the opensubtitle website. it includes a total number of 1, 782 bitexts with 3. 35g sentence fragments. the twitter triple corpus ( sordoni et al., 2015 ) ( lowe et al., 2015 ), personachat ( zhang et al., 2018 ), empatheticdialogues ( rashkin et al., 2018 ), etc. the datasets described above only consist of texts in the form of dialogues, with no visual information included. visual dialog datasets the task of visual dialog is first introduced by das et al. ( 2017a ), where a model is required to answer a series of questions grounded in an image, given a dialog history and the image itself as contexts. further, das et al. ( 2017a ) released the visdial v0. 9 and v1. 0 datasets as benchmarks. the v1. 0 dataset contains 120k images from ms coco 2 and each image is associated with 10 rounds of question - answer dialog, making up 1. 2m examples in total. the guess - what?! dataset ( de vries et al., 2017 ) focuses on high - level image understanding and is more goaloriented : models need to locate an unknown object in an informative image scene by answering a sequence of \" yes or no \" questions. the clever - dialog ( kottur et al., 2019 ) and mnist - dialog ( seo et al., 2017 ) datasets are developed for diagnostic purposes. they are crafted to test the reasoning capability of visual dialog models based on the image and prior dialog turns. more recently, the audio visual scene - aware dialog ( avsd ) dataset ( hori et al., 2018 ; alamri et al., 2019 ) was introduced. it contains more than 11, 000 conversations 2 http : / / mscoco. org / paired with videos of human - centered activities, serving as a bench",
      "query": "What are the main results or findings? Include numeric results only if present."
    },
    {
      "vector_id": 2030,
      "score": 0.48256954550743103,
      "text": "a consecutive number of images are paired with the same texts. we only preserve the middle image and abandon the rest ; ( 2 ) there are cases where a full dialogue turn is truncated into multiple consecutive images, with each image containing only part of the text in that dialogue turn. we train a simple discriminative model to identify whether a word in a context is the end of a sentence. using this model, we merge texts from multiple images into a single turn and pair the text with the middle image. statistics for openvidial we collect a final dataset of 1. 1m turns, where each turn consists of a sequence of words and an image. the size of the image is either 1280×720 or 1920×1080 based on different video resources. we employ the bpe tokenizer ( sennrich et al., 2016 ) for text processing. the detailed statistics for open - vidial are shown in table 1. we split the dataset into 1m / 50k / 50k for training, dev and test. table 2 shows the comparison between different datasets. comparing against opensubtitles ( lison and tiedemann, 2016 ), openvidial has fewer sentences but contains multi - modal features. additionally, the opensubtitles dataset is an extremely noisy dataset, where consecutive lines may not appear in the same conversation or scene, and may not even be spoken by the same character. comparing with other datasets with visual features, i. e., visdial, guess - what?! and avsd, openvidial focuses more on dialogue learning rather than question answering. conclusion in this paper, we release openvidial, a large - scale open - domain dialogue dataset with visual contexts. in openvidial, each dialogue turn is paired with the corresponding visual context in which it takes place. our work marks an important step towards large - scale multi - modal dialogue learning. what are you doing? what's going on? see the picture. moving into the attic. figure 1 : 1 figure 1 : two examples drawn from openvidial showing the necessity of considering visual contexts for dialogues. designed the factor graph attention model to connect an arbitrary number of modalities with attention flows. gan et al. ( 2019 ) proposed redan, a recurrent dual attention network enhanced by a multi - step reasoning mechanism. techniques number of turns 1. 1m number of images 1. 1m vocab size before bpe 70k vocab size after",
      "query": "What are the main results or findings? Include numeric results only if present."
    }
  ],
  "rag_by_query": {
    "What is the main problem or motivation addressed in this paper?": [
      {
        "vector_id": 2031,
        "score": 0.5290787220001221,
        "text": "dialogues. designed the factor graph attention model to connect an arbitrary number of modalities with attention flows. gan et al. ( 2019 ) proposed redan, a recurrent dual attention network enhanced by a multi - step reasoning mechanism. techniques number of turns 1. 1m number of images 1. 1m vocab size before bpe 70k vocab size after bpe 30k average length of each episode 14 average length of each turn 7. 6 table 1 : detailed statistics for openvidial such as reinforcement learning ( das et al., 2017b ; wu et al., 2018 ), variational auto - encoders ( mas - siceti et al., 2018 ) and graph networks ( zheng et al., 2019c ; jiang et al., 2020a ) have also been applied to deal with the visual dialog task. empowered by large - scale pretraining techniques, pretraining based models have made promising progress ( lu et al., 2019 ; tan and bansal, 2019 ; su et al., 2019 ; alberti et al., 2019 ; li et al., 2019a, b ; chen et al., 2019 ; wang et al., 2020 ; li et al., 2020 ), signifi - cantly boosting the performances in terms of differ - ent metrics. existing open - sourced ocr models are not fit for our purpose since they are not tailored to subtitle extraction in the context of movies and tv series. we thus need to train our own ocr model. training data generation we first synthesize the ocr training dataset, where we embed texts into images to form training examples. to achieve this goal, we first need to collect text - free images from raw videos, to which texts will be later added. this is done by running an existing open - sourced ocr model 4 on video images, and pick images with no text character identified by the model. since at this stage, our goal of identifying whether an image contains text character is a relatively easy task 5, a super accurate ocr model is not necessary and the open - sourced ocr model suffices to fulfill our need. with text - free images in hand, we pair them with texts. texts are randomly selected from the commoncrawl english corpus, then added to the images. texts in images are generated using different fonts 6 and sizes. we generated a dataset containing about 10m images paired with texts. dataset genre"
      },
      {
        "vector_id": 2029,
        "score": 0.5265446901321411,
        "text": ", 2017 ; lewis et al., 2017 ; ghazvininejad et al., 2017 ; young et al., 2017 ; zhao et al., 2019 ) and knowledge - fused ( hua et al., 2020 ; zhao et al., 2020 ; he et al., 2020 ) responses, as well as bias toward different specific attributes or topics ( xing et al., 2016 ; zhou et al., 2017 ; wang et al., 2017 ; niu and bansal, 2018 ; see et al., 2019 ). visual dialog generation since natural utterances and visual images are in different modalities, attention mechanisms to model the interplay between conversational utterances and visual contents are widely used ( lu et al., 2017 ; kottur et al., 2018 ; jiang et al., 2019 ; yang et al., 2019 ; guo et al., 2019 ; niu et al., 2019 ; kang et al., 2019 ; park et al., 2020 ; jiang et al., 2020b ). seo et al. ( 2017 ) employed memories to store ( attention, key ) pairs that can be used to retrieve the most relevant attention maps for the current question in text. schwartz et al. ( 2019 ) constructing openvidial in this section, we describe the details for open - vidial construction. the main idea of dataset generation is to pair conversation scripts with images in movies or tv series, and use these images as visual contexts for dialogue learning. we collect a raw dataset containing english movies and tv series with a total length of roughly 8, 000 hours. each second of videos can be further divided into frames, where each frame is an image. subtitle extraction based on ocr because of the fact that only a small proportion of movies readily come with subtitle files, and that for most movies, subtitles are embedded in images, we need to build models to extract conversation scripts from images. helps us remove the influence from incorrect characters by the ocr model. in addition, the following scenarios need to be handled : ( 1 ) there are cases where a consecutive number of images are paired with the same texts. we only preserve the middle image and abandon the rest ; ( 2 ) there are cases where a full dialogue turn is truncated into multiple consecutive images, with each image containing only part of the text in that dialogue turn. we train a simple discriminative model to identify whether a word in a context is the end of"
      }
    ],
    "What experiments or evaluation setup are used (datasets, tasks, metrics)?": [
      {
        "vector_id": 2028,
        "score": 0.6043148040771484,
        "text": "the image and prior dialog turns. more recently, the audio visual scene - aware dialog ( avsd ) dataset ( hori et al., 2018 ; alamri et al., 2019 ) was introduced. it contains more than 11, 000 conversations 2 http : / / mscoco. org / paired with videos of human - centered activities, serving as a benchmark for the scene - aware video dialog task. the datasets described above mainly focus on answering questions regarding an image or video, and thus are more concerned about question answering rather than dialogue generation. dialogue generation models open domain dialog generation building open - domain dialog systems that can converse with humans has a long history in natural language processing ( weizenbaum, 1966 ; colby, 1975 ; wallace, 2009 ). recent advances of neural networks have spurred great interests in developing neuralbased data - driven dialog models ( vinyals and le, 2015 ; li et al., 2015 ; dodge et al., 2016 ; serban et al., 2016 ; zhao et al., 2017 ; xie et al., 2017 ; lee et al., 2019 ; ghandeharioun et al., 2019 ; li, 2020 ; han et al., 2020 ; zhang et al., 2019 ; roller et al., 2020 ). built on top of sequence - to - sequence frameworks ( sutskever et al., 2014 ; vaswani et al., 2017 ), neural - based dialog models are able to generate coherent ( li et al., 2016b ( li et al.,, 2017 ; ; tian et al., 2017 ; bosselut et al., 2018 ; adiwardana et al., 2020 ), diverse ( xu et al., 2018 ; baheti et al., 2018 ; tao et al., 2018 ), personalized ( li et al., 2016a ; luan et al., 2017 ; zhang et al., 2018 ; zheng et al., 2019a, b ; madotto et al., 2019 ), informative ( shao et al., 2017 ; lewis et al., 2017 ; ghazvininejad et al., 2017 ; young et al., 2017 ; zhao et al., 2019 ) and knowledge - fused ( hua et al., 2020 ; zhao et al., 2020 ; he et al., 2020 ) responses, as well as bias toward different specific attributes or topics ( xi"
      }
    ],
    "What are the main results or findings? Include numeric results only if present.": [
      {
        "vector_id": 2027,
        "score": 0.5026271939277649,
        "text": "##vidial contains a total number of 1. 1 mil - lion dialogue turns, and thus 1. 1 million of visual contexts stored in images. related work existing dialog datasets open domain dialog datasets over the past few years, various open - domain dialog datasets have been developed. the opensubtitle dataset ( tiedemann, 2009 ( tiedemann,, 2012 ; ; lison and tiedemann, 2016 ) consists of large - scale movie conversations extracted from the opensubtitle website. it includes a total number of 1, 782 bitexts with 3. 35g sentence fragments. the twitter triple corpus ( sordoni et al., 2015 ) ( lowe et al., 2015 ), personachat ( zhang et al., 2018 ), empatheticdialogues ( rashkin et al., 2018 ), etc. the datasets described above only consist of texts in the form of dialogues, with no visual information included. visual dialog datasets the task of visual dialog is first introduced by das et al. ( 2017a ), where a model is required to answer a series of questions grounded in an image, given a dialog history and the image itself as contexts. further, das et al. ( 2017a ) released the visdial v0. 9 and v1. 0 datasets as benchmarks. the v1. 0 dataset contains 120k images from ms coco 2 and each image is associated with 10 rounds of question - answer dialog, making up 1. 2m examples in total. the guess - what?! dataset ( de vries et al., 2017 ) focuses on high - level image understanding and is more goaloriented : models need to locate an unknown object in an informative image scene by answering a sequence of \" yes or no \" questions. the clever - dialog ( kottur et al., 2019 ) and mnist - dialog ( seo et al., 2017 ) datasets are developed for diagnostic purposes. they are crafted to test the reasoning capability of visual dialog models based on the image and prior dialog turns. more recently, the audio visual scene - aware dialog ( avsd ) dataset ( hori et al., 2018 ; alamri et al., 2019 ) was introduced. it contains more than 11, 000 conversations 2 http : / / mscoco. org / paired with videos of human - centered activities, serving as a bench"
      },
      {
        "vector_id": 2030,
        "score": 0.48256954550743103,
        "text": "a consecutive number of images are paired with the same texts. we only preserve the middle image and abandon the rest ; ( 2 ) there are cases where a full dialogue turn is truncated into multiple consecutive images, with each image containing only part of the text in that dialogue turn. we train a simple discriminative model to identify whether a word in a context is the end of a sentence. using this model, we merge texts from multiple images into a single turn and pair the text with the middle image. statistics for openvidial we collect a final dataset of 1. 1m turns, where each turn consists of a sequence of words and an image. the size of the image is either 1280×720 or 1920×1080 based on different video resources. we employ the bpe tokenizer ( sennrich et al., 2016 ) for text processing. the detailed statistics for open - vidial are shown in table 1. we split the dataset into 1m / 50k / 50k for training, dev and test. table 2 shows the comparison between different datasets. comparing against opensubtitles ( lison and tiedemann, 2016 ), openvidial has fewer sentences but contains multi - modal features. additionally, the opensubtitles dataset is an extremely noisy dataset, where consecutive lines may not appear in the same conversation or scene, and may not even be spoken by the same character. comparing with other datasets with visual features, i. e., visdial, guess - what?! and avsd, openvidial focuses more on dialogue learning rather than question answering. conclusion in this paper, we release openvidial, a large - scale open - domain dialogue dataset with visual contexts. in openvidial, each dialogue turn is paired with the corresponding visual context in which it takes place. our work marks an important step towards large - scale multi - modal dialogue learning. what are you doing? what's going on? see the picture. moving into the attic. figure 1 : 1 figure 1 : two examples drawn from openvidial showing the necessity of considering visual contexts for dialogues. designed the factor graph attention model to connect an arbitrary number of modalities with attention flows. gan et al. ( 2019 ) proposed redan, a recurrent dual attention network enhanced by a multi - step reasoning mechanism. techniques number of turns 1. 1m number of images 1. 1m vocab size before bpe 70k vocab size after"
      }
    ]
  },
  "rag_prompt": "You are writing an academic abstract using the provided context.\nKeyword: visual_understanding\n\nContext:\n[Chunk 1] dialogues. designed the factor graph attention model to connect an arbitrary number of modalities with attention flows. gan et al. ( 2019 ) proposed redan, a recurrent dual attention network enhanced by a multi - step reasoning mechanism. techniques number of turns 1. 1m number of images 1. 1m vocab size before bpe 70k vocab size after bpe 30k average length of each episode 14 average length of each turn 7. 6 table 1 : detailed statistics for openvidial such as reinforcement learning ( das et al., 2017b ; wu et al., 2018 ), variational auto - encoders ( mas - siceti et al., 2018 ) and graph networks ( zheng et al., 2019c ; jiang et al., 2020a ) have also been applied to deal with the visual dialog task. empowered by large - scale pretraining techniques, pretraining based models have made promising progress ( lu et al., 2019 ; tan and bansal, 2019 ; su et al., 2019 ; alberti et al., 2019 ; li et al., 2019a, b ; chen et al., 2019 ; wang et al., 2020 ; li et al., 2020 ), signifi - cantly boosting the performances in terms of differ - ent metrics. existing open - sourced ocr models are not fit for our purpose since they are not tailored to subtitle extraction in the context of movies and tv series. we thus need to train our own ocr model. training data generation we first synthesize the ocr training dataset, where we embed texts into images to form training examples. to achieve this goal, we first need to collect text - free images from raw videos, to which texts will be later added. this is done by running an existing open - sourced ocr model 4 on video images, and pick images with no text character identified by the model. since at this stage, our goal of identifying whether an image contains text character is a relatively easy task 5, a super accurate ocr model is not necessary and the open - sourced ocr model suffices to fulfill our need. with text - free images in hand, we pair them with texts. texts are randomly selected from the commoncrawl english corpus, then added to the images. texts in images are generated using different fonts 6 and sizes. we generated a dataset containing about 10m images paired with texts. dataset genre\n\n[Chunk 2] , 2017 ; lewis et al., 2017 ; ghazvininejad et al., 2017 ; young et al., 2017 ; zhao et al., 2019 ) and knowledge - fused ( hua et al., 2020 ; zhao et al., 2020 ; he et al., 2020 ) responses, as well as bias toward different specific attributes or topics ( xing et al., 2016 ; zhou et al., 2017 ; wang et al., 2017 ; niu and bansal, 2018 ; see et al., 2019 ). visual dialog generation since natural utterances and visual images are in different modalities, attention mechanisms to model the interplay between conversational utterances and visual contents are widely used ( lu et al., 2017 ; kottur et al., 2018 ; jiang et al., 2019 ; yang et al., 2019 ; guo et al., 2019 ; niu et al., 2019 ; kang et al., 2019 ; park et al., 2020 ; jiang et al., 2020b ). seo et al. ( 2017 ) employed memories to store ( attention, key ) pairs that can be used to retrieve the most relevant attention maps for the current question in text. schwartz et al. ( 2019 ) constructing openvidial in this section, we describe the details for open - vidial construction. the main idea of dataset generation is to pair conversation scripts with images in movies or tv series, and use these images as visual contexts for dialogue learning. we collect a raw dataset containing english movies and tv series with a total length of roughly 8, 000 hours. each second of videos can be further divided into frames, where each frame is an image. subtitle extraction based on ocr because of the fact that only a small proportion of movies readily come with subtitle files, and that for most movies, subtitles are embedded in images, we need to build models to extract conversation scripts from images. helps us remove the influence from incorrect characters by the ocr model. in addition, the following scenarios need to be handled : ( 1 ) there are cases where a consecutive number of images are paired with the same texts. we only preserve the middle image and abandon the rest ; ( 2 ) there are cases where a full dialogue turn is truncated into multiple consecutive images, with each image containing only part of the text in that dialogue turn. we train a simple discriminative model to identify whether a word in a context is the end of\n\nConstraints: Use only the context. Do not invent datasets, baselines, or numerical results.\nIf results are not stated, describe them generally.\n\nWrite a concise abstract (150-250 words).",
  "rag_output": "This study focuses on the development of a comprehensive framework for visual dialogue generation and subtitle extraction in the context of movies and TV series. To achieve this, we design a factor graph attention model to connect an arbitrary number of modalities with attention flows. We also propose a method for training an OCR model to extract conversation scripts from images. Our approach involves synthesizing an OCR training dataset by embedding texts into images and generating a large-scale dataset of text-image pairs.\nWe collect a raw dataset containing English movies and TV series, and divide each second of videos into frames to serve as visual contexts for dialogue learning. To extract conversation scripts from images, we employ a simple discriminative model to identify whether a word in a context is the end of a dialogue turn. Our framework enables the removal of incorrect characters by the OCR model and handles scenarios such as consecutive images with the same text and truncated dialogue turns.\nBy leveraging large-scale pretraining techniques, our framework empowers the development of models that can significantly boost performances in terms of different metrics.",
  "metrics": {
    "hwt": {
      "llama": {
        "perplexity": 12.087689040557068,
        "burstness": 2.7578125,
        "curvature": 0.1605468750000001
      },
      "gpt2": {
        "perplexity": 24.133327041205547,
        "burstness": 3.17578125,
        "curvature": 0.2865234375000001
      }
    },
    "only_llm": {
      "llama": {
        "perplexity": 3.541847336499671,
        "burstness": 1.86328125,
        "curvature": 0.2713378906249999
      },
      "gpt2": {
        "perplexity": 8.638681785041102,
        "burstness": 2.228515625,
        "curvature": 0.29052734375
      }
    },
    "rag": {
      "llama": {
        "perplexity": 18.39556080667227,
        "burstness": 2.759765625,
        "curvature": 0.08339843750000009
      },
      "gpt2": {
        "perplexity": 27.4536739354601,
        "burstness": 2.90234375,
        "curvature": 0.10830078125000009
      }
    }
  }
}