{
  "paper_id": "2102.06955v1",
  "keyword": "visual_understanding",
  "source_path": "papers/outputs/visual_understanding/2102.06955v1.json",
  "abstract_hwt": "It is a long-term goal to transfer biological processing principles as well as the power of human recognition into machine vision and engineering systems. One of such principles is visual attention, a smart human concept which focuses processing on a part of a scene. In this contribution, we utilize attention to improve the automatic detection of defect patterns for wafers within the domain of semiconductor manufacturing. Previous works in the domain have often utilized classical machine learning approaches such as KNNs, SVMs, or MLPs, while a few have already used modern approaches like deep neural networks (DNNs). However, one problem in the domain is that the faults are often very small and have to be detected within a larger size of the chip or even the wafer. Therefore, small structures in the size of pixels have to be detected in a vast amount of image data. One interesting principle of the human brain for solving this problem is visual attention. Hence, we employ here a biologically plausible model of visual attention for automatic visual inspection. On this basis, we propose a hybrid system of visual attention and a deep neural network. As demonstrated, our system achieves among other decisive advantages an improvement in accuracy from 81 % to 92 %, and an increase in accuracy for detecting faults from 67 % to 88 %. Therefore, the error rates are reduced from 19 % to 8 %, and notably from 33 % to 12 % for detecting a fault in a chip. Hence, these results show that attention can greatly improve the performance of visual inspection systems. Furthermore, we conduct a broad evaluation, which identifies specific advantages of the biological attention model in this application, and benchmarks standard deep learning approaches as an alternative with and without attention. This work is an extended arXiv version of the original conference article published in \"IECON 2020\". It has been extended regarding visual attention, covering (i) the improvement and equations of visual attention model, (ii) a deeper evaluation of the model, (iii) a discussion about possibilities to combine the attention model with the DNN, and (iv) a detailed overview about the data.",
  "abstract_only_llm": "The incorporation of biological processing principles into machine vision systems has been a long-standing goal in computer vision research. One such principle, visual attention, enables humans to focus processing resources on relevant aspects of a scene, thereby enhancing task performance. This abstract presents a conceptual framework for integrating visual attention into machine vision systems, with the aim of improving their ability to understand and interpret visual information.\nVisual attention is a complex cognitive process that involves the allocation of processing resources to specific regions of interest within a scene. By emulating this process, machine vision systems can learn to selectively focus on task-relevant features, reducing computational complexity and improving performance. Our proposed framework draws on insights from cognitive psychology and neuroscience to develop a computational model of visual attention that can be integrated into machine vision systems.\nThe proposed framework has the potential to enhance the visual understanding capabilities of machine vision systems, enabling them to better navigate complex scenes and perform tasks that require selective attention. While the development of this framework is still in its early stages, it offers a promising direction for future research in machine vision and visual understanding.",
  "abstract_rag": "This contribution proposes a novel system for automated visual fault detection in semiconductor manufacturing by combining a biologically-plausible model of visual attention with a deep neural network. The region of interest approach is employed to address the complexities of attention effects, allowing for flexible and clear shaping of the region of interest. This approach is particularly beneficial in the wafer application, where most structures are rectangular, and the effects of attention are crucial for accurate detection.\nThe proposed system outperforms current state-of-the-art solutions in the wafer dicing domain by leveraging the strengths of visual attention, which is well-suited for detecting small defects in high-resolution images. The results demonstrate the benefits of visual attention, particularly when not mixed with transfer learning, and show that the proposed system can accurately classify chips with a high rate of correctness.\nThe system's performance is evaluated in comparison to standard deep neural network approaches, which show lower accuracy percentages. The discussion highlights the importance of coupling a visual attention model with a CNN and explores various options for integrating these two models.",
  "only_llm_summary": "INTRODUCTION One long-term goal is to incorporate biological processing principles into machine vision systems. Visual attention, a smart human processing principle that focuses processing resources on an aspect of a scene relevant for the current task, is one of these biological processing principles [1, 2] .",
  "only_llm_body": "I. INTRODUCTION One long-term goal is to incorporate biological processing principles into machine vision systems. Visual attention, a smart human processing principle that focuses processing resources on an aspect of a scene relevant for the current task, is one of these biological processing principles [1, 2] . We apply this principle here to the domain of wafer dicing to investigate its benefits and under which circumstances it improves automated visual inspection systems. The long-term goal of our research is therefore to better understand the power of human processing as well as to incorporate its benefits into machine vision systems and improve them accordingly. A major aim in the domain of the semiconductor industry is to detect and recognize production errors and faults early on. As manual detection is a very labor-intensive and thus costly procedure, computer vision systems are often deployed as an automatic detection system [3, 4] . This does not only results in reduced manufacturing costs and work load, but also helps increasing the yield of the production process itself. Hence, systems for automated visual inspection are widely deployed in the industry. In this contribution, we address the topic of wafer dicing. Wafer dicing is the separation of silicon wafers into single components, e.g. chips, often using a dicing saw [5, 6] . Dicing based on laser technology is a novel alternative method to separate brittle semiconductor materials via thermally induced mechanic\n\nfine a region of interest (ROI, [17] ) of 120 % the size of the chip and 6× the width of the street around this center. The goal of our application is to detect dicing faults, which occur in the space between the streets and the chips, and possibly continue inside the chip. To cover these areas at best, the ROI was centered in such a way that the main street is placed at 1 /3 of the image height such that 2 /3 of the image shows the associated chip. Hence, the input street image contains the street itself as well as parts of adjacent chips and street crossings (Fig. 1 , right side). Regarding the design of the CNN, we indicate for the CNN the relevant chip areas inside the provided image and thus what part of the image should contain no cuts, by employing a trick from deep reinforcement learning [48] . The street regions are rotated before being passed on to the CNN, whereas the chip area is always located in the same image position (chosen as top). Thus, the position of the chip regio\n\nhout attention Table V : V Performance evaluation of classical deep neural networks from computer vision. Tested once as standard solutions without attention, and once when combined with our attention approach. The last columns show the improvement through attention. * Transfer learning, pretrained on ImageNet. Approach Without attention Accuracy [%] Fault detection accuracy [%] With attention Accuracy [%] Fault detection accuracy [%] Improvement of Accuracy Fault detection accuracy DenseNet121 [10] DenseNet121 * [10] InceptionV3 [10] InceptionV3 * [10] MobileNetV2 [10] MobileNetV2 * [10] ResNet50 [10] ResNet50 * [10] VGG10 [10] VGG13 [10] Xception [10] Xception * [10] 77.47 ± 1.57 80.47 ± 0.97 77.18 ± 1.35 76.27 ± 1.76 71.08 ± 1.01 76.99 ± 1.36 75.95 ± 1.80 79.01 ± 2.41 83.19 ± 1.64 82.68 ± 2.24 77.27 ± 0.52 80.52 ± 0.74 56.80 ± 2.95 62.80 ± 2.49 57.20 ± 3.03 54.40 ± 3.97 44.40 ± 2.51 56.20 ± 3.03 55.60 ± 4.77 59.80 ± 5.22 71.00 ± 4.69 69.80 ± 5.07 57.40 ± 0.89 62.80 ± 1.79 84.86 ± 1.38 84.33 ± 1.40 83.08 ± 1.57 82.42 ± 2.68 83.83 ± 1.04 84.19 ± 1.10 84.04 ± 1.37 84.77 ± 0.86 86.75 ± 2.08 86.30 ± 1.94 83.99 ± 0.90 85.18 ± 0.88 71.00 ± 2.12 69.20 ± 2.95 66.80 ± 3.49 65.60 ± 5.32 68.40 ± 2.07 69.00 ± 2.24 69.00 ± 3.00 70.40 ± 1.82 74.60 ± 4.45 73.80 ± 3.96 68.60 ± 2.07 70.60 ± 1.82 7.39 3.86 5.90 6.15 12.76 7.21 8.09 5.76 3.57 3.63 6.71 4.66 14.20 6.40 9.60 11.20 24.00 12.80 13.40 10.60 3.60 4.00 11.20 7.80 Our CNN 80.83 ± 2.38 67.40 ± 7.57 91.91 ± 0.57 87.80 ± 1.92 11.08 ",
  "only_llm_prompt": "You are writing an academic abstract.\nKeyword: visual_understanding\nBrief summary (2 sentences): INTRODUCTION One long-term goal is to incorporate biological processing principles into machine vision systems. Visual attention, a smart human processing principle that focuses processing resources on an aspect of a scene relevant for the current task, is one of these biological processing principles [1, 2] .\nConstraints: Do not invent datasets, baselines, or numerical results.\nIf results are not stated, describe them generally.\n\nWrite a concise abstract (150-250 words).",
  "only_llm_output": "The incorporation of biological processing principles into machine vision systems has been a long-standing goal in computer vision research. One such principle, visual attention, enables humans to focus processing resources on relevant aspects of a scene, thereby enhancing task performance. This abstract presents a conceptual framework for integrating visual attention into machine vision systems, with the aim of improving their ability to understand and interpret visual information.\nVisual attention is a complex cognitive process that involves the allocation of processing resources to specific regions of interest within a scene. By emulating this process, machine vision systems can learn to selectively focus on task-relevant features, reducing computational complexity and improving performance. Our proposed framework draws on insights from cognitive psychology and neuroscience to develop a computational model of visual attention that can be integrated into machine vision systems.\nThe proposed framework has the potential to enhance the visual understanding capabilities of machine vision systems, enabling them to better navigate complex scenes and perform tasks that require selective attention. While the development of this framework is still in its early stages, it offers a promising direction for future research in machine vision and visual understanding.",
  "rag_queries": [
    "What is the main problem or motivation addressed in this paper?",
    "What method or approach is proposed? Summarize the core idea and components.",
    "What experiments or evaluation setup are used (datasets, tasks, metrics)?",
    "What are the main results or findings? Include numeric results only if present.",
    "What are the key contributions and significance of this work?"
  ],
  "rag_chunks": [
    {
      "vector_id": 1995,
      "score": 0.5654714703559875,
      "text": "of the newer approach is that the region can be shaped more clearly and flexibly. however, this big gain is in our wafer application of not much benefit, as the most structures in our image material are anyway rectangles. iii ) despite the approach's closer similarity to the brain's functionality, the neuroscientific review literature also reveals that the effects of attention are much more complex than a simple'enhance attended'or'suppress all others'[ 32, 33 ]. as we aim for a strong biological plausibility, we would not like to ignore these effects lighthearted, and rather aim for a separate research publication investigating how a deep neuronal network can be integrated into an attention model or vice versa in a biologically plausible way. iv ) finally, we have a complicated task - instruction here. the workers'instruction is to check the cuts for potential faults, which is of course realized by looking at the cuts ( i. e. streets ). hence, we have applied attention to the streets here. however, not a street alone need to be checked for cracks, but rather also the close region next to it, ranging from the close surrounding of the street over the street - chip border towards the inside of the chip. therefore, the workers'task requires to transfer from the attended structure ( streets ) to another spatial area. as it is not really known how such task instructions are realized in the brain, we do not know how to implement this in the attention model. the region of interest approach instead solves this problem out - of - the - box. therefore, we evaluate it is better to use the region of interest approach, which solves the problem nicely and has advantages in our case. v. conclusion and outlook in this contribution, we propose a novel system for automated visual fault detection by combining a biologicallyplausible model of visual attention with a deep neural network. the process of automated visual fault detection in the domain of semiconductor manufacturing and laser - based wafer dicing constitutes one particularly challenging application area, as defect patterns often range within a size of only a few pixels / µm. this problem is challenging for traditional convolutional neuronal networks, and it is getting more challenging due to the heterogeneity and imbalance of the image material. visual attention is well suited for this problem, but not much used in the semiconductor industry yet, for which we created the first deep learning system with attention. our benchmark shows that visual attention improves the mean",
      "query": "What is the main problem or motivation addressed in this paper?"
    },
    {
      "vector_id": 1993,
      "score": 0.5653382539749146,
      "text": "visual attention. this illustrates that attention is a crucial principle and promotes its idea of zooming in. surprisingly, the standard networks do not cope with attention very well, seen as the accuracies for the streets are lower than with our customized network. that implies the standard deep networks profit less from attention. furthermore, transfer learning [ 10 ] benefits even less from attention. we suppose that is because in the original data set ( imagenet ), the objects are not shown in high resolution or large sizes like the faults in our street regions, hence the image material does not transfer well enough to our use case. hence, our conclusion here is that visual attention is able to show its strengths much better if it is not mixed with transfer learning. this is reasonable since the data material is different. therefore, we conclude that our proposed system improves and outperforms, as evaluated in comparison, current state - ofthe - art solutions in the wafer dicing domain. other standard deep neural network approaches show also lower accuracy percentages, and we evaluate generally the benefits of visual attention. d. performance of the whole system finally, the class of a chip is calculated from the classification of its four street regions. the full system reaches the following accuracy to classify the chips correctly : 91 %. this rate would be the important one for a final production system. the result of the classified streets and chip error classes can then be illustrated, here as ground truth, as in fig. 7. it comprises the street and chip classification test results for good ( • ), anomaly ( • ) and faulty ( • ) streets and chips according to the used addressing scheme of the wafer. the shown error classes can then continue to differ in their respective defect pattern to be further assessed by an inspector. iv. discussion about how to couple a visual attention model with a cnn several options exist how to couple a visual attention model with a cnn as delineated in the introduction of this work, e. g. [ 18, 20 ] - [ 24 ]. the classical approach is that attention selects a spatial region ( region of interest, roi [ 17 ] ), which is subsequently passed to a classifier for later recognition. this idea came up at first with the saliency models in the late 1990s, which select a roi for a later classifier [ 17 ]. the classifier can of course today also be a cnn. variations of this approach are the glimpse approach from google [ 18 ], where a more modern neural network selects regions very swiftly ( glimpses ),",
      "query": "What is the main problem or motivation addressed in this paper?"
    },
    {
      "vector_id": 1976,
      "score": 0.520531415939331,
      "text": "first model of visual attention, in combination with deep learning, for the domain of fault recognition in the semiconductor industry. there exist several approaches of combining visual attention with deep neural networks ( dnns ) in other domains already. the background behind this idea is often that attention focuses the processing on a part or an aspect or a scene, which is then passed for classification to a machine learning classifier, like a dnn. in such a way, the attention model zooms in on the content, which then the dnn classifies in higher resolution and with less irrelevant data. however, the way to combine this remains pretty unclear and under debate. we found several dominant approaches, which are listed in the following. 1 ) one approach is the saliency models [ 17 ]. the idea understands attention as a mechanism to define a spatial region ( region of interest, roi [ 17 ] ), which is then later passed to a classifier. newer work uses this idea for taking fast snapshots from the image via attention and feed them to a cnn ( glimpse approach [ 18 ] ). 2 ) as saliency models struggle with objects that are not very obvious in the image, they find the wrong regions for the dnn. this has led to a combination of this approach with machine learning like reinforcement learning [ 19 ], e. g. [ 20 ]. 3 ) similarly, a saliency model can be controlled by words to find the visual regions corresponding to text ( attention for visual - textual alignment, e. g. wang et al. [ 21 ] ). 4 ) a different approach is from jurgen schmidthuber [ 22 ], which introduces top - down feature - based attention in his model and thus uses attention towards specific features, not regions. 5 ) attention towards some basic features can also be used to select an irregularly shaped region, defined via visual features instead of a spatial region, and then feed this content to a dnn ( e. g. [ 23 ] ). 6 ) in the recent few years, works also utilize dnns, or building blocks of them, as attention networks. so, one neuronal network serves as attention network, while the other is modulated by it and processes normally the image ( e. g. [ 23 ] - [ 25 ] ). quite a few systems use this approach, but they are designed very diverse ( 5 examples : [ 23 ] - [ 27 ] ). therefore, many different approaches exist that allow the combination of visual attention with machine learning",
      "query": "What method or approach is proposed? Summarize the core idea and components."
    },
    {
      "vector_id": 1989,
      "score": 0.6182888150215149,
      "text": ". for this, we first try to weight the loss function higher when a class is less presented in the data set, but we found that this approach gives suboptimal accuracies for such a high imbalance. hence, we tried a different approach and found that simply duplicating the samples for the underrepresented classes while applying data augmentation yields good results. the on - the - fly data augmentation ensures, despite several images are identical in the data set, that the images appear differently for the cnn after the augmentation. therefore, such an approach produces a good amount of image variations on the fly from one source image [ 23 ]. b. evaluation of the visual attention model at first, we will verify if the attention model shows plausible human behavior. as we do not posses human eye tracking data for this task, and as there is, according to our literature search, no eye tracking data available for workers performing fault recognition in the semiconductor industry, we can only analyze if the neuronal activities and eye movements of the model are reasonable under a task like this and are in line with the general literature about visual search [ 41, 45, 49 ]. for this, we first illustrated the model's behavior on a representative example, as already shown during the model's description. this serves as a qualitative analysis. afterwards, we quantify the results, i. e. the correctness of eye movements, which connotes here how many streets the attention model finds and how precise are the selected coordinates. 1 ) correctness of the found streets : at first, we quantify the number of streets found. the model of visual attention finds 98. 49 % of the existing 32 768 streets in our data set correctly, whereby the false positives were 29 of these. the localization precision per each wafer is given in tab. iii. we defined a street as not found if the extracted center coordinates are not on the chip sides ( 0. 3 < x, y < 0. 7 ) or if the roi borders are outside the image borders. the data set consists of 8 192 processable chips, and thus has a total of 32 768 street segments, based on the assumption that each chip has four street segments. the model's correctness of 98. 49 % is within the upper range of the shown accuracies in different tasks by previous literature. the first versions published in 2005 have achieved an accuracy of 50 % [ 1, 41 ], whereas later",
      "query": "What experiments or evaluation setup are used (datasets, tasks, metrics)?"
    },
    {
      "vector_id": 1999,
      "score": 0.6027647256851196,
      "text": "cnn without attention table v : v performance evaluation of classical deep neural networks from computer vision. tested once as standard solutions without attention, and once when combined with our attention approach. the last columns show the improvement through attention. * transfer learning, pretrained on imagenet. approach without attention accuracy [ % ] fault detection accuracy [ % ] with attention accuracy [ % ] fault detection accuracy [ % ] improvement of accuracy fault detection accuracy densenet121 [ 10 ] densenet121 * [ 10 ] inceptionv3 [ 10 ] inceptionv3 * [ 10 ] mobilenetv2 [ 10 ] mobilenetv2 * [ 10 ] resnet50 [ 10 ] resnet50 * [ 10 ] vgg10 [ 10 ] vgg13 [ 10 ] xception [ 10 ] xception * [ 10 ] 77. 47 ± 1. 57 80. 47 ± 0. 97 77. 18 ± 1. 35 76. 27 ± 1. 76 71. 08 ± 1. 01 76. 99 ± 1. 36 75. 95 ± 1. 80 79. 01 ± 2. 41 83. 19 ± 1. 64 82. 68 ± 2. 24 77. 27 ± 0. 52 80. 52 ± 0. 74 56. 80 ± 2. 95 62. 80 ± 2. 49 57. 20 ± 3. 03 54. 40 ± 3. 97 44. 40 ± 2. 51 56. 20 ± 3. 03 55. 60 ± 4. 77 59. 80 ± 5. 22 71. 00 ± 4. 69 69. 80 ± 5. 07 57. 40 ± 0. 89 62. 80 ± 1. 79 84. 86 ± 1. 38 84. 33 ± 1. 40 83. 08 ± 1. 57 82. 42 ± 2. 68 83. 83 ± 1. 04 84. 19 ± 1. 10 84. 04 ± 1. 37 84. 77 ± 0. 86 86. 75 ± 2. 08 86. 30 ± 1. 94 83. 99 ± 0. 90 85. 18 ± 0. 88 71. 00 ± 2. 12 69. 20 ± 2. 95 66. 80 ± 3. 49 65. 60 ± 5. 32 68. 40 ± 2. 07 69. 00 ± 2. 24 69. 00 ± 3. 00 70. 40 ± 1. 82 74. 60 ± 4. 45 73. 80 ± 3. 96 68. 60 ± 2. 07 70. 60 ± 1. 82 7. 39 3. 86 5. 90 6.",
      "query": "What experiments or evaluation setup are used (datasets, tasks, metrics)?"
    },
    {
      "vector_id": 1982,
      "score": 0.5509170889854431,
      "text": "template directly from a single image. hence, it is very fast in its nature and the total runtime of the learning is only a few seconds on consumergrade hardware. the other advantage of the learning procedure is that the image can be defined in a rather conceptual manner, more of a sketch than an actual image ( fig. 4 ). we found that even defining the image via simple image editor software is enough. hence, it can be easily and swiftly produced. as a last advantage, the attention model can deal with the inner structures of the chips out of the box by an external spatial attention signal. this signal defines which chip areas are suppressed regarding processing. we use it to suppress the inner structure of a chip, as we know human inspectors would also not look at the middle of a chip image. to illustrate this, we use a chip with especially a lot of inner structures in fig. 4. the suppression map can again simply be defined as an image. the model naturally realizes in this way task instructions. during the processing, the initially very noisy activity is filtered, illustrated by showing the input stages towards the fef ( iv, v, vi ) : the first stage is very noisy as it reacts to all inner structures of the chip ( iv ). yet, the external spatial attention signal is then applied to this, which suppresses the \" middle \" by decreasing neuronal activity ( v ). afterwards, the competition takes place, increases the signal contrast, and reduces the activity to a few locations ( vi ). during this processing, the model filters out inner chip structures, which might be very similar to the searched streets and thus would divert the recognition process. d. improvements of the visual attention model the attention model has been modified in several ways for this work. additionally, as the attention model stems from a line of older attention models, this section provides the changes as compared to the previous works [ 2 ]. 1 ) spatial external attention signal : the model was extended with an external spatial attention signal. in the data set, some of the chips have line - like structures within the chip. we know from human workers that they were told to ignore the structures inside a chip, which translates roughly to the task instruction'do not look in the middle of a chip '. such task instructions can be naturally realized in the model by directing'negative'attention to the middle of a chip. hence, this signal realizes spatial components of task instructions. we implemented this external attention signal as an incoming signal to the frontal eye field ( fef )",
      "query": "What are the key contributions and significance of this work?"
    }
  ],
  "rag_by_query": {
    "What is the main problem or motivation addressed in this paper?": [
      {
        "vector_id": 1995,
        "score": 0.5654714703559875,
        "text": "of the newer approach is that the region can be shaped more clearly and flexibly. however, this big gain is in our wafer application of not much benefit, as the most structures in our image material are anyway rectangles. iii ) despite the approach's closer similarity to the brain's functionality, the neuroscientific review literature also reveals that the effects of attention are much more complex than a simple'enhance attended'or'suppress all others'[ 32, 33 ]. as we aim for a strong biological plausibility, we would not like to ignore these effects lighthearted, and rather aim for a separate research publication investigating how a deep neuronal network can be integrated into an attention model or vice versa in a biologically plausible way. iv ) finally, we have a complicated task - instruction here. the workers'instruction is to check the cuts for potential faults, which is of course realized by looking at the cuts ( i. e. streets ). hence, we have applied attention to the streets here. however, not a street alone need to be checked for cracks, but rather also the close region next to it, ranging from the close surrounding of the street over the street - chip border towards the inside of the chip. therefore, the workers'task requires to transfer from the attended structure ( streets ) to another spatial area. as it is not really known how such task instructions are realized in the brain, we do not know how to implement this in the attention model. the region of interest approach instead solves this problem out - of - the - box. therefore, we evaluate it is better to use the region of interest approach, which solves the problem nicely and has advantages in our case. v. conclusion and outlook in this contribution, we propose a novel system for automated visual fault detection by combining a biologicallyplausible model of visual attention with a deep neural network. the process of automated visual fault detection in the domain of semiconductor manufacturing and laser - based wafer dicing constitutes one particularly challenging application area, as defect patterns often range within a size of only a few pixels / µm. this problem is challenging for traditional convolutional neuronal networks, and it is getting more challenging due to the heterogeneity and imbalance of the image material. visual attention is well suited for this problem, but not much used in the semiconductor industry yet, for which we created the first deep learning system with attention. our benchmark shows that visual attention improves the mean"
      },
      {
        "vector_id": 1993,
        "score": 0.5653382539749146,
        "text": "visual attention. this illustrates that attention is a crucial principle and promotes its idea of zooming in. surprisingly, the standard networks do not cope with attention very well, seen as the accuracies for the streets are lower than with our customized network. that implies the standard deep networks profit less from attention. furthermore, transfer learning [ 10 ] benefits even less from attention. we suppose that is because in the original data set ( imagenet ), the objects are not shown in high resolution or large sizes like the faults in our street regions, hence the image material does not transfer well enough to our use case. hence, our conclusion here is that visual attention is able to show its strengths much better if it is not mixed with transfer learning. this is reasonable since the data material is different. therefore, we conclude that our proposed system improves and outperforms, as evaluated in comparison, current state - ofthe - art solutions in the wafer dicing domain. other standard deep neural network approaches show also lower accuracy percentages, and we evaluate generally the benefits of visual attention. d. performance of the whole system finally, the class of a chip is calculated from the classification of its four street regions. the full system reaches the following accuracy to classify the chips correctly : 91 %. this rate would be the important one for a final production system. the result of the classified streets and chip error classes can then be illustrated, here as ground truth, as in fig. 7. it comprises the street and chip classification test results for good ( • ), anomaly ( • ) and faulty ( • ) streets and chips according to the used addressing scheme of the wafer. the shown error classes can then continue to differ in their respective defect pattern to be further assessed by an inspector. iv. discussion about how to couple a visual attention model with a cnn several options exist how to couple a visual attention model with a cnn as delineated in the introduction of this work, e. g. [ 18, 20 ] - [ 24 ]. the classical approach is that attention selects a spatial region ( region of interest, roi [ 17 ] ), which is subsequently passed to a classifier for later recognition. this idea came up at first with the saliency models in the late 1990s, which select a roi for a later classifier [ 17 ]. the classifier can of course today also be a cnn. variations of this approach are the glimpse approach from google [ 18 ], where a more modern neural network selects regions very swiftly ( glimpses ),"
      }
    ],
    "What method or approach is proposed? Summarize the core idea and components.": [
      {
        "vector_id": 1976,
        "score": 0.520531415939331,
        "text": "first model of visual attention, in combination with deep learning, for the domain of fault recognition in the semiconductor industry. there exist several approaches of combining visual attention with deep neural networks ( dnns ) in other domains already. the background behind this idea is often that attention focuses the processing on a part or an aspect or a scene, which is then passed for classification to a machine learning classifier, like a dnn. in such a way, the attention model zooms in on the content, which then the dnn classifies in higher resolution and with less irrelevant data. however, the way to combine this remains pretty unclear and under debate. we found several dominant approaches, which are listed in the following. 1 ) one approach is the saliency models [ 17 ]. the idea understands attention as a mechanism to define a spatial region ( region of interest, roi [ 17 ] ), which is then later passed to a classifier. newer work uses this idea for taking fast snapshots from the image via attention and feed them to a cnn ( glimpse approach [ 18 ] ). 2 ) as saliency models struggle with objects that are not very obvious in the image, they find the wrong regions for the dnn. this has led to a combination of this approach with machine learning like reinforcement learning [ 19 ], e. g. [ 20 ]. 3 ) similarly, a saliency model can be controlled by words to find the visual regions corresponding to text ( attention for visual - textual alignment, e. g. wang et al. [ 21 ] ). 4 ) a different approach is from jurgen schmidthuber [ 22 ], which introduces top - down feature - based attention in his model and thus uses attention towards specific features, not regions. 5 ) attention towards some basic features can also be used to select an irregularly shaped region, defined via visual features instead of a spatial region, and then feed this content to a dnn ( e. g. [ 23 ] ). 6 ) in the recent few years, works also utilize dnns, or building blocks of them, as attention networks. so, one neuronal network serves as attention network, while the other is modulated by it and processes normally the image ( e. g. [ 23 ] - [ 25 ] ). quite a few systems use this approach, but they are designed very diverse ( 5 examples : [ 23 ] - [ 27 ] ). therefore, many different approaches exist that allow the combination of visual attention with machine learning"
      }
    ],
    "What experiments or evaluation setup are used (datasets, tasks, metrics)?": [
      {
        "vector_id": 1989,
        "score": 0.6182888150215149,
        "text": ". for this, we first try to weight the loss function higher when a class is less presented in the data set, but we found that this approach gives suboptimal accuracies for such a high imbalance. hence, we tried a different approach and found that simply duplicating the samples for the underrepresented classes while applying data augmentation yields good results. the on - the - fly data augmentation ensures, despite several images are identical in the data set, that the images appear differently for the cnn after the augmentation. therefore, such an approach produces a good amount of image variations on the fly from one source image [ 23 ]. b. evaluation of the visual attention model at first, we will verify if the attention model shows plausible human behavior. as we do not posses human eye tracking data for this task, and as there is, according to our literature search, no eye tracking data available for workers performing fault recognition in the semiconductor industry, we can only analyze if the neuronal activities and eye movements of the model are reasonable under a task like this and are in line with the general literature about visual search [ 41, 45, 49 ]. for this, we first illustrated the model's behavior on a representative example, as already shown during the model's description. this serves as a qualitative analysis. afterwards, we quantify the results, i. e. the correctness of eye movements, which connotes here how many streets the attention model finds and how precise are the selected coordinates. 1 ) correctness of the found streets : at first, we quantify the number of streets found. the model of visual attention finds 98. 49 % of the existing 32 768 streets in our data set correctly, whereby the false positives were 29 of these. the localization precision per each wafer is given in tab. iii. we defined a street as not found if the extracted center coordinates are not on the chip sides ( 0. 3 < x, y < 0. 7 ) or if the roi borders are outside the image borders. the data set consists of 8 192 processable chips, and thus has a total of 32 768 street segments, based on the assumption that each chip has four street segments. the model's correctness of 98. 49 % is within the upper range of the shown accuracies in different tasks by previous literature. the first versions published in 2005 have achieved an accuracy of 50 % [ 1, 41 ], whereas later"
      },
      {
        "vector_id": 1999,
        "score": 0.6027647256851196,
        "text": "cnn without attention table v : v performance evaluation of classical deep neural networks from computer vision. tested once as standard solutions without attention, and once when combined with our attention approach. the last columns show the improvement through attention. * transfer learning, pretrained on imagenet. approach without attention accuracy [ % ] fault detection accuracy [ % ] with attention accuracy [ % ] fault detection accuracy [ % ] improvement of accuracy fault detection accuracy densenet121 [ 10 ] densenet121 * [ 10 ] inceptionv3 [ 10 ] inceptionv3 * [ 10 ] mobilenetv2 [ 10 ] mobilenetv2 * [ 10 ] resnet50 [ 10 ] resnet50 * [ 10 ] vgg10 [ 10 ] vgg13 [ 10 ] xception [ 10 ] xception * [ 10 ] 77. 47 ± 1. 57 80. 47 ± 0. 97 77. 18 ± 1. 35 76. 27 ± 1. 76 71. 08 ± 1. 01 76. 99 ± 1. 36 75. 95 ± 1. 80 79. 01 ± 2. 41 83. 19 ± 1. 64 82. 68 ± 2. 24 77. 27 ± 0. 52 80. 52 ± 0. 74 56. 80 ± 2. 95 62. 80 ± 2. 49 57. 20 ± 3. 03 54. 40 ± 3. 97 44. 40 ± 2. 51 56. 20 ± 3. 03 55. 60 ± 4. 77 59. 80 ± 5. 22 71. 00 ± 4. 69 69. 80 ± 5. 07 57. 40 ± 0. 89 62. 80 ± 1. 79 84. 86 ± 1. 38 84. 33 ± 1. 40 83. 08 ± 1. 57 82. 42 ± 2. 68 83. 83 ± 1. 04 84. 19 ± 1. 10 84. 04 ± 1. 37 84. 77 ± 0. 86 86. 75 ± 2. 08 86. 30 ± 1. 94 83. 99 ± 0. 90 85. 18 ± 0. 88 71. 00 ± 2. 12 69. 20 ± 2. 95 66. 80 ± 3. 49 65. 60 ± 5. 32 68. 40 ± 2. 07 69. 00 ± 2. 24 69. 00 ± 3. 00 70. 40 ± 1. 82 74. 60 ± 4. 45 73. 80 ± 3. 96 68. 60 ± 2. 07 70. 60 ± 1. 82 7. 39 3. 86 5. 90 6."
      }
    ],
    "What are the key contributions and significance of this work?": [
      {
        "vector_id": 1982,
        "score": 0.5509170889854431,
        "text": "template directly from a single image. hence, it is very fast in its nature and the total runtime of the learning is only a few seconds on consumergrade hardware. the other advantage of the learning procedure is that the image can be defined in a rather conceptual manner, more of a sketch than an actual image ( fig. 4 ). we found that even defining the image via simple image editor software is enough. hence, it can be easily and swiftly produced. as a last advantage, the attention model can deal with the inner structures of the chips out of the box by an external spatial attention signal. this signal defines which chip areas are suppressed regarding processing. we use it to suppress the inner structure of a chip, as we know human inspectors would also not look at the middle of a chip image. to illustrate this, we use a chip with especially a lot of inner structures in fig. 4. the suppression map can again simply be defined as an image. the model naturally realizes in this way task instructions. during the processing, the initially very noisy activity is filtered, illustrated by showing the input stages towards the fef ( iv, v, vi ) : the first stage is very noisy as it reacts to all inner structures of the chip ( iv ). yet, the external spatial attention signal is then applied to this, which suppresses the \" middle \" by decreasing neuronal activity ( v ). afterwards, the competition takes place, increases the signal contrast, and reduces the activity to a few locations ( vi ). during this processing, the model filters out inner chip structures, which might be very similar to the searched streets and thus would divert the recognition process. d. improvements of the visual attention model the attention model has been modified in several ways for this work. additionally, as the attention model stems from a line of older attention models, this section provides the changes as compared to the previous works [ 2 ]. 1 ) spatial external attention signal : the model was extended with an external spatial attention signal. in the data set, some of the chips have line - like structures within the chip. we know from human workers that they were told to ignore the structures inside a chip, which translates roughly to the task instruction'do not look in the middle of a chip '. such task instructions can be naturally realized in the model by directing'negative'attention to the middle of a chip. hence, this signal realizes spatial components of task instructions. we implemented this external attention signal as an incoming signal to the frontal eye field ( fef )"
      }
    ]
  },
  "rag_prompt": "You are writing an academic abstract using the provided context.\nKeyword: visual_understanding\n\nContext:\n[Chunk 1] of the newer approach is that the region can be shaped more clearly and flexibly. however, this big gain is in our wafer application of not much benefit, as the most structures in our image material are anyway rectangles. iii ) despite the approach's closer similarity to the brain's functionality, the neuroscientific review literature also reveals that the effects of attention are much more complex than a simple'enhance attended'or'suppress all others'[ 32, 33 ]. as we aim for a strong biological plausibility, we would not like to ignore these effects lighthearted, and rather aim for a separate research publication investigating how a deep neuronal network can be integrated into an attention model or vice versa in a biologically plausible way. iv ) finally, we have a complicated task - instruction here. the workers'instruction is to check the cuts for potential faults, which is of course realized by looking at the cuts ( i. e. streets ). hence, we have applied attention to the streets here. however, not a street alone need to be checked for cracks, but rather also the close region next to it, ranging from the close surrounding of the street over the street - chip border towards the inside of the chip. therefore, the workers'task requires to transfer from the attended structure ( streets ) to another spatial area. as it is not really known how such task instructions are realized in the brain, we do not know how to implement this in the attention model. the region of interest approach instead solves this problem out - of - the - box. therefore, we evaluate it is better to use the region of interest approach, which solves the problem nicely and has advantages in our case. v. conclusion and outlook in this contribution, we propose a novel system for automated visual fault detection by combining a biologicallyplausible model of visual attention with a deep neural network. the process of automated visual fault detection in the domain of semiconductor manufacturing and laser - based wafer dicing constitutes one particularly challenging application area, as defect patterns often range within a size of only a few pixels / µm. this problem is challenging for traditional convolutional neuronal networks, and it is getting more challenging due to the heterogeneity and imbalance of the image material. visual attention is well suited for this problem, but not much used in the semiconductor industry yet, for which we created the first deep learning system with attention. our benchmark shows that visual attention improves the mean\n\n[Chunk 2] visual attention. this illustrates that attention is a crucial principle and promotes its idea of zooming in. surprisingly, the standard networks do not cope with attention very well, seen as the accuracies for the streets are lower than with our customized network. that implies the standard deep networks profit less from attention. furthermore, transfer learning [ 10 ] benefits even less from attention. we suppose that is because in the original data set ( imagenet ), the objects are not shown in high resolution or large sizes like the faults in our street regions, hence the image material does not transfer well enough to our use case. hence, our conclusion here is that visual attention is able to show its strengths much better if it is not mixed with transfer learning. this is reasonable since the data material is different. therefore, we conclude that our proposed system improves and outperforms, as evaluated in comparison, current state - ofthe - art solutions in the wafer dicing domain. other standard deep neural network approaches show also lower accuracy percentages, and we evaluate generally the benefits of visual attention. d. performance of the whole system finally, the class of a chip is calculated from the classification of its four street regions. the full system reaches the following accuracy to classify the chips correctly : 91 %. this rate would be the important one for a final production system. the result of the classified streets and chip error classes can then be illustrated, here as ground truth, as in fig. 7. it comprises the street and chip classification test results for good ( • ), anomaly ( • ) and faulty ( • ) streets and chips according to the used addressing scheme of the wafer. the shown error classes can then continue to differ in their respective defect pattern to be further assessed by an inspector. iv. discussion about how to couple a visual attention model with a cnn several options exist how to couple a visual attention model with a cnn as delineated in the introduction of this work, e. g. [ 18, 20 ] - [ 24 ]. the classical approach is that attention selects a spatial region ( region of interest, roi [ 17 ] ), which is subsequently passed to a classifier for later recognition. this idea came up at first with the saliency models in the late 1990s, which select a roi for a later classifier [ 17 ]. the classifier can of course today also be a cnn. variations of this approach are the glimpse approach from google [ 18 ], where a more modern neural network selects regions very swiftly ( glimpses ),\n\nConstraints: Use only the context. Do not invent datasets, baselines, or numerical results.\nIf results are not stated, describe them generally.\n\nWrite a concise abstract (150-250 words).",
  "rag_output": "This contribution proposes a novel system for automated visual fault detection in semiconductor manufacturing by combining a biologically-plausible model of visual attention with a deep neural network. The region of interest approach is employed to address the complexities of attention effects, allowing for flexible and clear shaping of the region of interest. This approach is particularly beneficial in the wafer application, where most structures are rectangular, and the effects of attention are crucial for accurate detection.\nThe proposed system outperforms current state-of-the-art solutions in the wafer dicing domain by leveraging the strengths of visual attention, which is well-suited for detecting small defects in high-resolution images. The results demonstrate the benefits of visual attention, particularly when not mixed with transfer learning, and show that the proposed system can accurately classify chips with a high rate of correctness.\nThe system's performance is evaluated in comparison to standard deep neural network approaches, which show lower accuracy percentages. The discussion highlights the importance of coupling a visual attention model with a CNN and explores various options for integrating these two models.",
  "metrics": {
    "hwt": {
      "llama": {
        "perplexity": 11.946863197656471,
        "burstness": 2.353515625,
        "curvature": 0.09023437500000009
      },
      "gpt2": {
        "perplexity": 18.942465433314446,
        "burstness": 2.6015625,
        "curvature": 0.10136718750000018
      }
    },
    "only_llm": {
      "llama": {
        "perplexity": 3.507427323618563,
        "burstness": 1.7666015625,
        "curvature": 0.3028808593750001
      },
      "gpt2": {
        "perplexity": 7.8349441694933635,
        "burstness": 2.044921875,
        "curvature": 0.31689453125
      }
    },
    "rag": {
      "llama": {
        "perplexity": 13.35374506875535,
        "burstness": 2.66015625,
        "curvature": 0.11777343749999991
      },
      "gpt2": {
        "perplexity": 20.401838105461145,
        "burstness": 2.8828125,
        "curvature": 0.16533203125000018
      }
    }
  }
}