{
  "paper_id": "2104.14040v2",
  "keyword": "visual_understanding",
  "source_path": "papers/outputs/visual_understanding/2104.14040v2.json",
  "abstract_hwt": "Figure 1 : Visual navigation may require interactions that go beyond moving forward/backward, and turning left/right. For example, the agent in the top row needs to push the chair out of its way to reach the target. Interactive navigation entails deeper understanding of the outcome of agents actions on objects in the scene. In this paper, we introduce Neural Interaction Engine (NIE) to explicitly predict the effect of actions on objects poses. By integrating NIE with our policy network we show that we can perform long-horizon planning while predicting the outcome of the actions. We evaluate NIE for visual navigation where the path to the goal is obstructed, and moving objects to specific locations in the scene and show major improvements over state of the art in these tasks.",
  "abstract_only_llm": "Embodied Artificial Intelligence (AI) has experienced significant advancements in recent years, driven by improvements in learning algorithms, standardized benchmarks, and task definitions. Among these developments, visual navigation has emerged as a prominent task, where an AI agent is tasked with navigating towards a specific coordinate or object within an unseen environment. This task requires the agent to possess a visual understanding of its surroundings, enabling it to perceive and interpret visual cues, such as textures, colors, and shapes.\nThe visual navigation task presents a unique challenge, as the agent must learn to reason about its environment, predict potential obstacles, and adapt to novel situations. To achieve this, researchers have explored various approaches, including reinforcement learning, imitation learning, and multimodal learning. These methods have shown promise in enabling AI agents to develop a robust visual understanding, allowing them to navigate complex environments with varying levels of success.\nThis review aims to provide an overview of the visual navigation task, highlighting the key challenges, approaches, and implications for the development of embodied AI systems with advanced visual understanding capabilities.",
  "abstract_rag": "This paper addresses the problem of predicting the outcome of actions in embodied visual navigation tasks. A significant gap exists between baseline models and our proposed method, which relies on a Neural Interaction Engine (NIE) to encode the changes to the environment caused by navigation and interaction actions of the agents. We incorporate NIE into a policy network and demonstrate its effectiveness in two downstream tasks: reaching a target point in an environment with blocked paths and navigating to a target point while pushing an object.\nOur evaluations show significant improvements over baseline methods, which often push other objects and block the path towards the target. We provide qualitative results in Fig. 7, showcasing successful episodes of our method in both tasks. Additionally, we investigate the importance of visual information in estimating object locations and the need for a balance between future prediction and exploration.\nWe achieve state-of-the-art results in both tasks, with our method outperforming baseline models in all evaluation metrics. Our study highlights the importance of considering the interactions between agents and their environment in embodied visual navigation tasks, and demonstrates the effectiveness of NIE in predicting the outcome of actions in these tasks.",
  "only_llm_summary": "Introduction Embodied AI has witnessed remarkable progress over the past few years owing to advances in learning algorithms, benchmarks, and standardized tasks. A popular task that has received a considerable amount of attention is visual navigation [3, 5, 8, 29, 39, 48] , where the goal is to navigate towards a specific coordinate or object within an unseen environment.",
  "only_llm_body": "Introduction Embodied AI has witnessed remarkable progress over the past few years owing to advances in learning algorithms, benchmarks, and standardized tasks. A popular task that has received a considerable amount of attention is visual navigation [3, 5, 8, 29, 39, 48] , where the goal is to navigate towards a specific coordinate or object within an unseen environment. One of the common implicit assumptions for these navigation methods is that the scene is static, and the agent cannot interact with the objects to change their pose. Consider the scenario that the path of the agent towards the target location is blocked by an obstacle (e.g., a chair) as shown in Fig. 1 (top). To reach the target, the agent has to move the obstacle out of the way. Therefore, planning for reaching the target requires not only understanding the outcome of agent actions but also the dynamics of agentobject interactions. There are many factors such as object size, spatial relationship with other objects in the scene, and reaction of the object to the applied forces, that influence the outcome of the interaction with the object. Hence, longhorizon planning for navigation conditioned on the object dynamics offers unique challenges that are often overlooked in the recent navigation literature. The first challenge is to learn whether an action affects the pose of an object or not. Navigation actions (e.g., rotate right or move ahead) typically do not affect the position of objects in the world coordin\n\nein the first 20 scenes are used for training, the next 5 for validation, and the last 5 for testing in each scene category. To collect the datasets, we use 20 categories of objects such as Chair, SideTable, and DogBed. Please see Sec. B for the used objects. These objects are used as obstacles for ObsNav and as objects that should be displaced in ObjPlace. These objects are spawned on the floor for the downstream tasks. For each object category we have 5 different variations. We randomly select the first 4 variations to collect the training and validation data and use the 5th variation to collect the test data. To generate the dataset for ObsNav, we utilize an undirected graph to compute the path from the agent's starting location to the target location. Then, we randomly spawn an object to block the path. To ensure that there is no way that the agent can directly reach the target location without moving an object, we repeat this process until there is no path between the agent's star\n\necture of the visual encoder, goal embedding, and policy network. 1 → 24 →Figure 11 : 12411 Figure 11: Detailed architecture of the NIE model. Table 1 : 1 ObsNav results. We show the result of our method (referred to as 'NIE') along with baselines and ablations of our model. We use ↑ and ↓ to denote if larger or smaller values are preferred. We repeat the experiments three times and report the average. NIE w/o visual observations. To understand if the visual observation i can help the prediction of affine transformation matrices and the action-conditioned keypoints p a , we implement this model by removing the visual input from the NIE. Therefore, the NIE only takes the keypoints in coordinate representation with action indices as well as object categories. We use the same hyperparameters and optimization approach mentioned in Sec. 4.1 to train this model. NIE w/ 1 × L NIE . We decrease α, which is used to balance the L NIE and L PPO . This provides us with an insight about the importance of L NIE to learn the entire model. NIE w/ 10 × L NIE . In this ablation study, we increase the α, which is used to balance the L NIE and L PPO , to 10. This study shows if a large value of α would have a negative impact on the final performance. .1 0.605 25.7 RGB-D-S 62.8 0.499 25.0 RGB-D-K 70.9 0.459 25.8 CPC|A [15] 73.8 0.370 29.8 NIE (ours) 80.0 0.304 31.3 Ablations: NIE w/o VO 72.7 0.375 29.2 NIE w/ 1 × L NIE 74.1 0.377 29.7 NIE w/ 10 × L NIE 78.2 0.278 31.0 https://youtu.be/GvTI5XC",
  "only_llm_prompt": "You are writing an academic abstract.\nKeyword: visual_understanding\nBrief summary (2 sentences): Introduction Embodied AI has witnessed remarkable progress over the past few years owing to advances in learning algorithms, benchmarks, and standardized tasks. A popular task that has received a considerable amount of attention is visual navigation [3, 5, 8, 29, 39, 48] , where the goal is to navigate towards a specific coordinate or object within an unseen environment.\nConstraints: Do not invent datasets, baselines, or numerical results.\nIf results are not stated, describe them generally.\n\nWrite a concise abstract (150-250 words).",
  "only_llm_output": "Embodied Artificial Intelligence (AI) has experienced significant advancements in recent years, driven by improvements in learning algorithms, standardized benchmarks, and task definitions. Among these developments, visual navigation has emerged as a prominent task, where an AI agent is tasked with navigating towards a specific coordinate or object within an unseen environment. This task requires the agent to possess a visual understanding of its surroundings, enabling it to perceive and interpret visual cues, such as textures, colors, and shapes.\nThe visual navigation task presents a unique challenge, as the agent must learn to reason about its environment, predict potential obstacles, and adapt to novel situations. To achieve this, researchers have explored various approaches, including reinforcement learning, imitation learning, and multimodal learning. These methods have shown promise in enabling AI agents to develop a robust visual understanding, allowing them to navigate complex environments with varying levels of success.\nThis review aims to provide an overview of the visual navigation task, highlighting the key challenges, approaches, and implications for the development of embodied AI systems with advanced visual understanding capabilities.",
  "rag_queries": [
    "What is the main problem or motivation addressed in this paper?",
    "What method or approach is proposed? Summarize the core idea and components.",
    "What experiments or evaluation setup are used (datasets, tasks, metrics)?",
    "What are the main results or findings? Include numeric results only if present.",
    "What are the key contributions and significance of this work?"
  ],
  "rag_chunks": [
    {
      "vector_id": 834,
      "score": 0.5375469326972961,
      "text": "this huge gap. most of the time the baseline agent pushes other objects as well and eventually blocks the path towards the target. qualitative results. we show qualitative results in fig. 7. the top row shows a successful episode of obsnav, where the agent pushes the garbage can away to unblock the path. the bottom row show an example of the objplace task, where the agent moves the box toward the goal position. it is interesting to note that the agent goes around the object of interest so it can push it towards the target location. we provide a supplementary video foot _ 0 to show more successful as well as failure cases, and qualitative results of future keypoints prediction conditioned on the actions in sec. e. conclusion we study the problem of predicting the outcome of actions in the context of embodied visual navigation tasks. we propose neural interaction engine ( nie ) to encode the changes to the environment caused by navigation and interaction actions of the agents. we incorporate nie into a policy network and show its effectiveness in two downstream tasks that require long - horizon planning. the goal of the first task is to reach a target point in an environment while the paths to the target are blocked. the second task requires navigating to a target point while pushing an object. our evaluations show the effectiveness of the nie model in both scenarios, where we achieve significant improvements over the methods without the capability of predicting the effect of actions on the surrounding environment. a. heuristic corner detector b. complete list of objects we use 20 objects for the experiments : alarm clock, apple, armchair, box, bread, chair, desk, dining table, dog bed, garbage can, laptop, lettuce, microwave, pillow, pot, side table, sofa, stool, television and tomato. c. maskrcnn results we evaluate our pretrained maskrcnn ( resnet - 50 with fpn ) on our testing scenes with ≈ 2k images. the checkpoint at the 10th epoch achieves 47. 4ap and 64. 3ap 50. fig. 12 shows qualitative results on 20 used objects in one of the testing scenes livingroom227. d. details of the model architecture e. action - conditioned keypoints p a results we evaluate our action - conditioned keypoints p a prediction on the testing set. our model achieves 0. 148 and 0. 114 l1 loss estimation over 8 keypoints on the and ob - jplace, respectively. we found the model",
      "query": "What is the main problem or motivation addressed in this paper?"
    },
    {
      "vector_id": 833,
      "score": 0.5302454233169556,
      "text": "all models by success rate ( sr ), final distance to target ( fdt ), and success weighted by path length ( spl ) [ 2 ] for both tasks. sr is the ratio of the number of successful episodes to the total number of episodes, fdt is the average distance between agent / object and the target position as the agent issues end or an episode reaches the maximum number of allowed steps ( 500 ), and the spl is defined as 1 n n n = 1 s n ln max ( pn, ln ), where n is the number of episodes, s n denotes a binary indicator of success in the episode n, p n is the path length, and l n is the shortest path distance in episode n. obsnav. the quantitative results of the obsnav task are shown in table 1. our method outperforms the baselines in all three metrics, which justifies the effect of using the nie model. the performance drops for'nie w / o vo'ablations, which shows that visual information is required to estimate the location of objects. for example, if an object is pushed against a wall, the visual information helps to reason that table 2 : objplace results. we show the result of our method ( referred to as'nie') along with baselines and ablations of our model. we use ↑ and ↓ to denote if larger or smaller values are preferred. we repeat the experiments three times and report the average. the object will not move. it is not feasible to make such predictions just by using the keypoint information alone. our results on'nie w / 1 × l nie'and'nie w / 10 × l nie'show that completely relying on the nie model is not sufficient and we need exploration as well. on the other hand, exploration alone is not sufficient. therefore, a good balance between future prediction and exploration is required. objplace. the results are shown in table 2. as shown, there is a huge difference between the baseline models and our model. we investigated the reason for this huge gap. most of the time the baseline agent pushes other objects as well and eventually blocks the path towards the target. qualitative results. we show qualitative results in fig. 7. the top row shows a successful episode of obsnav, where the agent pushes the garbage can away to unblock the path. the bottom row show an example of the",
      "query": "What is the main problem or motivation addressed in this paper?"
    },
    {
      "vector_id": 836,
      "score": 0.4986010789871216,
      "text": "figure 6 : dataset examples. top : five examples in obsnav dataset, where the blue boxes are obstacles and the yellow circle is the target position. bottom : five examples in objplace dataset, where the red boxes are the object that should be displaced and the yellow circle is the target place. figure 7 : 7 figure 7 : qualitative results. top : an example of the obsnav task is shown. the blue box is the obstacle the agent should move away to unblock the path ( the blue marking is just for visualization purposes and not visible to the agent ). the agent's movement is shown by a dashed trajectory in red in the rightmost image. bottom : an example of the objplace task, where the red box is the object that should be displaced and the orange circle is the target location. the object's movement is shown by a trajectory in red color. fig. 9 ( 9 fig. 9 ( a ) shows our heuristic keypoints detector pipeline. more specifically, we first use an object segmentation model to obtain the segmentation m corresponding to object o = garbagecan. then, we apply a heuristic corner detector to detect 8 corner points. note that we use the ground truth segmentation of each object in the training stage, while in the testing stage, we utilize a pretrained maskrcnn ( sec. c ) to obtain the object segmentation. further we present the details of our heuristic corner detector in fig. 9 ( b ), where the 8 corner points are obtained by 8 different criteria and each of the points has to be inside the segmentation m : figure 8 : 8 figure 8 : keypoints examples. examples keypoints obtained by our keypoint detector. figure 9 : 9 figure 9 : keypoint detector details. ( a ) heuristic keypoint detector pipeline. ( b ) heurisitc corner detector. fig. 11 and 11 fig. 11 and fig. 10 summarize the details of the architecture for visual encoder, goal embedding, policy network, and nie model. of target position or target place ) 1 → embedding - 8 ( * objplace only ) ( see nip details'figure ) figure 10 : 10 figure 10 : detailed architecture of the visual encoder, goal embedding, and policy network. 1 → 24 →figure 11 : 12411 figure 11 : detailed architecture of the nie model.",
      "query": "What method or approach is proposed? Summarize the core idea and components."
    },
    {
      "vector_id": 837,
      "score": 0.5196439623832703,
      "text": "target position or target place ) 1 → embedding - 8 ( * objplace only ) ( see nip details'figure ) figure 10 : 10 figure 10 : detailed architecture of the visual encoder, goal embedding, and policy network. 1 → 24 →figure 11 : 12411 figure 11 : detailed architecture of the nie model. table 1 : 1 obsnav results. we show the result of our method ( referred to as'nie') along with baselines and ablations of our model. we use ↑ and ↓ to denote if larger or smaller values are preferred. we repeat the experiments three times and report the average. nie w / o visual observations. to understand if the visual observation i can help the prediction of affine transformation matrices and the action - conditioned keypoints p a, we implement this model by removing the visual input from the nie. therefore, the nie only takes the keypoints in coordinate representation with action indices as well as object categories. we use the same hyperparameters and optimization approach mentioned in sec. 4. 1 to train this model. nie w / 1 × l nie. we decrease α, which is used to balance the l nie and l ppo. this provides us with an insight about the importance of l nie to learn the entire model. nie w / 10 × l nie. in this ablation study, we increase the α, which is used to balance the l nie and l ppo, to 10. this study shows if a large value of α would have a negative impact on the final performance.. 1 0. 605 25. 7 rgb - d - s 62. 8 0. 499 25. 0 rgb - d - k 70. 9 0. 459 25. 8 cpc | a [ 15 ] 73. 8 0. 370 29. 8 nie ( ours ) 80. 0 0. 304 31. 3 ablations : nie w / o vo 72. 7 0. 375 29. 2 nie w / 1 × l nie 74. 1 0. 377 29. 7 nie w / 10 × l nie 78. 2 0. 278 31. 0 https : / / youtu. be / gvti5xcmvpw",
      "query": "What are the main results or findings? Include numeric results only if present."
    },
    {
      "vector_id": 824,
      "score": 0.5464616417884827,
      "text": "the same object. the nie summarizes both the extracted keypoints and the action - conditioned keypoints into an action - conditioned state feature r a. in this way, the nie provides possible outcomes resulting from each action to the policy network. finally, given a goal representations g, the policy network utilizes both v and r a to generate an action a for the agent. neural interaction engine the nie operates by first extracting object keypoints p ∈ r o× ( n ×3 ), where n denotes the number of keypoints, o denotes the observed objects, and each p ∈ r 3 describes a point in the three dimensional space, and then, based on these keypoints, predicting the action - conditioned keypoints p a ∈ r o× | a | × ( n ×3 ) for each action a in the action space a. the engine captures a summary of possible outcomes for each action and object. these summaries are used by the policy network to sample an action a. as shown in fig. 4, the input to nie includes the observation i, which includes an rgb frame and a depth map, the visual representation v from the visual encoder, the object category embedding, and the action index embedding. the observation is first passed through a maskrcnn [ 16 ] to obtain object segmentations. to extract the keypoints, we heuristically detect 8 corner points in an object segment as the keypoints for this object ( see sec. a for more details ). we used a heuristic approach to find the keypoints, but any other keypoint detection approach ( e. g., [ 20, 33 ] ) could be used instead. further, using the depth map and camera parameters of the agent, we back project the keypoints onto the 3 - dimensional space. to predict the outcome of each action, the nie predicts affine transformation matrices for each object and action, as shown in the affine transformation module in fig. 4. in practice, we first embed the keypoints p into hidden features and concatenate it with the object category embedding as well as the action index embedding. then, we use an mlp to predict the affine transformation matrix m ∈ r o× | a | ×4×4 for all objects o and all actions in the action space a. we translate and rotate the keypoints p according to m to obtain p a. since each m a o ∈ m encodes the",
      "query": "What are the key contributions and significance of this work?"
    },
    {
      "vector_id": 825,
      "score": 0.5444486141204834,
      "text": "##ding as well as the action index embedding. then, we use an mlp to predict the affine transformation matrix m ∈ r o× | a | ×4×4 for all objects o and all actions in the action space a. we translate and rotate the keypoints p according to m to obtain p a. since each m a o ∈ m encodes the information associated with object category and the action the inputs to the neural interaction engine are action indices, object categories, visual representation v from the visual encoder, and visual observation i, which includes an rgb image and a depth map. after encoding each input modality, the engine uses an mlp to predict the affine transformation matrices to translate and rotate keypoints p to p a corresponding to all objects and all actions. then, the engine encodes the average of keypoints into hidden features s as well as s a. finally, the engine utilizes a self - attention layer to summarize the hidden features into a semantic action - conditioned state representation r a. a, the predicted keypoints not only contain semantic meaning, but also carry action - dependent information. to encode keypoints and their corresponding actionconditioned keypoints, we first compute the center ( c and c a ) of both p and p a by averaging the coordinates along each axis ( i. e, c x = 1 n n n = 1 p n x, c y = 1 n n n = 1 p n y, c z = 1 n n n = 1 p n z ). further, we employ a state encoder to encode c and c a into hidden features ( s and s a ), as shown in the encode module in fig. 4. the hidden features s and s a are then concatenated with the object category embedding to construct a semantic action - conditioned state representation r. furthermore, we perform self - attention [ 34 ] on r over the object category axis and an average - pooling layer to obtain the actionconditioned state representation r a, as illustrated in the attention module in fig. 4. the reason for this step is not only to make the action - conditioned representation more compact, but also to directly associate it to each action. integrating nie output into the policy network. we construct a global representation f by concatenating the goal representations g ( e. g., target location encoding for the point navigation task ), visual representation v, and actiondependent state features r a.",
      "query": "What are the key contributions and significance of this work?"
    }
  ],
  "rag_by_query": {
    "What is the main problem or motivation addressed in this paper?": [
      {
        "vector_id": 834,
        "score": 0.5375469326972961,
        "text": "this huge gap. most of the time the baseline agent pushes other objects as well and eventually blocks the path towards the target. qualitative results. we show qualitative results in fig. 7. the top row shows a successful episode of obsnav, where the agent pushes the garbage can away to unblock the path. the bottom row show an example of the objplace task, where the agent moves the box toward the goal position. it is interesting to note that the agent goes around the object of interest so it can push it towards the target location. we provide a supplementary video foot _ 0 to show more successful as well as failure cases, and qualitative results of future keypoints prediction conditioned on the actions in sec. e. conclusion we study the problem of predicting the outcome of actions in the context of embodied visual navigation tasks. we propose neural interaction engine ( nie ) to encode the changes to the environment caused by navigation and interaction actions of the agents. we incorporate nie into a policy network and show its effectiveness in two downstream tasks that require long - horizon planning. the goal of the first task is to reach a target point in an environment while the paths to the target are blocked. the second task requires navigating to a target point while pushing an object. our evaluations show the effectiveness of the nie model in both scenarios, where we achieve significant improvements over the methods without the capability of predicting the effect of actions on the surrounding environment. a. heuristic corner detector b. complete list of objects we use 20 objects for the experiments : alarm clock, apple, armchair, box, bread, chair, desk, dining table, dog bed, garbage can, laptop, lettuce, microwave, pillow, pot, side table, sofa, stool, television and tomato. c. maskrcnn results we evaluate our pretrained maskrcnn ( resnet - 50 with fpn ) on our testing scenes with ≈ 2k images. the checkpoint at the 10th epoch achieves 47. 4ap and 64. 3ap 50. fig. 12 shows qualitative results on 20 used objects in one of the testing scenes livingroom227. d. details of the model architecture e. action - conditioned keypoints p a results we evaluate our action - conditioned keypoints p a prediction on the testing set. our model achieves 0. 148 and 0. 114 l1 loss estimation over 8 keypoints on the and ob - jplace, respectively. we found the model"
      },
      {
        "vector_id": 833,
        "score": 0.5302454233169556,
        "text": "all models by success rate ( sr ), final distance to target ( fdt ), and success weighted by path length ( spl ) [ 2 ] for both tasks. sr is the ratio of the number of successful episodes to the total number of episodes, fdt is the average distance between agent / object and the target position as the agent issues end or an episode reaches the maximum number of allowed steps ( 500 ), and the spl is defined as 1 n n n = 1 s n ln max ( pn, ln ), where n is the number of episodes, s n denotes a binary indicator of success in the episode n, p n is the path length, and l n is the shortest path distance in episode n. obsnav. the quantitative results of the obsnav task are shown in table 1. our method outperforms the baselines in all three metrics, which justifies the effect of using the nie model. the performance drops for'nie w / o vo'ablations, which shows that visual information is required to estimate the location of objects. for example, if an object is pushed against a wall, the visual information helps to reason that table 2 : objplace results. we show the result of our method ( referred to as'nie') along with baselines and ablations of our model. we use ↑ and ↓ to denote if larger or smaller values are preferred. we repeat the experiments three times and report the average. the object will not move. it is not feasible to make such predictions just by using the keypoint information alone. our results on'nie w / 1 × l nie'and'nie w / 10 × l nie'show that completely relying on the nie model is not sufficient and we need exploration as well. on the other hand, exploration alone is not sufficient. therefore, a good balance between future prediction and exploration is required. objplace. the results are shown in table 2. as shown, there is a huge difference between the baseline models and our model. we investigated the reason for this huge gap. most of the time the baseline agent pushes other objects as well and eventually blocks the path towards the target. qualitative results. we show qualitative results in fig. 7. the top row shows a successful episode of obsnav, where the agent pushes the garbage can away to unblock the path. the bottom row show an example of the"
      }
    ],
    "What method or approach is proposed? Summarize the core idea and components.": [
      {
        "vector_id": 836,
        "score": 0.4986010789871216,
        "text": "figure 6 : dataset examples. top : five examples in obsnav dataset, where the blue boxes are obstacles and the yellow circle is the target position. bottom : five examples in objplace dataset, where the red boxes are the object that should be displaced and the yellow circle is the target place. figure 7 : 7 figure 7 : qualitative results. top : an example of the obsnav task is shown. the blue box is the obstacle the agent should move away to unblock the path ( the blue marking is just for visualization purposes and not visible to the agent ). the agent's movement is shown by a dashed trajectory in red in the rightmost image. bottom : an example of the objplace task, where the red box is the object that should be displaced and the orange circle is the target location. the object's movement is shown by a trajectory in red color. fig. 9 ( 9 fig. 9 ( a ) shows our heuristic keypoints detector pipeline. more specifically, we first use an object segmentation model to obtain the segmentation m corresponding to object o = garbagecan. then, we apply a heuristic corner detector to detect 8 corner points. note that we use the ground truth segmentation of each object in the training stage, while in the testing stage, we utilize a pretrained maskrcnn ( sec. c ) to obtain the object segmentation. further we present the details of our heuristic corner detector in fig. 9 ( b ), where the 8 corner points are obtained by 8 different criteria and each of the points has to be inside the segmentation m : figure 8 : 8 figure 8 : keypoints examples. examples keypoints obtained by our keypoint detector. figure 9 : 9 figure 9 : keypoint detector details. ( a ) heuristic keypoint detector pipeline. ( b ) heurisitc corner detector. fig. 11 and 11 fig. 11 and fig. 10 summarize the details of the architecture for visual encoder, goal embedding, policy network, and nie model. of target position or target place ) 1 → embedding - 8 ( * objplace only ) ( see nip details'figure ) figure 10 : 10 figure 10 : detailed architecture of the visual encoder, goal embedding, and policy network. 1 → 24 →figure 11 : 12411 figure 11 : detailed architecture of the nie model."
      }
    ],
    "What are the main results or findings? Include numeric results only if present.": [
      {
        "vector_id": 837,
        "score": 0.5196439623832703,
        "text": "target position or target place ) 1 → embedding - 8 ( * objplace only ) ( see nip details'figure ) figure 10 : 10 figure 10 : detailed architecture of the visual encoder, goal embedding, and policy network. 1 → 24 →figure 11 : 12411 figure 11 : detailed architecture of the nie model. table 1 : 1 obsnav results. we show the result of our method ( referred to as'nie') along with baselines and ablations of our model. we use ↑ and ↓ to denote if larger or smaller values are preferred. we repeat the experiments three times and report the average. nie w / o visual observations. to understand if the visual observation i can help the prediction of affine transformation matrices and the action - conditioned keypoints p a, we implement this model by removing the visual input from the nie. therefore, the nie only takes the keypoints in coordinate representation with action indices as well as object categories. we use the same hyperparameters and optimization approach mentioned in sec. 4. 1 to train this model. nie w / 1 × l nie. we decrease α, which is used to balance the l nie and l ppo. this provides us with an insight about the importance of l nie to learn the entire model. nie w / 10 × l nie. in this ablation study, we increase the α, which is used to balance the l nie and l ppo, to 10. this study shows if a large value of α would have a negative impact on the final performance.. 1 0. 605 25. 7 rgb - d - s 62. 8 0. 499 25. 0 rgb - d - k 70. 9 0. 459 25. 8 cpc | a [ 15 ] 73. 8 0. 370 29. 8 nie ( ours ) 80. 0 0. 304 31. 3 ablations : nie w / o vo 72. 7 0. 375 29. 2 nie w / 1 × l nie 74. 1 0. 377 29. 7 nie w / 10 × l nie 78. 2 0. 278 31. 0 https : / / youtu. be / gvti5xcmvpw"
      }
    ],
    "What are the key contributions and significance of this work?": [
      {
        "vector_id": 824,
        "score": 0.5464616417884827,
        "text": "the same object. the nie summarizes both the extracted keypoints and the action - conditioned keypoints into an action - conditioned state feature r a. in this way, the nie provides possible outcomes resulting from each action to the policy network. finally, given a goal representations g, the policy network utilizes both v and r a to generate an action a for the agent. neural interaction engine the nie operates by first extracting object keypoints p ∈ r o× ( n ×3 ), where n denotes the number of keypoints, o denotes the observed objects, and each p ∈ r 3 describes a point in the three dimensional space, and then, based on these keypoints, predicting the action - conditioned keypoints p a ∈ r o× | a | × ( n ×3 ) for each action a in the action space a. the engine captures a summary of possible outcomes for each action and object. these summaries are used by the policy network to sample an action a. as shown in fig. 4, the input to nie includes the observation i, which includes an rgb frame and a depth map, the visual representation v from the visual encoder, the object category embedding, and the action index embedding. the observation is first passed through a maskrcnn [ 16 ] to obtain object segmentations. to extract the keypoints, we heuristically detect 8 corner points in an object segment as the keypoints for this object ( see sec. a for more details ). we used a heuristic approach to find the keypoints, but any other keypoint detection approach ( e. g., [ 20, 33 ] ) could be used instead. further, using the depth map and camera parameters of the agent, we back project the keypoints onto the 3 - dimensional space. to predict the outcome of each action, the nie predicts affine transformation matrices for each object and action, as shown in the affine transformation module in fig. 4. in practice, we first embed the keypoints p into hidden features and concatenate it with the object category embedding as well as the action index embedding. then, we use an mlp to predict the affine transformation matrix m ∈ r o× | a | ×4×4 for all objects o and all actions in the action space a. we translate and rotate the keypoints p according to m to obtain p a. since each m a o ∈ m encodes the"
      },
      {
        "vector_id": 825,
        "score": 0.5444486141204834,
        "text": "##ding as well as the action index embedding. then, we use an mlp to predict the affine transformation matrix m ∈ r o× | a | ×4×4 for all objects o and all actions in the action space a. we translate and rotate the keypoints p according to m to obtain p a. since each m a o ∈ m encodes the information associated with object category and the action the inputs to the neural interaction engine are action indices, object categories, visual representation v from the visual encoder, and visual observation i, which includes an rgb image and a depth map. after encoding each input modality, the engine uses an mlp to predict the affine transformation matrices to translate and rotate keypoints p to p a corresponding to all objects and all actions. then, the engine encodes the average of keypoints into hidden features s as well as s a. finally, the engine utilizes a self - attention layer to summarize the hidden features into a semantic action - conditioned state representation r a. a, the predicted keypoints not only contain semantic meaning, but also carry action - dependent information. to encode keypoints and their corresponding actionconditioned keypoints, we first compute the center ( c and c a ) of both p and p a by averaging the coordinates along each axis ( i. e, c x = 1 n n n = 1 p n x, c y = 1 n n n = 1 p n y, c z = 1 n n n = 1 p n z ). further, we employ a state encoder to encode c and c a into hidden features ( s and s a ), as shown in the encode module in fig. 4. the hidden features s and s a are then concatenated with the object category embedding to construct a semantic action - conditioned state representation r. furthermore, we perform self - attention [ 34 ] on r over the object category axis and an average - pooling layer to obtain the actionconditioned state representation r a, as illustrated in the attention module in fig. 4. the reason for this step is not only to make the action - conditioned representation more compact, but also to directly associate it to each action. integrating nie output into the policy network. we construct a global representation f by concatenating the goal representations g ( e. g., target location encoding for the point navigation task ), visual representation v, and actiondependent state features r a."
      }
    ]
  },
  "rag_prompt": "You are writing an academic abstract using the provided context.\nKeyword: visual_understanding\n\nContext:\n[Chunk 1] this huge gap. most of the time the baseline agent pushes other objects as well and eventually blocks the path towards the target. qualitative results. we show qualitative results in fig. 7. the top row shows a successful episode of obsnav, where the agent pushes the garbage can away to unblock the path. the bottom row show an example of the objplace task, where the agent moves the box toward the goal position. it is interesting to note that the agent goes around the object of interest so it can push it towards the target location. we provide a supplementary video foot _ 0 to show more successful as well as failure cases, and qualitative results of future keypoints prediction conditioned on the actions in sec. e. conclusion we study the problem of predicting the outcome of actions in the context of embodied visual navigation tasks. we propose neural interaction engine ( nie ) to encode the changes to the environment caused by navigation and interaction actions of the agents. we incorporate nie into a policy network and show its effectiveness in two downstream tasks that require long - horizon planning. the goal of the first task is to reach a target point in an environment while the paths to the target are blocked. the second task requires navigating to a target point while pushing an object. our evaluations show the effectiveness of the nie model in both scenarios, where we achieve significant improvements over the methods without the capability of predicting the effect of actions on the surrounding environment. a. heuristic corner detector b. complete list of objects we use 20 objects for the experiments : alarm clock, apple, armchair, box, bread, chair, desk, dining table, dog bed, garbage can, laptop, lettuce, microwave, pillow, pot, side table, sofa, stool, television and tomato. c. maskrcnn results we evaluate our pretrained maskrcnn ( resnet - 50 with fpn ) on our testing scenes with ≈ 2k images. the checkpoint at the 10th epoch achieves 47. 4ap and 64. 3ap 50. fig. 12 shows qualitative results on 20 used objects in one of the testing scenes livingroom227. d. details of the model architecture e. action - conditioned keypoints p a results we evaluate our action - conditioned keypoints p a prediction on the testing set. our model achieves 0. 148 and 0. 114 l1 loss estimation over 8 keypoints on the and ob - jplace, respectively. we found the model\n\n[Chunk 2] all models by success rate ( sr ), final distance to target ( fdt ), and success weighted by path length ( spl ) [ 2 ] for both tasks. sr is the ratio of the number of successful episodes to the total number of episodes, fdt is the average distance between agent / object and the target position as the agent issues end or an episode reaches the maximum number of allowed steps ( 500 ), and the spl is defined as 1 n n n = 1 s n ln max ( pn, ln ), where n is the number of episodes, s n denotes a binary indicator of success in the episode n, p n is the path length, and l n is the shortest path distance in episode n. obsnav. the quantitative results of the obsnav task are shown in table 1. our method outperforms the baselines in all three metrics, which justifies the effect of using the nie model. the performance drops for'nie w / o vo'ablations, which shows that visual information is required to estimate the location of objects. for example, if an object is pushed against a wall, the visual information helps to reason that table 2 : objplace results. we show the result of our method ( referred to as'nie') along with baselines and ablations of our model. we use ↑ and ↓ to denote if larger or smaller values are preferred. we repeat the experiments three times and report the average. the object will not move. it is not feasible to make such predictions just by using the keypoint information alone. our results on'nie w / 1 × l nie'and'nie w / 10 × l nie'show that completely relying on the nie model is not sufficient and we need exploration as well. on the other hand, exploration alone is not sufficient. therefore, a good balance between future prediction and exploration is required. objplace. the results are shown in table 2. as shown, there is a huge difference between the baseline models and our model. we investigated the reason for this huge gap. most of the time the baseline agent pushes other objects as well and eventually blocks the path towards the target. qualitative results. we show qualitative results in fig. 7. the top row shows a successful episode of obsnav, where the agent pushes the garbage can away to unblock the path. the bottom row show an example of the\n\nConstraints: Use only the context. Do not invent datasets, baselines, or numerical results.\nIf results are not stated, describe them generally.\n\nWrite a concise abstract (150-250 words).",
  "rag_output": "This paper addresses the problem of predicting the outcome of actions in embodied visual navigation tasks. A significant gap exists between baseline models and our proposed method, which relies on a Neural Interaction Engine (NIE) to encode the changes to the environment caused by navigation and interaction actions of the agents. We incorporate NIE into a policy network and demonstrate its effectiveness in two downstream tasks: reaching a target point in an environment with blocked paths and navigating to a target point while pushing an object.\nOur evaluations show significant improvements over baseline methods, which often push other objects and block the path towards the target. We provide qualitative results in Fig. 7, showcasing successful episodes of our method in both tasks. Additionally, we investigate the importance of visual information in estimating object locations and the need for a balance between future prediction and exploration.\nWe achieve state-of-the-art results in both tasks, with our method outperforming baseline models in all evaluation metrics. Our study highlights the importance of considering the interactions between agents and their environment in embodied visual navigation tasks, and demonstrates the effectiveness of NIE in predicting the outcome of actions in these tasks.",
  "metrics": {
    "hwt": {
      "llama": {
        "perplexity": 13.172416709211404,
        "burstness": 2.748046875,
        "curvature": 0.1859375000000001
      },
      "gpt2": {
        "perplexity": 24.417803063601138,
        "burstness": 2.904296875,
        "curvature": 0.1792968749999999
      }
    },
    "only_llm": {
      "llama": {
        "perplexity": 3.943506540868399,
        "burstness": 1.931640625,
        "curvature": 0.256103515625
      },
      "gpt2": {
        "perplexity": 9.923660696008076,
        "burstness": 2.119140625,
        "curvature": 0.2630859375000001
      }
    },
    "rag": {
      "llama": {
        "perplexity": 9.053260780008058,
        "burstness": 2.38671875,
        "curvature": 0.1475585937499999
      },
      "gpt2": {
        "perplexity": 17.28103011956753,
        "burstness": 2.630859375,
        "curvature": 0.20048828125000018
      }
    }
  }
}