{
  "paper_id": "2105.04897v1",
  "keyword": "visual_understanding",
  "source_path": "papers/outputs/visual_understanding/2105.04897v1.json",
  "abstract_hwt": "Figure 1: Communication Sequence Visualization showing filtered communication episodes on a vertical timeline. Incoming and outgoing communication intensity is shown as a density distribution. In this case, episodes showing a strong challenge-response pattern are highlighted.",
  "abstract_only_llm": "The advent of digital communication has led to an unprecedented surge in the volume and complexity of data exchanged globally. This phenomenon poses significant challenges in analyzing communication dynamics, as the intricate structures and relationships within the data hinder our ability to derive meaningful insights. To address this challenge, there is a pressing need to develop innovative approaches that facilitate a deeper visual understanding of communication data.\nVisual understanding, in this context, refers to the ability to comprehend and interpret complex data through visual representations, such as graphs, networks, and other data visualization techniques. By leveraging these tools, researchers and practitioners can uncover patterns, trends, and relationships within communication data that may not be apparent through traditional analytical methods. This, in turn, can provide valuable insights into communication dynamics, enabling the development of more effective strategies for information exchange and management.\nThis research aims to explore the role of visual understanding in facilitating a deeper comprehension of communication dynamics. Through a critical examination of existing literature and methodologies, we will investigate the potential of visual representation to uncover new insights and understanding in the field of communication analysis.",
  "abstract_rag": "This research presents a novel approach for visualizing and analyzing conversational dynamics in complex networks. By employing a proprietary communication dataset, we conducted an expert interview to evaluate the effectiveness of our system in identifying relevant conversational dynamics in episodes. The expert praised the selection of non-consecutive, parallel timelines for comparability and dynamic semantic zooming, while also suggesting improvements, such as compressing the visualization to prevent overlooked results.\nOur system utilizes automatic detection of sequences with semantic zoom, filtering, and machine learning models to identify patterns in conversational dynamics. The expert interview demonstrated the system's feasibility in analyzing communication behavior, with potential applications in network exploration, such as examining bank transactions, phone records, or e-mails. However, the expert noted that information overload may occur when scaling the approach to show conversational dynamics between numerous entities.\nThis research contributes to the field of social network analysis by providing a novel visual analytics approach for investigating conversational dynamics. Our method can be extended to encompass more complex domain-dependent concepts, such as message content or sentiment, and can be used to characterize communication behavior in single communication episodes.",
  "only_llm_summary": "Introduction With the digitization of society, especially in our daily communication, global information exchange has never been easier, resulting in mounting collections of communication data. The sheer amount, as well as the intertwined structures it is comprised of, pose challenging problems when trying to analyze communication dynamics.",
  "only_llm_body": "Introduction With the digitization of society, especially in our daily communication, global information exchange has never been easier, resulting in mounting collections of communication data. The sheer amount, as well as the intertwined structures it is comprised of, pose challenging problems when trying to analyze communication dynamics. Questions such as-what are the patterns underlying the communication network or who are key players?-are difficult to answer. They not only require the extraction of simple information from these communication datasets, but also the fine-grained analysis of the communication network structure itself to detect patterns in the bi-directional communication behavior between users. Addressing these questions, a variety of approaches were proposed, mainly, with a focus on social network analysis. Examples include the identification of key people in networks or the automatic detection of community structures [XSL11, XKS13, PBN17] . In the field of automatic text analysis, text content is examined more closely, for example using sentiment analysis [PL08] , topic modeling [EASS * 18], or lexical chaining [GREA15] . However, a problem that has not yet received enough attention is how people communi-cate with each other, i.e., a detailed exploration of the bi-directional interactions within a network. Such analysis allows to draw further conclusions about users' behaviors and relations [EAGA * 16], thus allowing for more precise identification of rol\n\nns the communication of 986 entities over a timespan of 803 days. In total there are 332,334 messages between 24,929 members of the institution. Using communication density, we present a communication sequence visualization that enables identification of regions with low or high communication behavior. This communication sequence visualization also highlights the individual communication episodes. Finally, we introduce an interactive component that allows the user to manually filter the episodes as well as label existing episodes in order to perform a semi-automatic classification of the communication episodes into user-defined classes. In order to look at the conversational dynamics in detail, we need to inspect the temporal patterns of incoming and outgoing messages more closely. To help with this, we have developed a visualization of the communication sequences between entities. To represent this conversational dynamic, we can use the communication density f , defined above. We plot\n\nthe connection between the entities in a social network graph. Following our VA approach the user can also influence this weight by filtering nonrelevant communication episodes. This weighting can than be used to steer community detection algorithms such as SLPAw or as an input for graph layout algorithms to visualize the social network structure. Thus, with previously presented idea to include further domain-specific concepts, such as message content, community detection or layout algorithms could be further steered for answering questions such as whether discussions about relevant topics have taken place between users. ( a ) a Distribution of communications, on the example of outgoing messages. (b) A Gaussian kernel is placed on each communication event.(c) Estimation of the Communication Density using KDE. Figure 2 : 2 Figure 2: Individual communication events are represented as a communication density using KDE. The resulting continuous representation enables a robust detection of communication episodes, as well as, the derivation of features for a classification of such episodes. ( b ) b Application of the trained model to the data. In this example only relevant episodes with high certainty are displayed, while irrelevant episodes are faded out. Figure 3 : 3 Figure3: By providing feedback for some data samples, users train ML models to identify relevant conversational dynamics in episodes. © 2019 The Author(s) Eurographics Proceedings © 2019 The Eurographics Associat",
  "only_llm_prompt": "You are writing an academic abstract.\nKeyword: visual_understanding\nBrief summary (2 sentences): Introduction With the digitization of society, especially in our daily communication, global information exchange has never been easier, resulting in mounting collections of communication data. The sheer amount, as well as the intertwined structures it is comprised of, pose challenging problems when trying to analyze communication dynamics.\nConstraints: Do not invent datasets, baselines, or numerical results.\nIf results are not stated, describe them generally.\n\nWrite a concise abstract (150-250 words).",
  "only_llm_output": "The advent of digital communication has led to an unprecedented surge in the volume and complexity of data exchanged globally. This phenomenon poses significant challenges in analyzing communication dynamics, as the intricate structures and relationships within the data hinder our ability to derive meaningful insights. To address this challenge, there is a pressing need to develop innovative approaches that facilitate a deeper visual understanding of communication data.\nVisual understanding, in this context, refers to the ability to comprehend and interpret complex data through visual representations, such as graphs, networks, and other data visualization techniques. By leveraging these tools, researchers and practitioners can uncover patterns, trends, and relationships within communication data that may not be apparent through traditional analytical methods. This, in turn, can provide valuable insights into communication dynamics, enabling the development of more effective strategies for information exchange and management.\nThis research aims to explore the role of visual understanding in facilitating a deeper comprehension of communication dynamics. Through a critical examination of existing literature and methodologies, we will investigate the potential of visual representation to uncover new insights and understanding in the field of communication analysis.",
  "rag_queries": [
    "What is the main problem or motivation addressed in this paper?",
    "What method or approach is proposed? Summarize the core idea and components.",
    "What experiments or evaluation setup are used (datasets, tasks, metrics)?",
    "What are the main results or findings? Include numeric results only if present.",
    "What are the key contributions and significance of this work?"
  ],
  "rag_chunks": [
    {
      "vector_id": 448,
      "score": 0.5407622456550598,
      "text": "models to identify relevant conversational dynamics in episodes. © 2019 the author ( s ) eurographics proceedings © 2019 the eurographics association.",
      "query": "What is the main problem or motivation addressed in this paper?"
    },
    {
      "vector_id": 446,
      "score": 0.5365990400314331,
      "text": "our approach, we conducted an interview with one domain expert. for this interview, a different, proprietary communication dataset was used, whose characteristics are similar to the dataset presented here. the interview was designed as a combined system evaluation and feedback round. the following paragraph describes not only the key findings and comments by the experts, but also possible areas for improvement : the selection of non - consecutive, parallel timelines for comparability is regarded as useful, as well as the dynamic semantic zooming. some fear was voiced that the default overflow of communication sequences to the right, to reduce the information density, might be misleading and lead to overlooked results. therefore, it was recommended to compress the whole visualization on the screen initially - even when the density would be too high to be practical - and therefore require zooming all the time, but not leaving anything offscreen. the automatic detection of sequences with semantic zoom ( levels of communication ) in combination with fil - tering sequences and applying machine learning models to it is regarded as a very interesting, novel and realistic approach, which is useful to detect and replicate in other timelines or comparing between users. both the manual filtering as well as the example - based machine learning are judged to be relevant, the former for first exploration and the later for comparison and detection. with these tools, the expert were able to semi - automatically find related patterns, which would be impractical manually. in general, the expert interview showed the system works and that the approaches were received with interest and judged to be useful. according to the experts, the system offers many possibilities for different analysis tasks and is well suited for network exploration in the temporal analysis domain. examples include the examination of bank transactions, phone records, or e - mails, where it proves very useful in specific situations, like finding relevant nodes. the main criticism voiced by the expert is the tendency for information overload when scaling the approach to show the conversational dynamics between numerous entities as they might occur in large communication networks, which might result in overlooked communication. discussion and conclusion to demonstrate its feasibility, we applied our framework to parameters relating around communication density and response and have shown how we can visualize and analyze communication behavior with our modeling. this method, however, can be extended to encompass more complex domain - dependent concepts, for instance, message content or sentiment. apart from manual designed features, one can explore the emerging field of automated feature engineering as pioneered by kanter and veeramachaneki [ kv15 ] and katz et al. [",
      "query": "What is the main problem or motivation addressed in this paper?"
    },
    {
      "vector_id": 440,
      "score": 0.5371004939079285,
      "text": "3 : demonstration of how features can be defined and implemented to characterize the communication behavior in single communication episodes to al - low for the visual analysis of those episodes. 4 : a prototype demonstrating the feasibility of this approach as a visual analytics approach for the investigation and analysis of conversational dynamics. related work communication can be seen as social interactions involving numerous entities over time, which leads to large and complex networks. the task of analyzing such large networks is generally referred to as social network analysis, which is described in the standard literature [ sco17 ] and often focuses on using measures like centrality to analyze social ties and communication behavior [ lz15 ]. a general survey of visualization systems for networks is given by shiravi et al. [ ssg12 ]. additionally, since such networks often contain the interactions of millions or billions of entities over time, simplification is necessary, often using community detection algorithms such as slpaw [ xsl11 ] and ccme [ pbn17 ]. an overview of other techniques is shown in the survey of aggarwal and wang [ aw10 ]. approaches that are related to our work and focus on analyzing relations and communications in graph networks include, for example, gestaltmatrix, a matrix - like representation [ bn11 ] ; timematrix, which provides insight about the overall temporal evolution and the activity of nodes over time [ yel10 ] ; timeline edges, which is an integrated approach and tries to leverage unused space in drawing zero - dimensional connectivity information as one - dimensional edges [ rei10 ] ; t - cal, a timeline - based approach that uses distortion to highlight areas with high communication volumes communication behavior modeling for the analysis of the communication behavior, we concentrate primarily on the communications between an entity a and another entity b, for example, persons or communities. the communications between a and b can be considered as the multisets of the edges ( a, b ) and ( b, a ) in a communication graph. different questions are of interest when analyzing the communication behavior between these two entities. for example, is the volume of communication high or low, is the communication discontinued, and is the communication onesided ( i. e., are there more communications from one entity to the other )? to answer such questions for a, b, we can compare the number of incoming messages from b with the number of outgoing messages from a, or vice versa. however, if we look at communications only as individual messages, it may be difficult to answer such questions.",
      "query": "What method or approach is proposed? Summarize the core idea and components."
    },
    {
      "vector_id": 445,
      "score": 0.6223983764648438,
      "text": "communication dynamics. to provide further support, the whole view is interactive and each timeline is reorderable and realignable. to allow for visual analytics of conversational dynamics, we need to be able to classify communication episodes into different classes. however, a priori, there is no predefined set of classes in which to classify the episodes. the desirable classes strongly depend on the domain and the analysis task under consideration. therefore, we present a semi - interactive visual analytics approach where a user can define their own classes by example. a user can define a class and then provide some positive and negative examples as training data by clicking on relevant or irrelevant episodes. classification is done using machine learning based on the defined features, which ideally show identifiable differences that reflect the user selection. in our case, as shown in figure 3, we use a random forest classifier to make this binary match / no match classification with a confidence estimation since it can be trained with very few training samples. this trained classifier can be used to perform the binary classification for all other episodes, representing one model. it is possible to train several models and to combine them to allow for more advanced patterns. theoretically, a completely manual approach can also work here, using rule - based classification. however, this becomes too tedious for more complex conversation classes and combinations of features and is therefore not practical. using the semiautomatic approach, a user can define a class and train an appropriate classifier with only a few interactions. since we use a random forest classifier, we can model the uncertainty for the prediction of each episode. after a user has trained a classifier for a class, we can use this uncertainty measure to additionally filter the episodes. for example, the user can view relevant episodes for a class by choosing only those for which the classifier is very confident. in turn, this also means that we can inspect all episodes for which the classifier is very uncertain about the prediction. these borderline cases are the most promising for re - labeling by the user in order to iteratively optimize the performance of the classifier. expert feedback - to evaluate the usefulness of our approach, we conducted an interview with one domain expert. for this interview, a different, proprietary communication dataset was used, whose characteristics are similar to the dataset presented here. the interview was designed as a combined system evaluation and feedback round. the following paragraph describes not only the key findings and comments by the experts, but also possible areas for improvement : the selection of non",
      "query": "What experiments or evaluation setup are used (datasets, tasks, metrics)?"
    },
    {
      "vector_id": 443,
      "score": 0.5720738768577576,
      "text": "si out and f si in, we can then define features which are suitable for manual filtering and also enable a visual analysis of communication behavior of individual communication episodes. an example of such a feature would be synchronicity, i. e., if both entities are involved in a communication to the same extent at the same time. this would be illustrated by an equal communication density of incoming and outgoing messages in a communication episode. we can calculate this, for example, by determining the integral of the absolute difference between the two communication densities. visual analytics of conversational dynamics in the following section, we want to demonstrate how our technique, in combination with an experimental set of 14 descriptive features, facilitates visual analytics of conversational dynamics. as an example for a real - world dataset, we use email data from a large european research institution [ pbl17 ]. the dataset is provided by the stanford network analysis project and contains the communication of 986 entities over a timespan of 803 days. in total there are 332, 334 messages between 24, 929 members of the institution. using communication density, we present a communication sequence visualization that enables identification of regions with low or high communication behavior. this communication sequence visualization also highlights the individual communication episodes. finally, we introduce an interactive component that allows the user to manually filter the episodes as well as label existing episodes in order to perform a semi - automatic classification of the communication episodes into user - defined classes. in order to look at the conversational dynamics in detail, we need to inspect the temporal patterns of incoming and outgoing messages more closely. to help with this, we have developed a visualization of the communication sequences between entities. to represent this conversational dynamic, we can use the communication density f, defined above. we plot the density of incoming and outgoing communications fin and fout as area charts on different sides of a time axis, as shown in figure 1. for the visualization of the density of incoming and outgoing communications, we have selected the subdued colors lime - green and orange and optimized their contrast ratio. in addition, we can also use the communication densi - ties to segment the communication into individual communication episodes by checking whether the density is above a certain threshold fin + fout > ε. these individual communication episodes are highlighted to make them more distinct, for example with a light blue background. in order to visualize the conversational dynamics amongst multiple users, the individual communication sequences can be arranged side by side. in general, two arrangements are possible : (",
      "query": "What are the key contributions and significance of this work?"
    }
  ],
  "rag_by_query": {
    "What is the main problem or motivation addressed in this paper?": [
      {
        "vector_id": 448,
        "score": 0.5407622456550598,
        "text": "models to identify relevant conversational dynamics in episodes. © 2019 the author ( s ) eurographics proceedings © 2019 the eurographics association."
      },
      {
        "vector_id": 446,
        "score": 0.5365990400314331,
        "text": "our approach, we conducted an interview with one domain expert. for this interview, a different, proprietary communication dataset was used, whose characteristics are similar to the dataset presented here. the interview was designed as a combined system evaluation and feedback round. the following paragraph describes not only the key findings and comments by the experts, but also possible areas for improvement : the selection of non - consecutive, parallel timelines for comparability is regarded as useful, as well as the dynamic semantic zooming. some fear was voiced that the default overflow of communication sequences to the right, to reduce the information density, might be misleading and lead to overlooked results. therefore, it was recommended to compress the whole visualization on the screen initially - even when the density would be too high to be practical - and therefore require zooming all the time, but not leaving anything offscreen. the automatic detection of sequences with semantic zoom ( levels of communication ) in combination with fil - tering sequences and applying machine learning models to it is regarded as a very interesting, novel and realistic approach, which is useful to detect and replicate in other timelines or comparing between users. both the manual filtering as well as the example - based machine learning are judged to be relevant, the former for first exploration and the later for comparison and detection. with these tools, the expert were able to semi - automatically find related patterns, which would be impractical manually. in general, the expert interview showed the system works and that the approaches were received with interest and judged to be useful. according to the experts, the system offers many possibilities for different analysis tasks and is well suited for network exploration in the temporal analysis domain. examples include the examination of bank transactions, phone records, or e - mails, where it proves very useful in specific situations, like finding relevant nodes. the main criticism voiced by the expert is the tendency for information overload when scaling the approach to show the conversational dynamics between numerous entities as they might occur in large communication networks, which might result in overlooked communication. discussion and conclusion to demonstrate its feasibility, we applied our framework to parameters relating around communication density and response and have shown how we can visualize and analyze communication behavior with our modeling. this method, however, can be extended to encompass more complex domain - dependent concepts, for instance, message content or sentiment. apart from manual designed features, one can explore the emerging field of automated feature engineering as pioneered by kanter and veeramachaneki [ kv15 ] and katz et al. ["
      }
    ],
    "What method or approach is proposed? Summarize the core idea and components.": [
      {
        "vector_id": 440,
        "score": 0.5371004939079285,
        "text": "3 : demonstration of how features can be defined and implemented to characterize the communication behavior in single communication episodes to al - low for the visual analysis of those episodes. 4 : a prototype demonstrating the feasibility of this approach as a visual analytics approach for the investigation and analysis of conversational dynamics. related work communication can be seen as social interactions involving numerous entities over time, which leads to large and complex networks. the task of analyzing such large networks is generally referred to as social network analysis, which is described in the standard literature [ sco17 ] and often focuses on using measures like centrality to analyze social ties and communication behavior [ lz15 ]. a general survey of visualization systems for networks is given by shiravi et al. [ ssg12 ]. additionally, since such networks often contain the interactions of millions or billions of entities over time, simplification is necessary, often using community detection algorithms such as slpaw [ xsl11 ] and ccme [ pbn17 ]. an overview of other techniques is shown in the survey of aggarwal and wang [ aw10 ]. approaches that are related to our work and focus on analyzing relations and communications in graph networks include, for example, gestaltmatrix, a matrix - like representation [ bn11 ] ; timematrix, which provides insight about the overall temporal evolution and the activity of nodes over time [ yel10 ] ; timeline edges, which is an integrated approach and tries to leverage unused space in drawing zero - dimensional connectivity information as one - dimensional edges [ rei10 ] ; t - cal, a timeline - based approach that uses distortion to highlight areas with high communication volumes communication behavior modeling for the analysis of the communication behavior, we concentrate primarily on the communications between an entity a and another entity b, for example, persons or communities. the communications between a and b can be considered as the multisets of the edges ( a, b ) and ( b, a ) in a communication graph. different questions are of interest when analyzing the communication behavior between these two entities. for example, is the volume of communication high or low, is the communication discontinued, and is the communication onesided ( i. e., are there more communications from one entity to the other )? to answer such questions for a, b, we can compare the number of incoming messages from b with the number of outgoing messages from a, or vice versa. however, if we look at communications only as individual messages, it may be difficult to answer such questions."
      }
    ],
    "What experiments or evaluation setup are used (datasets, tasks, metrics)?": [
      {
        "vector_id": 445,
        "score": 0.6223983764648438,
        "text": "communication dynamics. to provide further support, the whole view is interactive and each timeline is reorderable and realignable. to allow for visual analytics of conversational dynamics, we need to be able to classify communication episodes into different classes. however, a priori, there is no predefined set of classes in which to classify the episodes. the desirable classes strongly depend on the domain and the analysis task under consideration. therefore, we present a semi - interactive visual analytics approach where a user can define their own classes by example. a user can define a class and then provide some positive and negative examples as training data by clicking on relevant or irrelevant episodes. classification is done using machine learning based on the defined features, which ideally show identifiable differences that reflect the user selection. in our case, as shown in figure 3, we use a random forest classifier to make this binary match / no match classification with a confidence estimation since it can be trained with very few training samples. this trained classifier can be used to perform the binary classification for all other episodes, representing one model. it is possible to train several models and to combine them to allow for more advanced patterns. theoretically, a completely manual approach can also work here, using rule - based classification. however, this becomes too tedious for more complex conversation classes and combinations of features and is therefore not practical. using the semiautomatic approach, a user can define a class and train an appropriate classifier with only a few interactions. since we use a random forest classifier, we can model the uncertainty for the prediction of each episode. after a user has trained a classifier for a class, we can use this uncertainty measure to additionally filter the episodes. for example, the user can view relevant episodes for a class by choosing only those for which the classifier is very confident. in turn, this also means that we can inspect all episodes for which the classifier is very uncertain about the prediction. these borderline cases are the most promising for re - labeling by the user in order to iteratively optimize the performance of the classifier. expert feedback - to evaluate the usefulness of our approach, we conducted an interview with one domain expert. for this interview, a different, proprietary communication dataset was used, whose characteristics are similar to the dataset presented here. the interview was designed as a combined system evaluation and feedback round. the following paragraph describes not only the key findings and comments by the experts, but also possible areas for improvement : the selection of non"
      }
    ],
    "What are the key contributions and significance of this work?": [
      {
        "vector_id": 443,
        "score": 0.5720738768577576,
        "text": "si out and f si in, we can then define features which are suitable for manual filtering and also enable a visual analysis of communication behavior of individual communication episodes. an example of such a feature would be synchronicity, i. e., if both entities are involved in a communication to the same extent at the same time. this would be illustrated by an equal communication density of incoming and outgoing messages in a communication episode. we can calculate this, for example, by determining the integral of the absolute difference between the two communication densities. visual analytics of conversational dynamics in the following section, we want to demonstrate how our technique, in combination with an experimental set of 14 descriptive features, facilitates visual analytics of conversational dynamics. as an example for a real - world dataset, we use email data from a large european research institution [ pbl17 ]. the dataset is provided by the stanford network analysis project and contains the communication of 986 entities over a timespan of 803 days. in total there are 332, 334 messages between 24, 929 members of the institution. using communication density, we present a communication sequence visualization that enables identification of regions with low or high communication behavior. this communication sequence visualization also highlights the individual communication episodes. finally, we introduce an interactive component that allows the user to manually filter the episodes as well as label existing episodes in order to perform a semi - automatic classification of the communication episodes into user - defined classes. in order to look at the conversational dynamics in detail, we need to inspect the temporal patterns of incoming and outgoing messages more closely. to help with this, we have developed a visualization of the communication sequences between entities. to represent this conversational dynamic, we can use the communication density f, defined above. we plot the density of incoming and outgoing communications fin and fout as area charts on different sides of a time axis, as shown in figure 1. for the visualization of the density of incoming and outgoing communications, we have selected the subdued colors lime - green and orange and optimized their contrast ratio. in addition, we can also use the communication densi - ties to segment the communication into individual communication episodes by checking whether the density is above a certain threshold fin + fout > ε. these individual communication episodes are highlighted to make them more distinct, for example with a light blue background. in order to visualize the conversational dynamics amongst multiple users, the individual communication sequences can be arranged side by side. in general, two arrangements are possible : ("
      }
    ]
  },
  "rag_prompt": "You are writing an academic abstract using the provided context.\nKeyword: visual_understanding\n\nContext:\n[Chunk 1] models to identify relevant conversational dynamics in episodes. © 2019 the author ( s ) eurographics proceedings © 2019 the eurographics association.\n\n[Chunk 2] our approach, we conducted an interview with one domain expert. for this interview, a different, proprietary communication dataset was used, whose characteristics are similar to the dataset presented here. the interview was designed as a combined system evaluation and feedback round. the following paragraph describes not only the key findings and comments by the experts, but also possible areas for improvement : the selection of non - consecutive, parallel timelines for comparability is regarded as useful, as well as the dynamic semantic zooming. some fear was voiced that the default overflow of communication sequences to the right, to reduce the information density, might be misleading and lead to overlooked results. therefore, it was recommended to compress the whole visualization on the screen initially - even when the density would be too high to be practical - and therefore require zooming all the time, but not leaving anything offscreen. the automatic detection of sequences with semantic zoom ( levels of communication ) in combination with fil - tering sequences and applying machine learning models to it is regarded as a very interesting, novel and realistic approach, which is useful to detect and replicate in other timelines or comparing between users. both the manual filtering as well as the example - based machine learning are judged to be relevant, the former for first exploration and the later for comparison and detection. with these tools, the expert were able to semi - automatically find related patterns, which would be impractical manually. in general, the expert interview showed the system works and that the approaches were received with interest and judged to be useful. according to the experts, the system offers many possibilities for different analysis tasks and is well suited for network exploration in the temporal analysis domain. examples include the examination of bank transactions, phone records, or e - mails, where it proves very useful in specific situations, like finding relevant nodes. the main criticism voiced by the expert is the tendency for information overload when scaling the approach to show the conversational dynamics between numerous entities as they might occur in large communication networks, which might result in overlooked communication. discussion and conclusion to demonstrate its feasibility, we applied our framework to parameters relating around communication density and response and have shown how we can visualize and analyze communication behavior with our modeling. this method, however, can be extended to encompass more complex domain - dependent concepts, for instance, message content or sentiment. apart from manual designed features, one can explore the emerging field of automated feature engineering as pioneered by kanter and veeramachaneki [ kv15 ] and katz et al. [\n\n[Chunk 3] 3 : demonstration of how features can be defined and implemented to characterize the communication behavior in single communication episodes to al - low for the visual analysis of those episodes. 4 : a prototype demonstrating the feasibility of this approach as a visual analytics approach for the investigation and analysis of conversational dynamics. related work communication can be seen as social interactions involving numerous entities over time, which leads to large and complex networks. the task of analyzing such large networks is generally referred to as social network analysis, which is described in the standard literature [ sco17 ] and often focuses on using measures like centrality to analyze social ties and communication behavior [ lz15 ]. a general survey of visualization systems for networks is given by shiravi et al. [ ssg12 ]. additionally, since such networks often contain the interactions of millions or billions of entities over time, simplification is necessary, often using community detection algorithms such as slpaw [ xsl11 ] and ccme [ pbn17 ]. an overview of other techniques is shown in the survey of aggarwal and wang [ aw10 ]. approaches that are related to our work and focus on analyzing relations and communications in graph networks include, for example, gestaltmatrix, a matrix - like representation [ bn11 ] ; timematrix, which provides insight about the overall temporal evolution and the activity of nodes over time [ yel10 ] ; timeline edges, which is an integrated approach and tries to leverage unused space in drawing zero - dimensional connectivity information as one - dimensional edges [ rei10 ] ; t - cal, a timeline - based approach that uses distortion to highlight areas with high communication volumes communication behavior modeling for the analysis of the communication behavior, we concentrate primarily on the communications between an entity a and another entity b, for example, persons or communities. the communications between a and b can be considered as the multisets of the edges ( a, b ) and ( b, a ) in a communication graph. different questions are of interest when analyzing the communication behavior between these two entities. for example, is the volume of communication high or low, is the communication discontinued, and is the communication onesided ( i. e., are there more communications from one entity to the other )? to answer such questions for a, b, we can compare the number of incoming messages from b with the number of outgoing messages from a, or vice versa. however, if we look at communications only as individual messages, it may be difficult to answer such questions.\n\nConstraints: Use only the context. Do not invent datasets, baselines, or numerical results.\nIf results are not stated, describe them generally.\n\nWrite a concise abstract (150-250 words).",
  "rag_output": "This research presents a novel approach for visualizing and analyzing conversational dynamics in complex networks. By employing a proprietary communication dataset, we conducted an expert interview to evaluate the effectiveness of our system in identifying relevant conversational dynamics in episodes. The expert praised the selection of non-consecutive, parallel timelines for comparability and dynamic semantic zooming, while also suggesting improvements, such as compressing the visualization to prevent overlooked results.\nOur system utilizes automatic detection of sequences with semantic zoom, filtering, and machine learning models to identify patterns in conversational dynamics. The expert interview demonstrated the system's feasibility in analyzing communication behavior, with potential applications in network exploration, such as examining bank transactions, phone records, or e-mails. However, the expert noted that information overload may occur when scaling the approach to show conversational dynamics between numerous entities.\nThis research contributes to the field of social network analysis by providing a novel visual analytics approach for investigating conversational dynamics. Our method can be extended to encompass more complex domain-dependent concepts, such as message content or sentiment, and can be used to characterize communication behavior in single communication episodes.",
  "metrics": {
    "hwt": {
      "llama": {
        "perplexity": 56.11166650505244,
        "burstness": 3.529296875,
        "curvature": -0.016503906249999645
      },
      "gpt2": {
        "perplexity": 61.38635013907805,
        "burstness": 3.267578125,
        "curvature": -0.08994140625000036
      }
    },
    "only_llm": {
      "llama": {
        "perplexity": 3.7961385347096464,
        "burstness": 1.7763671875,
        "curvature": 0.2989257812499999
      },
      "gpt2": {
        "perplexity": 8.912902981198737,
        "burstness": 1.908203125,
        "curvature": 0.3040039062500002
      }
    },
    "rag": {
      "llama": {
        "perplexity": 17.14654807625046,
        "burstness": 2.802734375,
        "curvature": 0.12812499999999982
      },
      "gpt2": {
        "perplexity": 29.053548433146837,
        "burstness": 2.8828125,
        "curvature": 0.1444335937500001
      }
    }
  }
}