{
  "paper_id": "2106.12447v3",
  "keyword": "visual_understanding",
  "source_path": "papers/outputs/visual_understanding/2106.12447v3.json",
  "abstract_hwt": "A precise understanding of why units in an artificial network respond to certain stimuli would constitute a big step towards explainable artificial intelligence. One widely used approach towards this goal is to visualize unit responses via activation maximization. These synthetic feature visualizations are purported to provide humans with precise information about the image features that cause a unit to be activated -an advantage over other alternatives like strongly activating natural dataset samples. If humans indeed gain causal insight from visualizations, this should enable them to predict the effect of an intervention, such as how occluding a certain patch of the image (say, a dog's head) changes a unit's activation. Here, we test this hypothesis by asking humans to decide which of two square occlusions causes a larger change to a unit's activation. Both a large-scale crowdsourced experiment and measurements with experts show that on average the extremely activating feature visualizations by Olah et al. [40] indeed help humans on this task (68 ± 4 % accuracy; baseline performance without any visualizations is 60 ± 3 %). However, they do not provide any substantial advantage over other visualizations (such as e.g. dataset samples), which yield similar performance (66±3 % to 67±3 % accuracy). Taken together, we propose an objective psychophysical task to quantify the benefit of unit-level interpretability methods for humans, and find no evidence that a widely-used feature visualization method provides humans with better \"causal understanding\" of unit activations than simple alternative visualizations. 35th Conference on Neural Information Processing Systems (NeurIPS 2021).",
  "abstract_only_llm": "The growing reliance on deep convolutional neural networks (CNNs) in various applications has led to concerns about their lack of transparency and interpretability. This opacity hinders trust in their decision-making processes and makes it challenging to deploy these models in high-stakes environments. To address this issue, researchers have been working towards enhancing the visual understanding of CNNs, allowing users to comprehend how these models process and represent visual information.\nThis study contributes to the ongoing efforts by investigating the relationship between CNN's visual understanding and its performance. By analyzing the internal representations of CNNs, we aim to identify key factors that influence their ability to generalize and make accurate predictions. Our research explores the use of visualization techniques and interpretability methods to provide insights into the internal workings of CNNs. By shedding light on the information processing mechanisms of these models, we hope to improve their trustworthiness and facilitate their deployment in real-world applications. Ultimately, our findings have the potential to advance the field of machine learning and enable the development of more transparent and reliable deep learning models.",
  "abstract_rag": "This study investigates the feasibility of collecting high-quality data on visual understanding tasks using a crowdsourcing platform, specifically Amazon Mechanical Turk (MTurk). We replicated a previous human psychophysical experiment on feature visualizations, originally conducted in a well-controlled lab environment, on MTurk. The experiment aimed to determine whether natural reference images are more informative than synthetic ones when choosing which of two images is more highly activating for a given unit.\nWe designed an online experiment with a between-participants factor, where participants were randomly assigned to either a natural or synthetic reference condition. The experiment consisted of instruction, practice, and main trials, with feedback provided during practice trials but not in the main trials. To ensure high-quality data, we implemented hidden checks, including performance thresholds on practice and catch trials, minimum image choice variability, and minimum time spent on the instructions and the experiment.\nOur results replicate the main finding of the original study, indicating that natural reference images are more informative than synthetic ones.",
  "only_llm_summary": "Introduction It is hard to trust a black-box algorithm, and it is hard to deploy an algorithm if one does not trust its output. Many of today's best-performing machine learning models, deep convolutional neural networks (CNNs), are also among the most mysterious ones with regards to their internal information processing.",
  "only_llm_body": "Introduction It is hard to trust a black-box algorithm, and it is hard to deploy an algorithm if one does not trust its output. Many of today's best-performing machine learning models, deep convolutional neural networks (CNNs), are also among the most mysterious ones with regards to their internal information processing. CNNs typically consist of dozens of layers with hundreds or thousands of units that distributively process and aggregate information until they reach their final decision at the topmost layer. Shedding light onto the inner workings of deep convolutional neural networks has been a long-standing quest that has so far produced more questions than answers. One of the most popular tools for explaining the behavior of individual network units is to visualize unit responses via activation maximization [16, 33, 38, 35, 39, 36, 54, 15] . The idea is to start with an image (typically random noise) and iteratively change pixel values to maximize the activation of a particular network unit via gradient ascent. The resulting synthetic images, called feature visualizations, often show interpretable structures, and are believed to isolate and highlight exactly those features that \"cause\" a unit's response [40, 50] . Some of the synthetic feature visualizations appear quite intuitive and precise. As shown in Fig. 1A , they might facilitate distinguishing whether, for example, a unit responds to just an eye or a whole dog's face. However, other aspects cast a more critical li\n\nne dot per combination of layers, branch and image set. For an alternative visualization see Appx. Fig. 16 . baseline condition where humans are not shown any visualization at all, and similar to that of other visualization methods such as simple dataset samples. Further, by-trial decisions show systematic but fairly low agreement between participants. Finally, task performance depends on the unit choice, image selections and activation differences between query images. These results add quantitative evidence against the generally-assumed usefulness of feature visualizations for understanding the causes of CNN unit activations. Our counterfactual-inspired task is the first quantitative evaluation of whether feature visualizations support causal understanding of unit activations, but it is certainly not the only possible way to evaluate causal understanding. For example, our interventions are constrained to occlusions of a fixed size and shape, imposing an upper limit on the precision w\n\nl 783 very easy catch mixed4c pool 484 very easy mixed5a 3 × 3 557 very easy mixed4e 1 × 1 6 very easy mixed4a pool 505 very easy mixed4e pool 809 very easy mixed4c pool 449 easy practice mixed4b mixed4c pool 1 × 1 465 59 easy easy mixed4e 1 × 1 83 easy mixed3a 1 × 1 43 easy mixed3b pool 472 easy mixed4b 1 × 1 5 easy Python 3.6. Code and data are available at github.com/brendel-group/causal-understanding-via-visualizations. Other papers might refer to a channel as a \"feature map\", e.g. [5] . To reduce compute requirements, we use a random subset of the training set (≈ 50%). (18 main + 3 catch trials)×50 MTurk participants ×5 conditions + (18 main + 3 catch trials)×20 expert measurements ×5 conditions. Only the Object Baseline has an error bar because in trials with, e.g. no clear primary object, we replace decisions by random binomial choices. The reported values are the estimated expectation value and standard deviation. There is no data for the Object Baseline because about one third of the trials do not have a clear answer from the three author responses. For more details, see Appx. A.1.3. From a different perspective, this result can be seen as a confirmation that the CNN learned to look at the \"important\" part of the image for downstream classification. https://pixnio.com/fauna-animals/dogs/dog-water-bird-swan-lake-waterfowl-animal-swimming released into public domain under CC0 license by Bicanski. https://www.mturk.com/participation-agreement, accessed on May 22nd, ",
  "only_llm_prompt": "You are writing an academic abstract.\nKeyword: visual_understanding\nBrief summary (2 sentences): Introduction It is hard to trust a black-box algorithm, and it is hard to deploy an algorithm if one does not trust its output. Many of today's best-performing machine learning models, deep convolutional neural networks (CNNs), are also among the most mysterious ones with regards to their internal information processing.\nConstraints: Do not invent datasets, baselines, or numerical results.\nIf results are not stated, describe them generally.\n\nWrite a concise abstract (150-250 words).",
  "only_llm_output": "The growing reliance on deep convolutional neural networks (CNNs) in various applications has led to concerns about their lack of transparency and interpretability. This opacity hinders trust in their decision-making processes and makes it challenging to deploy these models in high-stakes environments. To address this issue, researchers have been working towards enhancing the visual understanding of CNNs, allowing users to comprehend how these models process and represent visual information.\nThis study contributes to the ongoing efforts by investigating the relationship between CNN's visual understanding and its performance. By analyzing the internal representations of CNNs, we aim to identify key factors that influence their ability to generalize and make accurate predictions. Our research explores the use of visualization techniques and interpretability methods to provide insights into the internal workings of CNNs. By shedding light on the information processing mechanisms of these models, we hope to improve their trustworthiness and facilitate their deployment in real-world applications. Ultimately, our findings have the potential to advance the field of machine learning and enable the development of more transparent and reliable deep learning models.",
  "rag_queries": [
    "What is the main problem or motivation addressed in this paper?",
    "What method or approach is proposed? Summarize the core idea and components.",
    "What experiments or evaluation setup are used (datasets, tasks, metrics)?",
    "What are the main results or findings? Include numeric results only if present.",
    "What are the key contributions and significance of this work?"
  ],
  "rag_chunks": [
    {
      "vector_id": 776,
      "score": 0.5806390643119812,
      "text": "further, we provide an email address, which some mturk participants used to share feedback. image set 1 4 7 10 image set 1 4 7 10 image set 1 4 7 10 image set 1 4 7 10 image set 1 4 7 10 image set figure 17 : ( a ) number of times a hit is posted. to limit the financial risk, we limit the maximal number of times that a hit can be posted at 3. ( b - g ) distributions of mturk participants that passed / failed the exclusion criteria in the counterfactual - inspired experiment on mturk. note that the sum of the counts of responses for the individual exclusion criteria in c - f is higher than the summary in b because a participant may have failed more than one exclusion criterion. a. 3 replication of the main result of borowski et al. [ 5 ] to check whether collecting data on a crowdsourcing platform yields sensible data in our case, we first test whether we can replicate the main finding of our previous human psychophysical experiment on feature visualizations [ 5 ]. in the latter, we found in a well - controlled lab environment that natural reference images are more informative than synthetic ones when choosing which of two different images are more highly activating for a given unit. below, we report how we alter the experimental set - up to turn the lab experiment into an online experiment on mturk and what results we find. a. 3. 1 experimental set - up while keeping as many aspects as possible consistent with our original study [ 5 ], we make a few changes : ( 1 ) we run an online crowdsourced experiment on mturk, instead of in a lab. ( 2 ) instead of testing 45 units used in the original experiment i, we only test one single branch of each inception module, namely the 3 × 3 kernel size. this is a reasonable decision given that the main finding of the superiority of natural over synthetic images was present in all branches and that there was no significant difference per condition between different branches. ( 3 ) we exchange the within - participant design for a between - participant design, i. e. one mturk participant does one condition only, namely either the natural or synthetic reference condition. this version is more suitable for short online experiments. ( 4 ) instead of testing 10 participants in the lab, we test 130 mturk participants per condition, i. e. 260 in total. this number of participants is estimated with an a priori power analysis using the simr package [ 23",
      "query": "What is the main problem or motivation addressed in this paper?"
    },
    {
      "vector_id": 762,
      "score": 0.5803992748260498,
      "text": "main block. the instructions extensively explain a hand - crafted example trial ( see appx. fig. 9 and 10 ). the blocks of 4 practice trials each - which are randomly sampled from a pool of 10 trials - have to be repeated until reaching 100 % performance ; except in the none condition, as there is no obvious ground truth due to the absence of reference images. finally, 18 main trials follow that are randomly interleaved with a total of 3 obvious catch trials. while feedback is provided during practice trials, no feedback is provided in the other trials. at the end, participants can share comments via an optional free - text field. across all conditions, all participants see the same query images for the instruction, practice and catch trials. in contrast, the query images differ across participants in the main trials : in each reference image condition, we test 10 different sets of query images, each responded to by 5 different mturk participants, hence 50 hits per condition. the order of the main and catch trials per participant is randomly arranged, and identical across conditions. each mturk participant takes part in only one reference image condition ( i. e. reference images are a between - participants factor ). for more details, see appx. sec. a. 1. 4. ensuring high - quality data in an online experiment to ensure that the data we collect in our online experiment is of high quality, we take two measures : ( 1 ) we integrate hidden checks which were set before data collection. only if a participant passes all five of them do we include his / her data in our analysis. first, these exclusion criteria comprise a performance threshold on the practice trials as well as a maximum number of blocks a participant may attempt. further, they include a performance threshold for catch trials, a minimum image choice variability as well as a minimum time spent on both the instructions and the whole experiment. for more details, see appx. sec. a. 1. 1. ( 2 ) our previous human evaluation study in a well - controlled lab environment found that natural reference images are more informative than synthetic feature visualizations when choosing which of two different images is more highly activating for a given unit [ 5 ]. we replicate this main finding on mturk based on a subset of the originally tested units ( see appx. a. 3 ) which indicates that the experiment's environment does not influence this task's outcome. our decision to leverage a crowdsourcing platform is further corroborated by our result in borowski et",
      "query": "What is the main problem or motivation addressed in this paper?"
    },
    {
      "vector_id": 759,
      "score": 0.5191121101379395,
      "text": "examples, counterfactual explanation methods have been developed for vision - [ 22 ] and languagebased [ 62 ] models as well as for model - agnostic scenarios [ 51 ]. further, they are set into context of the eu general data protection regulation [ 60 ]. ustun et al. [ 56 ] investigate feasible and least - cost counterfactuals, while mahajan et al. [ 32 ] and karimi et al. [ 25 ] take feature interactions into account. to evaluate - rather than create - explanation methods, researchers often follow the \" counterfactual simulation \" task introduced by doshi - velez and kim [ 14 ] : humans are given an input, an output, and an explanation and are then asked \" what must be changed to change the method's [ model's ] prediction to a desired output? \" doshi - velez and kim [ 14 ]. based on this task, lucic et al. [ 30 ] test their new explanation method and hase and bansal [ 24 ] compare different explanation methods to each other. in this project, we design a counterfactual - inspired task to evaluate how well feature visualizations support causal understanding of cnn activations. this is the first study to apply such a paradigm to understanding the causes of individual units'activations. in order to scale the experiments, we simplify our task by having participants choose between two intervention options, rather than having them freely determine interventions themselves. methods we run an extensive psychophysical experiment with more than 12, 000 trials distributed over 323 crowdsourced participants on amazon mechanical turk ( mturk ) and two experts ( the two first authors ). 1 for more details than provided below, please see appx. sec. a. 1. design principles overall, our experimental design choices aim at ( 1 ) the best performance possible, meaning that we select images that make the signal as clear as possible ; ( 2 ) generality over the network, meaning that we randomly sample units of different layers and branches ( testing all units would be too costly ) ; and ( 3 ) easy extendability, meaning that we choose a between - participant design ( each participant sees only one reference image condition ) so that other visualizations methods can be added to the comparisons in the future. psychophysical task if feature visualizations indeed support causal understanding of cnn activations, this should enable humans to predict the effect of an intervention, such as how occluding an image region changes a unit's activation. based",
      "query": "What method or approach is proposed? Summarize the core idea and components."
    },
    {
      "vector_id": 770,
      "score": 0.6962840557098389,
      "text": "##s the importance of testing falsifiable hypotheses in the field of interpretable artificial intelligence [ 27 ]. with increasing societal applications of machine learning, the importance of feature visualizations and interpretable machine learning methods is likely to continue to increase. therefore, it is important to develop an understanding of what we can - and cannot - expect from explainability methods. we think that human benchmarks, like the one presented in this study, help to expose a precise notion of interpretability that is quantitatively measurable and comparable to competing methods or baselines. the paradigm we developed in this work can be easily adapted to account for other notions of causality and, more generally, interpretability as well. for the future, we hope that our task will serve as a challenging test case to steer further development of feature visualizations. a appendix a. 1 details on methods of counterfactual - inspired experiment we closely follow our previous work [ 5 ] and hence often refer to specific sections of it in this appendix. a. 1. 1 data collection exclusion criteria in order to acquire data of high quality from mturk, we integrate five exclusion criteria. if one or more of these criteria is not met, we post the same hit again : • maximal number of attempts to reach 100 % performance in practice trials : 5 • performance threshold for catch trials : two out of three trials have to be correctly answered • answer variability : at least one trial must be chosen from the less frequently selected side ( to discard participants who only responded with \" left \" or \" right \" ) • time to read the instructions : at least 20 s ( 15 s in the none condition ) • time for the whole experiment : at least 90 s and at most 900 s ( at least 40 s, and at most 900 s in the none condition ) minimize biases to minimize a bias to either query image, the location of the truly maximally activating query image is randomized and participants have to center their mouse cursor by pressing a centered button \" continue \" after each trial. expert measurements the two first authors complete all 10 image sets in multiple conditions : at first, they label the query images for the primary object baseline. then they answer the none, synthetic or natural ( counterbalanced between the two authors ), mixed, and blur condition. clicking through the trials several times means that they see identical images repeatedly. a. 1. 2 stimulus generation model in line with previous work ( e. g. borowski et al. [ 5 ]",
      "query": "What experiments or evaluation setup are used (datasets, tasks, metrics)?"
    },
    {
      "vector_id": 782,
      "score": 0.5936696529388428,
      "text": ". excluded data, ¬ ( 0 < number of trials < 21 ) ( e ) row variability from excluded data. 90s < time < 900s ( g ) total response time from included data. excluded data, ¬ ( 90s < time < 900s ) ( h ) total response time from excluded data. figure 21 : 21 figure 21 : distributions of the individual values controlled by the exclusion criteria in the replication experiment on mturk. figuresa - c and g ( d - f and h ) show the data for the included ( excluded ) data. table 1 : 1 units used as main trials in the 3×3 as well as the pool branch in the counterfactual - inspired experiment. the numbers in brackets after each layer's name correspond to the numbering used in all our plots. unit layer 3 × 3 pool mixed3a ( 1 ) 189 227 mixed3b ( 2 ) 178 430 mixed4a ( 3 ) 257 486 mixed4b ( 4 ) 339 491 mixed4c ( 5 ) 247 496 mixed4d ( 6 ) 342 483 mixed4e ( 7 ) 524 816 mixed5a ( 8 ) 278 743 mixed5b ( 9 ) 684 1007 table 2 : 2 hand - picked unit choices for instruction, catch and practice trials in the counterfactualinspired experiment. the generation of the stimuli shown in the experiment was completed in approximately 35 hours on a single geforce gtx 1080 gpu. the calculation of all baselines required 8 additional gpu hours. trial type layer branch unit difficulty level instruction mixed5a pool 720 very easy mixed4e pool 783 very easy catch mixed4c pool 484 very easy mixed5a 3 × 3 557 very easy mixed4e 1 × 1 6 very easy mixed4a pool 505 very easy mixed4e pool 809 very easy mixed4c pool 449 easy practice mixed4b mixed4c pool 1 × 1 465 59 easy easy mixed4e 1 × 1 83 easy mixed3a 1 × 1 43 easy mixed3b pool 472 easy mixed4b 1 × 1 5 easy python 3. 6. code and data are available at github. com / brendel - group / causal - understanding - via - visualizations. other papers might refer to a channel as a \" feature map \", e. g. [ 5 ]. to reduce compute requirements, we use a random subset of the training set ( ≈ 50 % ). ( 18 main",
      "query": "What are the main results or findings? Include numeric results only if present."
    },
    {
      "vector_id": 781,
      "score": 0.5847417712211609,
      "text": "figure 16 : accuracy in the counterfactual - inspired experiment as a function of the relative activation difference between the two query images for the ( a ) 3 × 3 branch and the ( b ) pool branch. here, the data points shown in fig. 7 are summarized in 5 bins of equal counts ; the plot shows the mean and standard deviation for each of the bins. exclusion criterion : catch trials. exclusion criterion : total response time. exclusion criterion : practice block. ratio > 0. 66 ( d ) catch trials from excluded data. excluded data, ¬ ( 90s < time < 900s ) ( h ) total response time from excluded data. w / x attempts to pass the practice trials histogram over practice block attempts ( i ) practice block attempts : we include data from people who needed 5 or fewer attempts. figure 18 : 18 figure 18 : distributions of the individual values controlled by the exclusion criteria in the counterfactual - inspired experiment on mturk. for the first four criteria, a - c and g ( d - f and h ) show the data for the included ( excluded ) data. the final criterion in i shows a joint distribution. confidence ratings on incorrectly answered trials. reaction time on all trials. figure 19 : 19 figure 19 : results of the replication experiment of borowski et al. [ 5 ] on mturk for kernel size × 3 : task performance ( a ), distribution of confidence ratings ( b - d ) and reaction times ( e - g ). number of times a hit is posted. exclusion criterion : total response time. figure 20 : 20 figure 20 : ( a ) number of times a hit is posted. ( b - f ) distributions of mturk participants that passed / failed the exclusion criteria in the replication experiment on mturk. note that the sum of the counts of responses for the individual exclusion criteria in c - f is higher than the summary in b because a participant may have failed more than one exclusion criterion. 0 < number of trials < 21 ( b ) row variability from included data. excluded data, ratio > 0. 66 ( d ) catch trials from excluded data. excluded data, ¬ ( 0 < number of trials < 21 ) ( e ) row variability from excluded data. 90s < time < 900s ( g ) total response time from included data. excluded data, ¬ ( 90s < time < 900s ) ( h ) total response time from excluded data. figure 21 : 21 figure 21 : distributions of the individual values controlled by the",
      "query": "What are the main results or findings? Include numeric results only if present."
    },
    {
      "vector_id": 769,
      "score": 0.5830469131469727,
      "text": "to a quantitative test. our data provides no evidence that humans can predict the effect of an image intervention ( occlusion ) particularly well when supported with feature visualizations. instead, human performance is only moderately above a this effect is stronger for the pool branch ( b ) than for the 3 × 3 branch ( a ) as quantified by spearman's rank correlations ( c ). stars signal significance ( p <. 05 ). note that each dot in a and b represents the participant - averages, i. e. there is one dot per combination of layers, branch and image set. for an alternative visualization see appx. fig. 16. baseline condition where humans are not shown any visualization at all, and similar to that of other visualization methods such as simple dataset samples. further, by - trial decisions show systematic but fairly low agreement between participants. finally, task performance depends on the unit choice, image selections and activation differences between query images. these results add quantitative evidence against the generally - assumed usefulness of feature visualizations for understanding the causes of cnn unit activations. our counterfactual - inspired task is the first quantitative evaluation of whether feature visualizations support causal understanding of unit activations, but it is certainly not the only possible way to evaluate causal understanding. for example, our interventions are constrained to occlusions of a fixed size and shape, imposing an upper limit on the precision with which the occlusions can cover the part of the image that is most responsible for driving a unit's activation. future work could explore more complex intervention techniques, extend our study to more units of inceptionv1 as well as to different networks, and investigate additional visualization methods. thanks to the between - participant design, new conditions can be added to the data without the requirement to re - run already collected trials. taken together, the empirical results of our quantitative evaluation method indicate that the widely used visualization method by olah et al. [ 40 ] does not provide causal understanding of cnn activations beyond what can be obtained from much simpler baselines. this finding is contrary to wide - spread community intuition and reinforces the importance of testing falsifiable hypotheses in the field of interpretable artificial intelligence [ 27 ]. with increasing societal applications of machine learning, the importance of feature visualizations and interpretable machine learning methods is likely to continue to increase. therefore, it is important to develop an understanding of what we can - and cannot - expect from explainability methods. we",
      "query": "What are the key contributions and significance of this work?"
    },
    {
      "vector_id": 779,
      "score": 0.5775583982467651,
      "text": "such as natural references. figure 2 : 2 figure 2 : schematic visualization of an example trial in our psychophysical experiment. for a certain network unit, participants are shown several maximally activating images. while the ones on the left serve as reference images, the ones on the right serve as query images : the top one is a natural maximally activating image and the bottom ones are copies of said image with square occlusions at different locations. the task is to select the image that activates the given network unit more strongly. participants answer by clicking on the number below the corresponding image according to the their confidence level ( 1 : not confident, 2 : somewhat confident, 3 : very confident ). correct answer : right image. figure 3 : 3 figure3 : a : task accuracy. on average, humans reach the same performance regime with any visualization method. this holds for both lay participants on mturk ( darker colors ) as well as experts ( brighter colors ). b : reaction times. mturk participants need several seconds to answer a trial, indicating that they carefully make their decision. for more details see appx. fig. 13. 4. 1. 2 12 simple baselines can reach the same above - chance performance regime figure 4 : 4 figure 4 : a : baseline performances. simple baselines can reach above chance level. 5 b, c : decision consistency. the mean and two standard errors of the mean of cohen's kappa averaged over participants and image sets quantifies the pairwise consistency of decision patterns. 6 while they vary across participants, they are higher between conditions with natural references and highest between the saliency baseline and other conditions. for more details, see appx. fig 15. figure 4 : a : baseline performances. simple baselines can reach above chance level. 5 b, c : decision consistency. the mean and two standard errors of the mean of cohen's kappa averaged over participants and image sets quantifies the pairwise consistency of decision patterns. 6 while they vary across participants, they are higher between conditions with natural references and highest between the saliency baseline and other conditions. for more details, see appx. fig 15. figure 5 : figure 6 : 56 figure5 : while for some units predicting the effect of an intervention is relatively easy, for most units performance is close to or just above chance. a and b show the performance per unit in the main trials separated by branch ( 3 × 3 and pool respectively ) and layer. c shows the",
      "query": "What are the key contributions and significance of this work?"
    }
  ],
  "rag_by_query": {
    "What is the main problem or motivation addressed in this paper?": [
      {
        "vector_id": 776,
        "score": 0.5806390643119812,
        "text": "further, we provide an email address, which some mturk participants used to share feedback. image set 1 4 7 10 image set 1 4 7 10 image set 1 4 7 10 image set 1 4 7 10 image set 1 4 7 10 image set figure 17 : ( a ) number of times a hit is posted. to limit the financial risk, we limit the maximal number of times that a hit can be posted at 3. ( b - g ) distributions of mturk participants that passed / failed the exclusion criteria in the counterfactual - inspired experiment on mturk. note that the sum of the counts of responses for the individual exclusion criteria in c - f is higher than the summary in b because a participant may have failed more than one exclusion criterion. a. 3 replication of the main result of borowski et al. [ 5 ] to check whether collecting data on a crowdsourcing platform yields sensible data in our case, we first test whether we can replicate the main finding of our previous human psychophysical experiment on feature visualizations [ 5 ]. in the latter, we found in a well - controlled lab environment that natural reference images are more informative than synthetic ones when choosing which of two different images are more highly activating for a given unit. below, we report how we alter the experimental set - up to turn the lab experiment into an online experiment on mturk and what results we find. a. 3. 1 experimental set - up while keeping as many aspects as possible consistent with our original study [ 5 ], we make a few changes : ( 1 ) we run an online crowdsourced experiment on mturk, instead of in a lab. ( 2 ) instead of testing 45 units used in the original experiment i, we only test one single branch of each inception module, namely the 3 × 3 kernel size. this is a reasonable decision given that the main finding of the superiority of natural over synthetic images was present in all branches and that there was no significant difference per condition between different branches. ( 3 ) we exchange the within - participant design for a between - participant design, i. e. one mturk participant does one condition only, namely either the natural or synthetic reference condition. this version is more suitable for short online experiments. ( 4 ) instead of testing 10 participants in the lab, we test 130 mturk participants per condition, i. e. 260 in total. this number of participants is estimated with an a priori power analysis using the simr package [ 23"
      },
      {
        "vector_id": 762,
        "score": 0.5803992748260498,
        "text": "main block. the instructions extensively explain a hand - crafted example trial ( see appx. fig. 9 and 10 ). the blocks of 4 practice trials each - which are randomly sampled from a pool of 10 trials - have to be repeated until reaching 100 % performance ; except in the none condition, as there is no obvious ground truth due to the absence of reference images. finally, 18 main trials follow that are randomly interleaved with a total of 3 obvious catch trials. while feedback is provided during practice trials, no feedback is provided in the other trials. at the end, participants can share comments via an optional free - text field. across all conditions, all participants see the same query images for the instruction, practice and catch trials. in contrast, the query images differ across participants in the main trials : in each reference image condition, we test 10 different sets of query images, each responded to by 5 different mturk participants, hence 50 hits per condition. the order of the main and catch trials per participant is randomly arranged, and identical across conditions. each mturk participant takes part in only one reference image condition ( i. e. reference images are a between - participants factor ). for more details, see appx. sec. a. 1. 4. ensuring high - quality data in an online experiment to ensure that the data we collect in our online experiment is of high quality, we take two measures : ( 1 ) we integrate hidden checks which were set before data collection. only if a participant passes all five of them do we include his / her data in our analysis. first, these exclusion criteria comprise a performance threshold on the practice trials as well as a maximum number of blocks a participant may attempt. further, they include a performance threshold for catch trials, a minimum image choice variability as well as a minimum time spent on both the instructions and the whole experiment. for more details, see appx. sec. a. 1. 1. ( 2 ) our previous human evaluation study in a well - controlled lab environment found that natural reference images are more informative than synthetic feature visualizations when choosing which of two different images is more highly activating for a given unit [ 5 ]. we replicate this main finding on mturk based on a subset of the originally tested units ( see appx. a. 3 ) which indicates that the experiment's environment does not influence this task's outcome. our decision to leverage a crowdsourcing platform is further corroborated by our result in borowski et"
      }
    ],
    "What method or approach is proposed? Summarize the core idea and components.": [
      {
        "vector_id": 759,
        "score": 0.5191121101379395,
        "text": "examples, counterfactual explanation methods have been developed for vision - [ 22 ] and languagebased [ 62 ] models as well as for model - agnostic scenarios [ 51 ]. further, they are set into context of the eu general data protection regulation [ 60 ]. ustun et al. [ 56 ] investigate feasible and least - cost counterfactuals, while mahajan et al. [ 32 ] and karimi et al. [ 25 ] take feature interactions into account. to evaluate - rather than create - explanation methods, researchers often follow the \" counterfactual simulation \" task introduced by doshi - velez and kim [ 14 ] : humans are given an input, an output, and an explanation and are then asked \" what must be changed to change the method's [ model's ] prediction to a desired output? \" doshi - velez and kim [ 14 ]. based on this task, lucic et al. [ 30 ] test their new explanation method and hase and bansal [ 24 ] compare different explanation methods to each other. in this project, we design a counterfactual - inspired task to evaluate how well feature visualizations support causal understanding of cnn activations. this is the first study to apply such a paradigm to understanding the causes of individual units'activations. in order to scale the experiments, we simplify our task by having participants choose between two intervention options, rather than having them freely determine interventions themselves. methods we run an extensive psychophysical experiment with more than 12, 000 trials distributed over 323 crowdsourced participants on amazon mechanical turk ( mturk ) and two experts ( the two first authors ). 1 for more details than provided below, please see appx. sec. a. 1. design principles overall, our experimental design choices aim at ( 1 ) the best performance possible, meaning that we select images that make the signal as clear as possible ; ( 2 ) generality over the network, meaning that we randomly sample units of different layers and branches ( testing all units would be too costly ) ; and ( 3 ) easy extendability, meaning that we choose a between - participant design ( each participant sees only one reference image condition ) so that other visualizations methods can be added to the comparisons in the future. psychophysical task if feature visualizations indeed support causal understanding of cnn activations, this should enable humans to predict the effect of an intervention, such as how occluding an image region changes a unit's activation. based"
      }
    ],
    "What experiments or evaluation setup are used (datasets, tasks, metrics)?": [
      {
        "vector_id": 770,
        "score": 0.6962840557098389,
        "text": "##s the importance of testing falsifiable hypotheses in the field of interpretable artificial intelligence [ 27 ]. with increasing societal applications of machine learning, the importance of feature visualizations and interpretable machine learning methods is likely to continue to increase. therefore, it is important to develop an understanding of what we can - and cannot - expect from explainability methods. we think that human benchmarks, like the one presented in this study, help to expose a precise notion of interpretability that is quantitatively measurable and comparable to competing methods or baselines. the paradigm we developed in this work can be easily adapted to account for other notions of causality and, more generally, interpretability as well. for the future, we hope that our task will serve as a challenging test case to steer further development of feature visualizations. a appendix a. 1 details on methods of counterfactual - inspired experiment we closely follow our previous work [ 5 ] and hence often refer to specific sections of it in this appendix. a. 1. 1 data collection exclusion criteria in order to acquire data of high quality from mturk, we integrate five exclusion criteria. if one or more of these criteria is not met, we post the same hit again : • maximal number of attempts to reach 100 % performance in practice trials : 5 • performance threshold for catch trials : two out of three trials have to be correctly answered • answer variability : at least one trial must be chosen from the less frequently selected side ( to discard participants who only responded with \" left \" or \" right \" ) • time to read the instructions : at least 20 s ( 15 s in the none condition ) • time for the whole experiment : at least 90 s and at most 900 s ( at least 40 s, and at most 900 s in the none condition ) minimize biases to minimize a bias to either query image, the location of the truly maximally activating query image is randomized and participants have to center their mouse cursor by pressing a centered button \" continue \" after each trial. expert measurements the two first authors complete all 10 image sets in multiple conditions : at first, they label the query images for the primary object baseline. then they answer the none, synthetic or natural ( counterbalanced between the two authors ), mixed, and blur condition. clicking through the trials several times means that they see identical images repeatedly. a. 1. 2 stimulus generation model in line with previous work ( e. g. borowski et al. [ 5 ]"
      }
    ],
    "What are the main results or findings? Include numeric results only if present.": [
      {
        "vector_id": 782,
        "score": 0.5936696529388428,
        "text": ". excluded data, ¬ ( 0 < number of trials < 21 ) ( e ) row variability from excluded data. 90s < time < 900s ( g ) total response time from included data. excluded data, ¬ ( 90s < time < 900s ) ( h ) total response time from excluded data. figure 21 : 21 figure 21 : distributions of the individual values controlled by the exclusion criteria in the replication experiment on mturk. figuresa - c and g ( d - f and h ) show the data for the included ( excluded ) data. table 1 : 1 units used as main trials in the 3×3 as well as the pool branch in the counterfactual - inspired experiment. the numbers in brackets after each layer's name correspond to the numbering used in all our plots. unit layer 3 × 3 pool mixed3a ( 1 ) 189 227 mixed3b ( 2 ) 178 430 mixed4a ( 3 ) 257 486 mixed4b ( 4 ) 339 491 mixed4c ( 5 ) 247 496 mixed4d ( 6 ) 342 483 mixed4e ( 7 ) 524 816 mixed5a ( 8 ) 278 743 mixed5b ( 9 ) 684 1007 table 2 : 2 hand - picked unit choices for instruction, catch and practice trials in the counterfactualinspired experiment. the generation of the stimuli shown in the experiment was completed in approximately 35 hours on a single geforce gtx 1080 gpu. the calculation of all baselines required 8 additional gpu hours. trial type layer branch unit difficulty level instruction mixed5a pool 720 very easy mixed4e pool 783 very easy catch mixed4c pool 484 very easy mixed5a 3 × 3 557 very easy mixed4e 1 × 1 6 very easy mixed4a pool 505 very easy mixed4e pool 809 very easy mixed4c pool 449 easy practice mixed4b mixed4c pool 1 × 1 465 59 easy easy mixed4e 1 × 1 83 easy mixed3a 1 × 1 43 easy mixed3b pool 472 easy mixed4b 1 × 1 5 easy python 3. 6. code and data are available at github. com / brendel - group / causal - understanding - via - visualizations. other papers might refer to a channel as a \" feature map \", e. g. [ 5 ]. to reduce compute requirements, we use a random subset of the training set ( ≈ 50 % ). ( 18 main"
      },
      {
        "vector_id": 781,
        "score": 0.5847417712211609,
        "text": "figure 16 : accuracy in the counterfactual - inspired experiment as a function of the relative activation difference between the two query images for the ( a ) 3 × 3 branch and the ( b ) pool branch. here, the data points shown in fig. 7 are summarized in 5 bins of equal counts ; the plot shows the mean and standard deviation for each of the bins. exclusion criterion : catch trials. exclusion criterion : total response time. exclusion criterion : practice block. ratio > 0. 66 ( d ) catch trials from excluded data. excluded data, ¬ ( 90s < time < 900s ) ( h ) total response time from excluded data. w / x attempts to pass the practice trials histogram over practice block attempts ( i ) practice block attempts : we include data from people who needed 5 or fewer attempts. figure 18 : 18 figure 18 : distributions of the individual values controlled by the exclusion criteria in the counterfactual - inspired experiment on mturk. for the first four criteria, a - c and g ( d - f and h ) show the data for the included ( excluded ) data. the final criterion in i shows a joint distribution. confidence ratings on incorrectly answered trials. reaction time on all trials. figure 19 : 19 figure 19 : results of the replication experiment of borowski et al. [ 5 ] on mturk for kernel size × 3 : task performance ( a ), distribution of confidence ratings ( b - d ) and reaction times ( e - g ). number of times a hit is posted. exclusion criterion : total response time. figure 20 : 20 figure 20 : ( a ) number of times a hit is posted. ( b - f ) distributions of mturk participants that passed / failed the exclusion criteria in the replication experiment on mturk. note that the sum of the counts of responses for the individual exclusion criteria in c - f is higher than the summary in b because a participant may have failed more than one exclusion criterion. 0 < number of trials < 21 ( b ) row variability from included data. excluded data, ratio > 0. 66 ( d ) catch trials from excluded data. excluded data, ¬ ( 0 < number of trials < 21 ) ( e ) row variability from excluded data. 90s < time < 900s ( g ) total response time from included data. excluded data, ¬ ( 90s < time < 900s ) ( h ) total response time from excluded data. figure 21 : 21 figure 21 : distributions of the individual values controlled by the"
      }
    ],
    "What are the key contributions and significance of this work?": [
      {
        "vector_id": 769,
        "score": 0.5830469131469727,
        "text": "to a quantitative test. our data provides no evidence that humans can predict the effect of an image intervention ( occlusion ) particularly well when supported with feature visualizations. instead, human performance is only moderately above a this effect is stronger for the pool branch ( b ) than for the 3 × 3 branch ( a ) as quantified by spearman's rank correlations ( c ). stars signal significance ( p <. 05 ). note that each dot in a and b represents the participant - averages, i. e. there is one dot per combination of layers, branch and image set. for an alternative visualization see appx. fig. 16. baseline condition where humans are not shown any visualization at all, and similar to that of other visualization methods such as simple dataset samples. further, by - trial decisions show systematic but fairly low agreement between participants. finally, task performance depends on the unit choice, image selections and activation differences between query images. these results add quantitative evidence against the generally - assumed usefulness of feature visualizations for understanding the causes of cnn unit activations. our counterfactual - inspired task is the first quantitative evaluation of whether feature visualizations support causal understanding of unit activations, but it is certainly not the only possible way to evaluate causal understanding. for example, our interventions are constrained to occlusions of a fixed size and shape, imposing an upper limit on the precision with which the occlusions can cover the part of the image that is most responsible for driving a unit's activation. future work could explore more complex intervention techniques, extend our study to more units of inceptionv1 as well as to different networks, and investigate additional visualization methods. thanks to the between - participant design, new conditions can be added to the data without the requirement to re - run already collected trials. taken together, the empirical results of our quantitative evaluation method indicate that the widely used visualization method by olah et al. [ 40 ] does not provide causal understanding of cnn activations beyond what can be obtained from much simpler baselines. this finding is contrary to wide - spread community intuition and reinforces the importance of testing falsifiable hypotheses in the field of interpretable artificial intelligence [ 27 ]. with increasing societal applications of machine learning, the importance of feature visualizations and interpretable machine learning methods is likely to continue to increase. therefore, it is important to develop an understanding of what we can - and cannot - expect from explainability methods. we"
      },
      {
        "vector_id": 779,
        "score": 0.5775583982467651,
        "text": "such as natural references. figure 2 : 2 figure 2 : schematic visualization of an example trial in our psychophysical experiment. for a certain network unit, participants are shown several maximally activating images. while the ones on the left serve as reference images, the ones on the right serve as query images : the top one is a natural maximally activating image and the bottom ones are copies of said image with square occlusions at different locations. the task is to select the image that activates the given network unit more strongly. participants answer by clicking on the number below the corresponding image according to the their confidence level ( 1 : not confident, 2 : somewhat confident, 3 : very confident ). correct answer : right image. figure 3 : 3 figure3 : a : task accuracy. on average, humans reach the same performance regime with any visualization method. this holds for both lay participants on mturk ( darker colors ) as well as experts ( brighter colors ). b : reaction times. mturk participants need several seconds to answer a trial, indicating that they carefully make their decision. for more details see appx. fig. 13. 4. 1. 2 12 simple baselines can reach the same above - chance performance regime figure 4 : 4 figure 4 : a : baseline performances. simple baselines can reach above chance level. 5 b, c : decision consistency. the mean and two standard errors of the mean of cohen's kappa averaged over participants and image sets quantifies the pairwise consistency of decision patterns. 6 while they vary across participants, they are higher between conditions with natural references and highest between the saliency baseline and other conditions. for more details, see appx. fig 15. figure 4 : a : baseline performances. simple baselines can reach above chance level. 5 b, c : decision consistency. the mean and two standard errors of the mean of cohen's kappa averaged over participants and image sets quantifies the pairwise consistency of decision patterns. 6 while they vary across participants, they are higher between conditions with natural references and highest between the saliency baseline and other conditions. for more details, see appx. fig 15. figure 5 : figure 6 : 56 figure5 : while for some units predicting the effect of an intervention is relatively easy, for most units performance is close to or just above chance. a and b show the performance per unit in the main trials separated by branch ( 3 × 3 and pool respectively ) and layer. c shows the"
      }
    ]
  },
  "rag_prompt": "You are writing an academic abstract using the provided context.\nKeyword: visual_understanding\n\nContext:\n[Chunk 1] further, we provide an email address, which some mturk participants used to share feedback. image set 1 4 7 10 image set 1 4 7 10 image set 1 4 7 10 image set 1 4 7 10 image set 1 4 7 10 image set figure 17 : ( a ) number of times a hit is posted. to limit the financial risk, we limit the maximal number of times that a hit can be posted at 3. ( b - g ) distributions of mturk participants that passed / failed the exclusion criteria in the counterfactual - inspired experiment on mturk. note that the sum of the counts of responses for the individual exclusion criteria in c - f is higher than the summary in b because a participant may have failed more than one exclusion criterion. a. 3 replication of the main result of borowski et al. [ 5 ] to check whether collecting data on a crowdsourcing platform yields sensible data in our case, we first test whether we can replicate the main finding of our previous human psychophysical experiment on feature visualizations [ 5 ]. in the latter, we found in a well - controlled lab environment that natural reference images are more informative than synthetic ones when choosing which of two different images are more highly activating for a given unit. below, we report how we alter the experimental set - up to turn the lab experiment into an online experiment on mturk and what results we find. a. 3. 1 experimental set - up while keeping as many aspects as possible consistent with our original study [ 5 ], we make a few changes : ( 1 ) we run an online crowdsourced experiment on mturk, instead of in a lab. ( 2 ) instead of testing 45 units used in the original experiment i, we only test one single branch of each inception module, namely the 3 × 3 kernel size. this is a reasonable decision given that the main finding of the superiority of natural over synthetic images was present in all branches and that there was no significant difference per condition between different branches. ( 3 ) we exchange the within - participant design for a between - participant design, i. e. one mturk participant does one condition only, namely either the natural or synthetic reference condition. this version is more suitable for short online experiments. ( 4 ) instead of testing 10 participants in the lab, we test 130 mturk participants per condition, i. e. 260 in total. this number of participants is estimated with an a priori power analysis using the simr package [ 23\n\n[Chunk 2] main block. the instructions extensively explain a hand - crafted example trial ( see appx. fig. 9 and 10 ). the blocks of 4 practice trials each - which are randomly sampled from a pool of 10 trials - have to be repeated until reaching 100 % performance ; except in the none condition, as there is no obvious ground truth due to the absence of reference images. finally, 18 main trials follow that are randomly interleaved with a total of 3 obvious catch trials. while feedback is provided during practice trials, no feedback is provided in the other trials. at the end, participants can share comments via an optional free - text field. across all conditions, all participants see the same query images for the instruction, practice and catch trials. in contrast, the query images differ across participants in the main trials : in each reference image condition, we test 10 different sets of query images, each responded to by 5 different mturk participants, hence 50 hits per condition. the order of the main and catch trials per participant is randomly arranged, and identical across conditions. each mturk participant takes part in only one reference image condition ( i. e. reference images are a between - participants factor ). for more details, see appx. sec. a. 1. 4. ensuring high - quality data in an online experiment to ensure that the data we collect in our online experiment is of high quality, we take two measures : ( 1 ) we integrate hidden checks which were set before data collection. only if a participant passes all five of them do we include his / her data in our analysis. first, these exclusion criteria comprise a performance threshold on the practice trials as well as a maximum number of blocks a participant may attempt. further, they include a performance threshold for catch trials, a minimum image choice variability as well as a minimum time spent on both the instructions and the whole experiment. for more details, see appx. sec. a. 1. 1. ( 2 ) our previous human evaluation study in a well - controlled lab environment found that natural reference images are more informative than synthetic feature visualizations when choosing which of two different images is more highly activating for a given unit [ 5 ]. we replicate this main finding on mturk based on a subset of the originally tested units ( see appx. a. 3 ) which indicates that the experiment's environment does not influence this task's outcome. our decision to leverage a crowdsourcing platform is further corroborated by our result in borowski et\n\nConstraints: Use only the context. Do not invent datasets, baselines, or numerical results.\nIf results are not stated, describe them generally.\n\nWrite a concise abstract (150-250 words).",
  "rag_output": "This study investigates the feasibility of collecting high-quality data on visual understanding tasks using a crowdsourcing platform, specifically Amazon Mechanical Turk (MTurk). We replicated a previous human psychophysical experiment on feature visualizations, originally conducted in a well-controlled lab environment, on MTurk. The experiment aimed to determine whether natural reference images are more informative than synthetic ones when choosing which of two images is more highly activating for a given unit.\nWe designed an online experiment with a between-participants factor, where participants were randomly assigned to either a natural or synthetic reference condition. The experiment consisted of instruction, practice, and main trials, with feedback provided during practice trials but not in the main trials. To ensure high-quality data, we implemented hidden checks, including performance thresholds on practice and catch trials, minimum image choice variability, and minimum time spent on the instructions and the experiment.\nOur results replicate the main finding of the original study, indicating that natural reference images are more informative than synthetic ones.",
  "metrics": {
    "hwt": {
      "llama": {
        "perplexity": 14.83910053420958,
        "burstness": 2.857421875,
        "curvature": 0.10761718749999982
      },
      "gpt2": {
        "perplexity": 30.151962130172098,
        "burstness": 3.138671875,
        "curvature": 0.10537109375000009
      }
    },
    "only_llm": {
      "llama": {
        "perplexity": 3.4801323076384545,
        "burstness": 1.6875,
        "curvature": 0.28173828125
      },
      "gpt2": {
        "perplexity": 8.860831642021981,
        "burstness": 2.10546875,
        "curvature": 0.2891601562499999
      }
    },
    "rag": {
      "llama": {
        "perplexity": 9.000369436556227,
        "burstness": 2.626953125,
        "curvature": 0.2511718749999998
      },
      "gpt2": {
        "perplexity": 18.721779026482544,
        "burstness": 2.697265625,
        "curvature": 0.251953125
      }
    }
  }
}