{
  "paper_id": "2203.15418v2",
  "keyword": "visual_understanding",
  "source_path": "papers/outputs/visual_understanding/2203.15418v2.json",
  "abstract_hwt": "Comprehending and exploring large and complex data is becoming increasingly important for a diverse population of users in a wide range of application domains. Visualization has proven to be well-suited in supporting this endeavor by tapping into the power of human visual perception. However, nonexperts in the field of visual data analysis often have problems with correctly reading and interpreting information from visualization idioms that are new to them. To support novices in learning how to use new digital technologies, the concept of onboarding has been successfully applied in other fields and first approaches also exist in the visualization domain. However, empirical evidence on the effectiveness of such approaches is scarce. Therefore, we conducted three studies with Amazon Mechanical Turk (MTurk) workers and students investigating visualization onboarding at different levels: (1) Firstly, we explored the effect of visualization onboarding, using an interactive step-by-step guide, on user performance for four increasingly complex visualization techniques with time-oriented data: a bar chart, a horizon graph, a change matrix, and a parallel coordinates plot. We performed a between-subject experiment with 596 participants in total. The results showed that there are no significant differences between the answer correctness of the questions with and without onboarding. Particularly, participants commented that for highly familiar visualization types no onboarding is needed. However, for the most unfamiliar visualization type -the parallel coordinates plot -performance improvement can be observed with onboarding. (2) Thus, we performed a second study with MTurk workers and the parallel coordinates plot to assess if there is a difference in user performances on different visualization onboarding types: step-by-step, scrollytelling tutorial, and video tutorial. The study revealed that the video tutorial was ranked as the most positive on average, based on a sentiment analysis, followed by the scrollytelling tutorial and the interactive step-by-step guide. (3) As videos are a traditional method to support users, we decided to use the scrollytelling approach as a less prevalent way and explore it in more detail. Therefore, for our third study, we gathered data towards users' experience in using the in-situ scrollytelling for the VA tool Netflower. The results of the evaluation with students showed that they preferred scrollytelling over the tutorial integrated in the Netflower landing page. Moreover, for all three studies we explored the effect of task difficulty. In summary, the in-situ scrollytelling approach works well for integrating onboarding in a visualization tool. Additionally, a video tutorial can help to introduce interaction techniques of a visualization.",
  "abstract_only_llm": "The ability to derive meaningful insights from data relies heavily on the effective transformation of information into a visual format, known as visualization. This process enables users to decode complex data and reason about its underlying patterns and trends. However, the success of visualization in facilitating human understanding is contingent upon the ability to trace the transformation process, thereby allowing users to critically evaluate the visual representation and its implications for decision-making.\nRecent studies have highlighted the importance of transparency and explainability in visualization, underscoring the need for researchers to develop methods that facilitate the decoding of visual representations and promote a deeper understanding of the data. This paper contributes to this body of research by examining the relationship between data representation and human reasoning, with a focus on the critical role of visual understanding in this process. By exploring the theoretical underpinnings of visual understanding and its applications in various domains, this study aims to provide a nuanced understanding of the complex interplay between data, visualization, and human cognition.",
  "abstract_rag": "This study examines the effectiveness of two onboarding methods, scrollytelling and tutorials, in facilitating visual understanding and user engagement. A mixed-methods approach was employed, combining both quantitative and qualitative data from participant feedback. The analysis revealed that scrollytelling was generally preferred over tutorials, with participants appreciating its ability to visually highlight important features, provide a structured introduction, and minimize workflow disruption. Conversely, tutorials were often seen as unnecessary, with participants preferring to explore the system on their own.\nQualitative feedback highlighted the importance of visual understanding in onboarding, with participants praising scrollytelling's ability to convey complex information in a concise and engaging manner. In contrast, tutorials were often criticized for failing to address more advanced features and providing simplistic explanations. The results suggest that scrollytelling's interactive and visually-oriented approach may be more effective in motivating users and promoting engagement with the system.",
  "only_llm_summary": "Introduction Visualization can be seen as a process that transforms data into a visual form [14, 57] . As a user, this transformation needs to be traceable to decode the visual representation and correctly reason about the data.",
  "only_llm_body": "Introduction Visualization can be seen as a process that transforms data into a visual form [14, 57] . As a user, this transformation needs to be traceable to decode the visual representation and correctly reason about the data. Albeit humans are visual beings and visual representations are easier to understand than other forms of data representations, we have to learn how to read and comprehend them. Unlike reading and writing a text, we are typically not taught how to read or interpret visualizations in the course of our education-with the exception of simple business charts, like bar, line, or pie charts, which we usually encounter at a young age [2] . Hence, many users have difficulties interpreting and working with novel visual representations they are not familiar with [27, 50] . This not only bears the risk of drawing wrong conclusions but also leads to frustration or rejection of otherwise powerful data visualizations [10] . Boy et al. [11] describe visualization literacy as \"the ability to use well-established data visualizations (e.g., line graphs) to handle information in an effective, efficient, and confident manner\". Having limited visualization literacy skills can be a serious handicap as it hinders people from valuable information retrieval which could be used to learn and solve problems, or make informed decisions [24, 11, 10] . Visual mapping is the process of assigning data variables to visual channels, which results in either a static or an interactive visu\n\n. This goes along with the feedback as \"Once I read the step-by-step guide, using the graph felt way easier\" (St55). interacted with both the navigation pane and the step-by-step guide in a balanced manner. In contrast, for the parallel coordinates plot, we were able to distinctly observe that users predominantly clicked on the text within the step-by-step guide. Hardly any superimposed mouse movements were detected with our navigation pane. Moreover, when assessing the usage of the Show All button, we recognized that it was only used by 10 out of 91 participants (5.08%) for all visualization types. Caused by the active usage of the step-by-step instructional descriptions, we analyzed the explanation sections in further detail. We noticed less interaction or interest in the Using the Chart section than with Reading the Chart and Interacting with the Chart indicated by fewer mouse movements or click events, and by a lower retention time. This applies to all visualization types. Particul\n\nD = 96.33) was higher. Figure 7 : 7 Figure 7: Mouse movement heatmap on the step-by-step guide for parallel coordinates plot received from Hotjar. s; SD = 46.55), followed by the step-by-step guide (M = 49.97 s; SD = 59.77), the condition without any onboarding (M = 58.07 s; SD = 104.90), and the video tutorial (M = 58.39 s; SD = 71.47), F (3, 1134) = 3.3785; p = .010; Eta = .096. Figure 9 : 9 Figure 9: Participants' attitude towards onboarding concepts. Note: Not all participants answered these questions as they 1 2 12 Introduction Tasks with Scrollytelling 2 Tasks with Tutorial Total indicates the number of submitted positive/negative/neutral feedback in relation to the total number of participants assigned to a method. Answer Correctness (%) Response Time Sentiment Analysis** Task Difficulty* 1 2 3 1 2 3 Positive Negative Neutral No answer Baseline .52 ±.50 58.07 s±104.90 - - - - - - - - No Onboarding .71±.46 .46±.50 .39±.49 33.56 s±30.53 54.19 s±58.87 86.45 s±165.59 Step-by-Step .52±.50 49.97 s±59.78 13 27.66% 3 6.38% 4 8.51% 27 57.45% Guide .74±.44 .47±.50 .35±.48 27.11 s±34.26 48.20 s±52.78 74.61 s±75.45 Scrollytelling .42±.50 41.17 s±46.55 16 32.65% 6 12.24% 9 18.37% 18 36.73% Tutorial .65±.48 .47±.50 .42±.50 28.57 s±28.76 48.20 s±52.78 53.85 s±54.99 Video .49±.50 58.39 s±71.47 21 42.86% 1 2.04% 6 12.24% 18 42.86% Tutorial .60±.49 .49±.50 .37±.49 34.44 s±42.62 55.75 s±62.45 84.98 s±91.73 * 1= Reading the data; 2= Reading between the data; 3 = Reading beyond the dat",
  "only_llm_prompt": "You are writing an academic abstract.\nKeyword: visual_understanding\nBrief summary (2 sentences): Introduction Visualization can be seen as a process that transforms data into a visual form [14, 57] . As a user, this transformation needs to be traceable to decode the visual representation and correctly reason about the data.\nConstraints: Do not invent datasets, baselines, or numerical results.\nIf results are not stated, describe them generally.\n\nWrite a concise abstract (150-250 words).",
  "only_llm_output": "The ability to derive meaningful insights from data relies heavily on the effective transformation of information into a visual format, known as visualization. This process enables users to decode complex data and reason about its underlying patterns and trends. However, the success of visualization in facilitating human understanding is contingent upon the ability to trace the transformation process, thereby allowing users to critically evaluate the visual representation and its implications for decision-making.\nRecent studies have highlighted the importance of transparency and explainability in visualization, underscoring the need for researchers to develop methods that facilitate the decoding of visual representations and promote a deeper understanding of the data. This paper contributes to this body of research by examining the relationship between data representation and human reasoning, with a focus on the critical role of visual understanding in this process. By exploring the theoretical underpinnings of visual understanding and its applications in various domains, this study aims to provide a nuanced understanding of the complex interplay between data, visualization, and human cognition.",
  "rag_queries": [
    "What is the main problem or motivation addressed in this paper?",
    "What method or approach is proposed? Summarize the core idea and components.",
    "What experiments or evaluation setup are used (datasets, tasks, metrics)?",
    "What are the main results or findings? Include numeric results only if present.",
    "What are the key contributions and significance of this work?"
  ],
  "rag_chunks": [
    {
      "vector_id": 163,
      "score": 0.6333146691322327,
      "text": "the analysis process does not yield entirely obvious categories and extended interpretation of the material is necessary. the analysis process consisted of repeatedly coding the material and results in a few categories that describe the most important insights that can be derived from the material. in this part of the questionnaire, the question whether participants appreciated the onboarding system ( either insitu scrollytelling or tutorial ) yielded interesting results. the participants were specifically asked to discuss advantages and disadvantages. therefore, the answers tend to include both positive and negative aspects. in general, participants liked scrollytelling more than the tutorial. six participants appreciated scrollytelling very much, 14 liked it, nine were undecided, and seven did not like it at all. in contrast to that, only one participant liked the tutorial very much, six appreciated it, 18 were undecided, and 15 did not like it. note that the open - ended questions were not answered by all participants as they were not mandatory. the following statements describe the positive attitudes concerning scrollytelling. \" i liked it because it visually highlighted the important parts and i was less overloaded with all the possibilities in the beginning, because it showed me one feature at a time \" ( p3 ). \" i like that it is quick and that it doesn't require too much time to be learned and understood. i liked that the text was not too invasive, being on the side and having the possibility to hide it \" ( p16 ). the most important positive aspects of the system that were mentioned in the answers were : ( 1 ) it visually highlights the most important parts and shows one feature at a time ( 11 mentions ) ; in this way, it also provides an inherent structure of the system. ( 2 ) it is directly inside the system, therefore, using it does not disrupt the workflow ( 7 mentions ). ( 3 ) it is a simple introduction into the system ( 13 mentions ). participants also outlined drawbacks of the system : ( 1 ) the most important negative aspect was that there were technical and usability problems ( 10 mentions ). the scrollytelling system was a prototype, and sometimes usability issues occurred. a few of the participants mentioned that they did not need scrollytelling and discovered the features of the sys - tem themselves ( 5 mentions ). one example for a negative attitude concerning scrollytelling is the following : \" i did not really like it. the system to use is quite intuitive, and the scrollytelling is in comparison too long and",
      "query": "What is the main problem or motivation addressed in this paper?"
    },
    {
      "vector_id": 164,
      "score": 0.6332014799118042,
      "text": "##bility issues occurred. a few of the participants mentioned that they did not need scrollytelling and discovered the features of the sys - tem themselves ( 5 mentions ). one example for a negative attitude concerning scrollytelling is the following : \" i did not really like it. the system to use is quite intuitive, and the scrollytelling is in comparison too long and convoluted. at the same time, it did not cover enhanced topics like notes and tags. i prefer an approach where one starts immediately using it, and later gets the possibility to learn more details \" ( p12 ). the tutorial was appreciated less than the scrollytelling method. nevertheless, it was stated that \" i liked the tutorial because it allowed me to start working quickly. whenever i struggled, i could go back and read a little more \" ( p22 ). the following positive features of the tutorial were mentioned : ( 1 ) the tutorial is easy to comprehend, it is nice as a reference and a good overview ( 15 mentions ). ( 2 ) some of the participants also mentioned that they liked the videos ( 8 mentions ). several participants had negative attitudes concerning the tutorial : \" the tutorial was not really needed because the visualization was quite intuitive and one could guess what functions and filters were available by trying them out. still, the tutorial gives a good overview about what tools are available \" ( p11 ). in the following, we present the most important negative remarks : ( 1 ) many of the participants mentioned that the tutorial was not needed and that they just started working ( 8 mentions ). this is especially interesting because this was not the case with scrollytelling. the explanatory text was the same, but participants invested much more time in interacting with scrollytelling than with the tutorial. apparently, scrollytelling is more motivating than the tutorial. ( 2 ) several of the participants also mentioned that the tutorial only explained simple things and did not address the more complicated features of the system. they would also have wanted sophisticated examples ( 9 mentions ). ( 3 ) very few participants also mentioned that the did not like videos ( 3 mentions ). apparently, the participants'attitude towards videos is ambiguous. some like them very much, and others do not like them at all. results from tasks we assessed answer correctness ( in percent ) on multiple choice questions, as well as open ended questions. as study 1 found significant differences in answer correctness based on task difficulty",
      "query": "What is the main problem or motivation addressed in this paper?"
    },
    {
      "vector_id": 137,
      "score": 0.5903312563896179,
      "text": "a pedagogical method where concrete examples are provided for abstract ideas and principles at first, before progressively abstracting them. recently, bishop et al. [ 7 ] developed a tablet - based tool called construct - a - vis, which supports elementary school children in creating visualization based on free - form activities. they used scaffolding as a pedagogical method which immediately provides feedback to the users if the visual mapping was correct. more recently, firat et al. [ 20 ] developed an interactive pedagogical treemap application for training. the conducted study revealed that students who interacted with the tool outperformed students who only learned through slides before taking the literacy test. in this context, echeverria et al. [ 18 ] performed first steps towards defining data storytelling to support teacher's sensemaking. the authors found out that the included narratives were helpful to support the story and to understand data points in the visualization. further research has explored how data storytelling concepts can be used for communicating scientific data [ 41 ], presenting data stories to a broader audience [ 61 ], or supporting presenters to tell a story through data visualizations effectively [ 34 ]. tanahashi et al. [ 67 ] investigated top - down and bottomup teaching methods as well as active or passive learning types. the bottom - up teaching method ( \" textbook approach \" ) [ 73 ] focuses on small, detailed pieces of information which students then combine to get a better understanding. besides, a top - down teaching method is given when a broad overview first helps to understand the abstract, high - level parts of an idea / topic which then provide context for understanding its components in detail [ 67 ]. furthermore, a distinction can be made between active and passive learning types. passive learning means that students only receive the information without participatory dialog. in contrast, active learning describes an active participation [ 67 ]. their analysis indicates that top - down exercises were more effective than bottom - up and active learning types with top - down tasks the most effective ones. in a comparative study by kwon and lee [ 36 ], the effectiveness of active learning strategies was ascertained. three tutorial types - static, video - based, and interactivewere used to support the learning of scatterplot visualizations. their observations show that participants using the interactive and video tutorials outperformed participants using a static or no tutorial at all. ruchikachorn and mueller [ 56 ] explored the learning - by - analog",
      "query": "What method or approach is proposed? Summarize the core idea and components."
    },
    {
      "vector_id": 150,
      "score": 0.700194239616394,
      "text": "in section 3. 3, the questions were inspired by the vlat. next, participants were obliged to interact with the onboarding part - if assigned to the onboarding group. to ensure that they actually interacted with the onboarding, we added an obligatory question of confirmation before continuing with the survey. this was followed by the set of questions of the post - tasks. finally, we completed the survey with questions about demographics ( e. g., age, gender, profession ). data sets to follow the concept of easy - to - understand and concrete data sets, we used weather, car data, and olympic medals distributions for study 1. for the weather data we have chosen the publicly available data set about the daily 20th - century surface air from the european climate assessment & data set project [ 17 ]. we calculated the average temperature of european cities for selected years ( 1990, 1991, 2018 ) using overall onboarding : we continued by analyzing the differences of the measures between a step - by - step onboarding guide and our control group without any onboarding at all. we hypothesized that the answer correctness is higher for surveys with onboarding than without any onboarding. using all surveys from all visualization types, we could not determine statistically significant differences between the answer correctness between surveys with ( m = 879. 25 ) or without onboarding ( m = 867. 85 ), u = 376064. 00, z = -. 624, p =. 533. in contrast, the participants conducting sur - table 1 : performance measures for all four visualization types of study 1, n = 388. this data set for the bar chart and horizon graph onboarding. for the change matrix, we used the olympic data set [ 49 ] showing the medal distributions between 1990 and 1991. the data sets for the parallel coordinates plot required more dimensions. thus, we decided to take the car data set from paco [ 13 ] for our visualization onboarding which we extended by the production year of the cars in order to add the time aspect. for the pre - and post tasks we used easy to understand, time - oriented data sets ( e. g., spotify data based on song titles and various characteristics [ 62 ], chocolate bar rankings [ 15 ], amount of steps over time, weather data [ 17 ], and olympic medals [ 49 ] distribution over time ). results visualization type : we started by assessing the differences between all four visualization types. we identified significant",
      "query": "What experiments or evaluation setup are used (datasets, tasks, metrics)?"
    },
    {
      "vector_id": 160,
      "score": 0.695696234703064,
      "text": "we can detect any difference with regards to tasks of different complexity as described by friel et al. ( rq - a ). in the following, we present the study design, participants, apparatus and material, as well as describe the procedure and the results of our comparison. study design the study was performed in two rounds, the first taking place in spring 2020 and the second in fall 2020, illustrated in figure 8. in each round the students were split into two groups. each group completed the experiment in two sessions, with three weeks in between each session, and using a different data set each session. in the first round one group was assigned the external onboarding, and one group was assigned the in - situ onboarding. they used the same onboarding for both sessions, to establish the existence or absence of a learning effect. in the second round, one group used the in - situ onboarding for the first session, and the external onboarding for the second session, whereas the second group did the opposite, to enable within - subject comparison. the scrollytelling tutorial scrollytelling tutorial a ( 13 ) b ( 13 ) c ( 18 ) d ( 21 ) were not mandatory. session 2 a ( 13 ) b ( 11 ) d ( 20 ) c ( 18 ) germany and sweden. is the development in austria more similar to sweden or to germany? explain why you think that figure 8 : procedure for study 3 with students. the flowchart shows the structure of the experiment. the table shows how we split the participants into groups a - d, which groups were assigned which onboarding system, and how many people participated in parentheses. experiment was always the same in each session : the participants were given a survey, which included an introduction as well as different tasks, and a questionnaire to be answered after completing those tasks. participants and apparatus we recruited 65 students ( gender : m = 42, f = 23, prefer not to say = 0 ) from the first year of the international master's programs \" data science \" and \" media informatics \" at the tu wien, where the study was conducted in the context of a lecture. the participants were required to have at least basic knowledge about data visualizations. for round one, 24 participants completed both sessions, with an additional two that only completed the first one. in round two, 39 participants completed both sessions, but 2 participants obviously collaborated in the second session, so the results of only one was taken for further analysis. the exact distribution of participants in each session and",
      "query": "What experiments or evaluation setup are used (datasets, tasks, metrics)?"
    },
    {
      "vector_id": 158,
      "score": 0.5965514779090881,
      "text": "000. as expected, an anova with post - hoc snk test showed that reading the data tasks were answered the fastest ( m = 30. 918 s ; sd = 64. 53 ), followed by reading between the data m = 49. 76 s ; sd = 56. 01 ) and reading beyond the data m = 74. 79 s ; sd = table 2 : overview of performance measures for all four onboarding conditions ( baseline with no onboarding, step - by - step guide, scrollytelling, and video tutorial ) and three task difficulty levels. additionally, the results on the text classification using the sentiment analysis for study 2 are presented. note : not all participants answered these questions as they were not mandatory. 104. 99 ). however, similar results for each onboarding technique could be observed, see table 2. qualitative feedback : overall, the results show that 34. 48 % of the responses can be classified as positive, 6. 90 % as negative, 13. 10 % as neutral statements, and 45. 52 % of the participants did not submit any feedback on the onboarding as it was not mandatory. participants decisively appreciated the condensed, structured, and grouped explanation steps of each of the approaches. on closer examination, the highest positive feedback was given for the video tutorial ( 42. 86 % ), followed by the scrollytelling tutorial ( 32. 65 % ), and the step - by - step guide ( 27. 66 % ). noteworthy is that participants highlighted learning new features during the video tutorial ( v26, v42, v50 ), e. g., \" the video was helpful and showed me some features that i wasn't familiar with [.. ] \" ( v50 ). more specifically, \" [.. ] i liked knowing that i could move columns next to one another, etc. \" ( v60 ), which relates to the re - arrangement of axes. however, the automatically generated voice - over in the video guide was described as unattractive as it sounded robotic ( v3 ). in contrast, the step - by - step guide did not support the usage and understanding of interactive elements ( e. g., filtering and moving axes ) or the interpretation of correlations as st34 described : \" i have trouble with correlations, but i don't think that is the fault of the guide - although examples would be good \" ( st34 ). this may also explain why the results of study 1 were not",
      "query": "What are the main results or findings? Include numeric results only if present."
    },
    {
      "vector_id": 153,
      "score": 0.5865920186042786,
      "text": "p time with the visualization and achieved a higher answer correctness. lastly, also for the parallel coordinates plot, a statistical difference in the performance between surveys for the two conditions could be assessed, f ( 2, 577 ) =. 3. 506, p =. 031 ; w ilk f sa =. 988. however, only the response time shows differences, f ( 1, 580 ) = 6. 048 ; p =. 014, where surveys without onboarding ( 50. 13 s ± 99. 57 ) showed on average faster response times than surveys with onboarding ( 65. 91 s ± 41. 70 ). the answer correctness without onboarding showed surprisingly more correct answers ( 0. 58 ±. 49 ) than for surveys with the onboarding ( 0. 52 ±. 50 ), but with a large variance. onboarding and task difficulty subsequently, we investigated the influence of the question type difficulty the users'performance outcome. we therefore assessed differences between reading the data, reading between the data, and reading beyond the data. irrespective of the onboarding method and the visualization type, reading the data questions showed the highest mean rank ( meanrank = 955. 13 ), followed by reading between the data ( meanrank = 813. 33 ) and reading beyond the data question types ( meanrank = 803. 58 ), x ~ 2 = 64. 044, p =. 000, df = 2. similarly, the response time is in accordance with the answer correctness, where the fastest answers were given for the reading the data ( m = 28. 0305 s ; sd = 34. 70184 ), then for the reading between the data ( m = 55. 25 s ; sd = 48. 46 ), and lastly for the reading beyond the data questions ( m = 58. 82 s ; sd = 88. 22 ), f ( 2, 1741 ) = 53. 651, p =. 000, t1 2 =. 058. an additional tukey hsd post - hoc test reveals that a statistically significant difference between reading the data and both reading between and reading beyond the data question type ( p =. 000 ) but not between reading between the data and reading beyond the data ( p =. 610 ) over all visualization types exists. analyzing the performance measures using a three - way anova between onboarding concept, visualization type, and task difficulty level shows statistically significant differences in the response",
      "query": "What are the main results or findings? Include numeric results only if present."
    }
  ],
  "rag_by_query": {
    "What is the main problem or motivation addressed in this paper?": [
      {
        "vector_id": 163,
        "score": 0.6333146691322327,
        "text": "the analysis process does not yield entirely obvious categories and extended interpretation of the material is necessary. the analysis process consisted of repeatedly coding the material and results in a few categories that describe the most important insights that can be derived from the material. in this part of the questionnaire, the question whether participants appreciated the onboarding system ( either insitu scrollytelling or tutorial ) yielded interesting results. the participants were specifically asked to discuss advantages and disadvantages. therefore, the answers tend to include both positive and negative aspects. in general, participants liked scrollytelling more than the tutorial. six participants appreciated scrollytelling very much, 14 liked it, nine were undecided, and seven did not like it at all. in contrast to that, only one participant liked the tutorial very much, six appreciated it, 18 were undecided, and 15 did not like it. note that the open - ended questions were not answered by all participants as they were not mandatory. the following statements describe the positive attitudes concerning scrollytelling. \" i liked it because it visually highlighted the important parts and i was less overloaded with all the possibilities in the beginning, because it showed me one feature at a time \" ( p3 ). \" i like that it is quick and that it doesn't require too much time to be learned and understood. i liked that the text was not too invasive, being on the side and having the possibility to hide it \" ( p16 ). the most important positive aspects of the system that were mentioned in the answers were : ( 1 ) it visually highlights the most important parts and shows one feature at a time ( 11 mentions ) ; in this way, it also provides an inherent structure of the system. ( 2 ) it is directly inside the system, therefore, using it does not disrupt the workflow ( 7 mentions ). ( 3 ) it is a simple introduction into the system ( 13 mentions ). participants also outlined drawbacks of the system : ( 1 ) the most important negative aspect was that there were technical and usability problems ( 10 mentions ). the scrollytelling system was a prototype, and sometimes usability issues occurred. a few of the participants mentioned that they did not need scrollytelling and discovered the features of the sys - tem themselves ( 5 mentions ). one example for a negative attitude concerning scrollytelling is the following : \" i did not really like it. the system to use is quite intuitive, and the scrollytelling is in comparison too long and"
      },
      {
        "vector_id": 164,
        "score": 0.6332014799118042,
        "text": "##bility issues occurred. a few of the participants mentioned that they did not need scrollytelling and discovered the features of the sys - tem themselves ( 5 mentions ). one example for a negative attitude concerning scrollytelling is the following : \" i did not really like it. the system to use is quite intuitive, and the scrollytelling is in comparison too long and convoluted. at the same time, it did not cover enhanced topics like notes and tags. i prefer an approach where one starts immediately using it, and later gets the possibility to learn more details \" ( p12 ). the tutorial was appreciated less than the scrollytelling method. nevertheless, it was stated that \" i liked the tutorial because it allowed me to start working quickly. whenever i struggled, i could go back and read a little more \" ( p22 ). the following positive features of the tutorial were mentioned : ( 1 ) the tutorial is easy to comprehend, it is nice as a reference and a good overview ( 15 mentions ). ( 2 ) some of the participants also mentioned that they liked the videos ( 8 mentions ). several participants had negative attitudes concerning the tutorial : \" the tutorial was not really needed because the visualization was quite intuitive and one could guess what functions and filters were available by trying them out. still, the tutorial gives a good overview about what tools are available \" ( p11 ). in the following, we present the most important negative remarks : ( 1 ) many of the participants mentioned that the tutorial was not needed and that they just started working ( 8 mentions ). this is especially interesting because this was not the case with scrollytelling. the explanatory text was the same, but participants invested much more time in interacting with scrollytelling than with the tutorial. apparently, scrollytelling is more motivating than the tutorial. ( 2 ) several of the participants also mentioned that the tutorial only explained simple things and did not address the more complicated features of the system. they would also have wanted sophisticated examples ( 9 mentions ). ( 3 ) very few participants also mentioned that the did not like videos ( 3 mentions ). apparently, the participants'attitude towards videos is ambiguous. some like them very much, and others do not like them at all. results from tasks we assessed answer correctness ( in percent ) on multiple choice questions, as well as open ended questions. as study 1 found significant differences in answer correctness based on task difficulty"
      }
    ],
    "What method or approach is proposed? Summarize the core idea and components.": [
      {
        "vector_id": 137,
        "score": 0.5903312563896179,
        "text": "a pedagogical method where concrete examples are provided for abstract ideas and principles at first, before progressively abstracting them. recently, bishop et al. [ 7 ] developed a tablet - based tool called construct - a - vis, which supports elementary school children in creating visualization based on free - form activities. they used scaffolding as a pedagogical method which immediately provides feedback to the users if the visual mapping was correct. more recently, firat et al. [ 20 ] developed an interactive pedagogical treemap application for training. the conducted study revealed that students who interacted with the tool outperformed students who only learned through slides before taking the literacy test. in this context, echeverria et al. [ 18 ] performed first steps towards defining data storytelling to support teacher's sensemaking. the authors found out that the included narratives were helpful to support the story and to understand data points in the visualization. further research has explored how data storytelling concepts can be used for communicating scientific data [ 41 ], presenting data stories to a broader audience [ 61 ], or supporting presenters to tell a story through data visualizations effectively [ 34 ]. tanahashi et al. [ 67 ] investigated top - down and bottomup teaching methods as well as active or passive learning types. the bottom - up teaching method ( \" textbook approach \" ) [ 73 ] focuses on small, detailed pieces of information which students then combine to get a better understanding. besides, a top - down teaching method is given when a broad overview first helps to understand the abstract, high - level parts of an idea / topic which then provide context for understanding its components in detail [ 67 ]. furthermore, a distinction can be made between active and passive learning types. passive learning means that students only receive the information without participatory dialog. in contrast, active learning describes an active participation [ 67 ]. their analysis indicates that top - down exercises were more effective than bottom - up and active learning types with top - down tasks the most effective ones. in a comparative study by kwon and lee [ 36 ], the effectiveness of active learning strategies was ascertained. three tutorial types - static, video - based, and interactivewere used to support the learning of scatterplot visualizations. their observations show that participants using the interactive and video tutorials outperformed participants using a static or no tutorial at all. ruchikachorn and mueller [ 56 ] explored the learning - by - analog"
      }
    ],
    "What experiments or evaluation setup are used (datasets, tasks, metrics)?": [
      {
        "vector_id": 150,
        "score": 0.700194239616394,
        "text": "in section 3. 3, the questions were inspired by the vlat. next, participants were obliged to interact with the onboarding part - if assigned to the onboarding group. to ensure that they actually interacted with the onboarding, we added an obligatory question of confirmation before continuing with the survey. this was followed by the set of questions of the post - tasks. finally, we completed the survey with questions about demographics ( e. g., age, gender, profession ). data sets to follow the concept of easy - to - understand and concrete data sets, we used weather, car data, and olympic medals distributions for study 1. for the weather data we have chosen the publicly available data set about the daily 20th - century surface air from the european climate assessment & data set project [ 17 ]. we calculated the average temperature of european cities for selected years ( 1990, 1991, 2018 ) using overall onboarding : we continued by analyzing the differences of the measures between a step - by - step onboarding guide and our control group without any onboarding at all. we hypothesized that the answer correctness is higher for surveys with onboarding than without any onboarding. using all surveys from all visualization types, we could not determine statistically significant differences between the answer correctness between surveys with ( m = 879. 25 ) or without onboarding ( m = 867. 85 ), u = 376064. 00, z = -. 624, p =. 533. in contrast, the participants conducting sur - table 1 : performance measures for all four visualization types of study 1, n = 388. this data set for the bar chart and horizon graph onboarding. for the change matrix, we used the olympic data set [ 49 ] showing the medal distributions between 1990 and 1991. the data sets for the parallel coordinates plot required more dimensions. thus, we decided to take the car data set from paco [ 13 ] for our visualization onboarding which we extended by the production year of the cars in order to add the time aspect. for the pre - and post tasks we used easy to understand, time - oriented data sets ( e. g., spotify data based on song titles and various characteristics [ 62 ], chocolate bar rankings [ 15 ], amount of steps over time, weather data [ 17 ], and olympic medals [ 49 ] distribution over time ). results visualization type : we started by assessing the differences between all four visualization types. we identified significant"
      },
      {
        "vector_id": 160,
        "score": 0.695696234703064,
        "text": "we can detect any difference with regards to tasks of different complexity as described by friel et al. ( rq - a ). in the following, we present the study design, participants, apparatus and material, as well as describe the procedure and the results of our comparison. study design the study was performed in two rounds, the first taking place in spring 2020 and the second in fall 2020, illustrated in figure 8. in each round the students were split into two groups. each group completed the experiment in two sessions, with three weeks in between each session, and using a different data set each session. in the first round one group was assigned the external onboarding, and one group was assigned the in - situ onboarding. they used the same onboarding for both sessions, to establish the existence or absence of a learning effect. in the second round, one group used the in - situ onboarding for the first session, and the external onboarding for the second session, whereas the second group did the opposite, to enable within - subject comparison. the scrollytelling tutorial scrollytelling tutorial a ( 13 ) b ( 13 ) c ( 18 ) d ( 21 ) were not mandatory. session 2 a ( 13 ) b ( 11 ) d ( 20 ) c ( 18 ) germany and sweden. is the development in austria more similar to sweden or to germany? explain why you think that figure 8 : procedure for study 3 with students. the flowchart shows the structure of the experiment. the table shows how we split the participants into groups a - d, which groups were assigned which onboarding system, and how many people participated in parentheses. experiment was always the same in each session : the participants were given a survey, which included an introduction as well as different tasks, and a questionnaire to be answered after completing those tasks. participants and apparatus we recruited 65 students ( gender : m = 42, f = 23, prefer not to say = 0 ) from the first year of the international master's programs \" data science \" and \" media informatics \" at the tu wien, where the study was conducted in the context of a lecture. the participants were required to have at least basic knowledge about data visualizations. for round one, 24 participants completed both sessions, with an additional two that only completed the first one. in round two, 39 participants completed both sessions, but 2 participants obviously collaborated in the second session, so the results of only one was taken for further analysis. the exact distribution of participants in each session and"
      }
    ],
    "What are the main results or findings? Include numeric results only if present.": [
      {
        "vector_id": 158,
        "score": 0.5965514779090881,
        "text": "000. as expected, an anova with post - hoc snk test showed that reading the data tasks were answered the fastest ( m = 30. 918 s ; sd = 64. 53 ), followed by reading between the data m = 49. 76 s ; sd = 56. 01 ) and reading beyond the data m = 74. 79 s ; sd = table 2 : overview of performance measures for all four onboarding conditions ( baseline with no onboarding, step - by - step guide, scrollytelling, and video tutorial ) and three task difficulty levels. additionally, the results on the text classification using the sentiment analysis for study 2 are presented. note : not all participants answered these questions as they were not mandatory. 104. 99 ). however, similar results for each onboarding technique could be observed, see table 2. qualitative feedback : overall, the results show that 34. 48 % of the responses can be classified as positive, 6. 90 % as negative, 13. 10 % as neutral statements, and 45. 52 % of the participants did not submit any feedback on the onboarding as it was not mandatory. participants decisively appreciated the condensed, structured, and grouped explanation steps of each of the approaches. on closer examination, the highest positive feedback was given for the video tutorial ( 42. 86 % ), followed by the scrollytelling tutorial ( 32. 65 % ), and the step - by - step guide ( 27. 66 % ). noteworthy is that participants highlighted learning new features during the video tutorial ( v26, v42, v50 ), e. g., \" the video was helpful and showed me some features that i wasn't familiar with [.. ] \" ( v50 ). more specifically, \" [.. ] i liked knowing that i could move columns next to one another, etc. \" ( v60 ), which relates to the re - arrangement of axes. however, the automatically generated voice - over in the video guide was described as unattractive as it sounded robotic ( v3 ). in contrast, the step - by - step guide did not support the usage and understanding of interactive elements ( e. g., filtering and moving axes ) or the interpretation of correlations as st34 described : \" i have trouble with correlations, but i don't think that is the fault of the guide - although examples would be good \" ( st34 ). this may also explain why the results of study 1 were not"
      },
      {
        "vector_id": 153,
        "score": 0.5865920186042786,
        "text": "p time with the visualization and achieved a higher answer correctness. lastly, also for the parallel coordinates plot, a statistical difference in the performance between surveys for the two conditions could be assessed, f ( 2, 577 ) =. 3. 506, p =. 031 ; w ilk f sa =. 988. however, only the response time shows differences, f ( 1, 580 ) = 6. 048 ; p =. 014, where surveys without onboarding ( 50. 13 s ± 99. 57 ) showed on average faster response times than surveys with onboarding ( 65. 91 s ± 41. 70 ). the answer correctness without onboarding showed surprisingly more correct answers ( 0. 58 ±. 49 ) than for surveys with the onboarding ( 0. 52 ±. 50 ), but with a large variance. onboarding and task difficulty subsequently, we investigated the influence of the question type difficulty the users'performance outcome. we therefore assessed differences between reading the data, reading between the data, and reading beyond the data. irrespective of the onboarding method and the visualization type, reading the data questions showed the highest mean rank ( meanrank = 955. 13 ), followed by reading between the data ( meanrank = 813. 33 ) and reading beyond the data question types ( meanrank = 803. 58 ), x ~ 2 = 64. 044, p =. 000, df = 2. similarly, the response time is in accordance with the answer correctness, where the fastest answers were given for the reading the data ( m = 28. 0305 s ; sd = 34. 70184 ), then for the reading between the data ( m = 55. 25 s ; sd = 48. 46 ), and lastly for the reading beyond the data questions ( m = 58. 82 s ; sd = 88. 22 ), f ( 2, 1741 ) = 53. 651, p =. 000, t1 2 =. 058. an additional tukey hsd post - hoc test reveals that a statistically significant difference between reading the data and both reading between and reading beyond the data question type ( p =. 000 ) but not between reading between the data and reading beyond the data ( p =. 610 ) over all visualization types exists. analyzing the performance measures using a three - way anova between onboarding concept, visualization type, and task difficulty level shows statistically significant differences in the response"
      }
    ]
  },
  "rag_prompt": "You are writing an academic abstract using the provided context.\nKeyword: visual_understanding\n\nContext:\n[Chunk 1] the analysis process does not yield entirely obvious categories and extended interpretation of the material is necessary. the analysis process consisted of repeatedly coding the material and results in a few categories that describe the most important insights that can be derived from the material. in this part of the questionnaire, the question whether participants appreciated the onboarding system ( either insitu scrollytelling or tutorial ) yielded interesting results. the participants were specifically asked to discuss advantages and disadvantages. therefore, the answers tend to include both positive and negative aspects. in general, participants liked scrollytelling more than the tutorial. six participants appreciated scrollytelling very much, 14 liked it, nine were undecided, and seven did not like it at all. in contrast to that, only one participant liked the tutorial very much, six appreciated it, 18 were undecided, and 15 did not like it. note that the open - ended questions were not answered by all participants as they were not mandatory. the following statements describe the positive attitudes concerning scrollytelling. \" i liked it because it visually highlighted the important parts and i was less overloaded with all the possibilities in the beginning, because it showed me one feature at a time \" ( p3 ). \" i like that it is quick and that it doesn't require too much time to be learned and understood. i liked that the text was not too invasive, being on the side and having the possibility to hide it \" ( p16 ). the most important positive aspects of the system that were mentioned in the answers were : ( 1 ) it visually highlights the most important parts and shows one feature at a time ( 11 mentions ) ; in this way, it also provides an inherent structure of the system. ( 2 ) it is directly inside the system, therefore, using it does not disrupt the workflow ( 7 mentions ). ( 3 ) it is a simple introduction into the system ( 13 mentions ). participants also outlined drawbacks of the system : ( 1 ) the most important negative aspect was that there were technical and usability problems ( 10 mentions ). the scrollytelling system was a prototype, and sometimes usability issues occurred. a few of the participants mentioned that they did not need scrollytelling and discovered the features of the sys - tem themselves ( 5 mentions ). one example for a negative attitude concerning scrollytelling is the following : \" i did not really like it. the system to use is quite intuitive, and the scrollytelling is in comparison too long and\n\n[Chunk 2] ##bility issues occurred. a few of the participants mentioned that they did not need scrollytelling and discovered the features of the sys - tem themselves ( 5 mentions ). one example for a negative attitude concerning scrollytelling is the following : \" i did not really like it. the system to use is quite intuitive, and the scrollytelling is in comparison too long and convoluted. at the same time, it did not cover enhanced topics like notes and tags. i prefer an approach where one starts immediately using it, and later gets the possibility to learn more details \" ( p12 ). the tutorial was appreciated less than the scrollytelling method. nevertheless, it was stated that \" i liked the tutorial because it allowed me to start working quickly. whenever i struggled, i could go back and read a little more \" ( p22 ). the following positive features of the tutorial were mentioned : ( 1 ) the tutorial is easy to comprehend, it is nice as a reference and a good overview ( 15 mentions ). ( 2 ) some of the participants also mentioned that they liked the videos ( 8 mentions ). several participants had negative attitudes concerning the tutorial : \" the tutorial was not really needed because the visualization was quite intuitive and one could guess what functions and filters were available by trying them out. still, the tutorial gives a good overview about what tools are available \" ( p11 ). in the following, we present the most important negative remarks : ( 1 ) many of the participants mentioned that the tutorial was not needed and that they just started working ( 8 mentions ). this is especially interesting because this was not the case with scrollytelling. the explanatory text was the same, but participants invested much more time in interacting with scrollytelling than with the tutorial. apparently, scrollytelling is more motivating than the tutorial. ( 2 ) several of the participants also mentioned that the tutorial only explained simple things and did not address the more complicated features of the system. they would also have wanted sophisticated examples ( 9 mentions ). ( 3 ) very few participants also mentioned that the did not like videos ( 3 mentions ). apparently, the participants'attitude towards videos is ambiguous. some like them very much, and others do not like them at all. results from tasks we assessed answer correctness ( in percent ) on multiple choice questions, as well as open ended questions. as study 1 found significant differences in answer correctness based on task difficulty\n\nConstraints: Use only the context. Do not invent datasets, baselines, or numerical results.\nIf results are not stated, describe them generally.\n\nWrite a concise abstract (150-250 words).",
  "rag_output": "This study examines the effectiveness of two onboarding methods, scrollytelling and tutorials, in facilitating visual understanding and user engagement. A mixed-methods approach was employed, combining both quantitative and qualitative data from participant feedback. The analysis revealed that scrollytelling was generally preferred over tutorials, with participants appreciating its ability to visually highlight important features, provide a structured introduction, and minimize workflow disruption. Conversely, tutorials were often seen as unnecessary, with participants preferring to explore the system on their own.\nQualitative feedback highlighted the importance of visual understanding in onboarding, with participants praising scrollytelling's ability to convey complex information in a concise and engaging manner. In contrast, tutorials were often criticized for failing to address more advanced features and providing simplistic explanations. The results suggest that scrollytelling's interactive and visually-oriented approach may be more effective in motivating users and promoting engagement with the system.",
  "metrics": {
    "hwt": {
      "llama": {
        "perplexity": 11.049042250008942,
        "burstness": 2.837890625,
        "curvature": 0.07285156249999991
      },
      "gpt2": {
        "perplexity": 17.14654807625046,
        "burstness": 2.912109375,
        "curvature": 0.10820312500000018
      }
    },
    "only_llm": {
      "llama": {
        "perplexity": 4.390715454506516,
        "burstness": 1.849609375,
        "curvature": 0.2950683593750001
      },
      "gpt2": {
        "perplexity": 10.835334427562556,
        "burstness": 2.171875,
        "curvature": 0.3146484374999998
      }
    },
    "rag": {
      "llama": {
        "perplexity": 5.534147309488141,
        "burstness": 2.3125,
        "curvature": 0.3375976562499998
      },
      "gpt2": {
        "perplexity": 12.520205133467638,
        "burstness": 2.375,
        "curvature": 0.3555664062499999
      }
    }
  }
}