{
  "paper_id": "2205.03802v1",
  "keyword": "visual_understanding",
  "source_path": "papers/outputs/visual_understanding/2205.03802v1.json",
  "abstract_hwt": "In recent years, audio-visual event localization has attracted much attention. It's purpose is to detect the segment containing audio-visual events and recognize the event category from untrimmed videos. Existing methods use audio-guided visual attention to lead the model pay attention to the spatial area of the ongoing event, devoting to the correlation between audio and visual information but ignoring the correlation between audio and spatial motion. We propose a past and future motion extraction (pf-ME) module to mine the visual motion from videos ,embedded into the past and future motion guided network (PFAGN), and motion guided audio attention (MGAA) module to achieve focusing on the information related to interesting events in audio modality through the past and future visual motion. We choose AVE as the experimental verification dataset and the experiments show that our method outperforms the state-of-thearts in both supervised and weakly-supervised settings.",
  "abstract_only_llm": "Human perception of the world is a multifaceted phenomenon, with various senses such as hearing, vision, smell, and touch contributing to our overall understanding. Among these, audio and visual components have emerged as dominant factors, prompting significant interest in audio-visual joint learning (AVJL) in recent years.\nThis review aims to provide an in-depth examination of the current state of AVJL research, with a particular focus on its applications in enhancing visual understanding. By integrating audio and visual information, AVJL has been shown to improve the accuracy and robustness of visual perception, particularly in tasks involving scene understanding, object recognition, and event detection. The integration of audio cues can also help alleviate the limitations of visual-only approaches, such as occlusion, lighting conditions, and cluttered environments.\nThis review will discuss the theoretical foundations, methodologies, and applications of AVJL, highlighting its potential to revolutionize various fields, including computer vision, robotics, and human-computer interaction.",
  "abstract_rag": "This paper presents a novel approach to audio-visual event localization, focusing on leveraging visual motion information to improve the accuracy of audio-visual event detection. Our method, denoted as PF-MG Network, introduces a motion-guided audio attention module that integrates visual motion cues to filter background noise and retain information relevant to audio-visual events. By incorporating visual motion, our network demonstrates improved performance in locating audible objects compared to existing methods.\nWe propose a new motion extraction module, PF-ME, which enables the network to capture past, current, and future motion information, enriching the visual motion content. Experimental results on the AV-E dataset demonstrate that our method outperforms state-of-the-art models in both supervised and weakly-supervised tasks. The contributions of this paper include: (1) the introduction of visual motion information to enhance audio event-related content, and (2) the development of a novel motion extraction module to capture past and future motion information.\nOur approach showcases the potential of visual motion guidance in audio-visual event localization, providing a new direction for future research in this area.",
  "only_llm_summary": "INTRODUCTION H UMAN perceive the world through a variety of senses, such as hearing, vision, smelling, and touching. Since the sound and vision are two dominant components, audio visual joint learning has attracted increasing attention in recent years.",
  "only_llm_body": "I. INTRODUCTION H UMAN perceive the world through a variety of senses, such as hearing, vision, smelling, and touching. Since the sound and vision are two dominant components, audio visual joint learning has attracted increasing attention in recent years. Audio visual event localization requires a machine to detect the event segment in an untrimmed video and recognize the category of the event. When an event occurs in both auditory and visual modes, it is regarded as an audio-visual event (as shown in Figure 1 ). Different from video action recognition [20] , which directly recognizes the category from an untrimmed video, audio-visual event localization task [1] - [12] requires the computer to divide the video into some fixed length segments, recognize the category of each segment, and combine the adjacent segments with the same category as the detection result of localization. Audio visual event localization methods are required to consider the correlation between the two modalities. Existing methods rely on visual modality to provide spatial information and pick the audio motion as the dynamic information. They also use audio modality to guide the visual modality to pay attention to the space of interesting objects. However, there are some problems in these methods: (1) Existing audio visual event localization methods focus on the visual attention guided by hearing without mining the information related to interesting events in audio modality [6] , [9] , [12] ; (2) Existing\n\nigmoid(M ), M ca ∈ R T ×da (9) a = a 1 ⊕ (M ca a 1 ) (10) In the existing methods, audio-guided visual attention is used to locate the spatial area of audible objects, only modelling the relation between audio and static vision. However, audio contains rich dynamic information, and the relationship between audio and dynamic vision needs to be fully explored. Temporal attention module in motion-guided audio attention module thar we proposed can distinguish whether a segment contains an action or not: segments with strong motion in both dynamic vision and audio are segments in which actions occur, while segments with weak visual motion are most likely to be segments presenting background noise even though the audio motion is strong. In the channel attention module, audio and dynamic visual resonance information is enhanced to reduce the influence of background noise and facilitate the classification of action categories. Then a is regarded as static visual guidance to pay attention to th\n\nse attention module, the purple bar represents the channel-wise attention module, and the corresponding module details are in the upper right corner. Under the guidance of visual motion, the event-related information of audio modality is concerned, and the background noise is filtered out. Fig. 5 . 5 Fig. 5. Qualitative examples of different attention methods. The top row, middle row and bottom row show the visualization examples of CMRAN and our method respectively.As can be seen from the illustration, our PFMG network is more focused than AVEL in locating audible objects and more accurate than CMRAN. This is because hearing, after being screened by visual motion, retains information highly relevant to audio-visual events, thus better directing the visual attention area. TABLE I COMPARISONS I WITH STATE-OF-THE-ARTS IN SUPERVISED TASK ON AVE DATASET (* INDICATES THE REPRODUCED PERFORMANCE) Method Audio Feature Video Feature Accuracy(% ) AVEL [12] VGG-19 VGG-like 72.7 AVIN [11] VGG-19 VGG-like 75.2 AVSDN [10] VGG-19 VGG-like 75.4 CMRAN* [9] VGG-19 VGG-like 76.8 CMRAN [9] VGG-19 VGG-like 77.4 PSP [3] VGG-19 VGG-like 77.8 Ours VGG-19 VGG-like 78.5 TABLE III ABLATION III STUDY ON SUPERVISED TASK ON AVE DATASET (* INDICATES THE REPRODUCED PERFORMANCE) Method Accuracy(% ) CMRAN* [9] 76.841 +RNN(w/o temporal attention) 76.692 +motion from the ME (w/o temporal attention) 77.313 +motion from the pf-ME (w/o temporal attention) 77.488 +motion from the pf-ME (w temporal attention) 78",
  "only_llm_prompt": "You are writing an academic abstract.\nKeyword: visual_understanding\nBrief summary (2 sentences): INTRODUCTION H UMAN perceive the world through a variety of senses, such as hearing, vision, smelling, and touching. Since the sound and vision are two dominant components, audio visual joint learning has attracted increasing attention in recent years.\nConstraints: Do not invent datasets, baselines, or numerical results.\nIf results are not stated, describe them generally.\n\nWrite a concise abstract (150-250 words).",
  "only_llm_output": "Human perception of the world is a multifaceted phenomenon, with various senses such as hearing, vision, smell, and touch contributing to our overall understanding. Among these, audio and visual components have emerged as dominant factors, prompting significant interest in audio-visual joint learning (AVJL) in recent years.\nThis review aims to provide an in-depth examination of the current state of AVJL research, with a particular focus on its applications in enhancing visual understanding. By integrating audio and visual information, AVJL has been shown to improve the accuracy and robustness of visual perception, particularly in tasks involving scene understanding, object recognition, and event detection. The integration of audio cues can also help alleviate the limitations of visual-only approaches, such as occlusion, lighting conditions, and cluttered environments.\nThis review will discuss the theoretical foundations, methodologies, and applications of AVJL, highlighting its potential to revolutionize various fields, including computer vision, robotics, and human-computer interaction.",
  "rag_queries": [
    "What is the main problem or motivation addressed in this paper?",
    "What method or approach is proposed? Summarize the core idea and components.",
    "What experiments or evaluation setup are used (datasets, tasks, metrics)?",
    "What are the main results or findings? Include numeric results only if present.",
    "What are the key contributions and significance of this work?"
  ],
  "rag_chunks": [
    {
      "vector_id": 562,
      "score": 0.5147264003753662,
      "text": "of different attention methods. the top row, middle row and bottom row show the visualization examples of cmran and our method respectively. as can be seen from the illustration, our pfmg network is more focused than avel in locating audible objects and more accurate than cmran. this is because hearing, after being screened by visual motion, retains information highly relevant to audio - visual events, thus better directing the visual attention area. table i comparisons i with state - of - the - arts in supervised task on ave dataset ( * indicates the reproduced performance ) method audio feature video feature accuracy ( % ) avel [ 12 ] vgg - 19 vgg - like 72. 7 avin [ 11 ] vgg - 19 vgg - like 75. 2 avsdn [ 10 ] vgg - 19 vgg - like 75. 4 cmran * [ 9 ] vgg - 19 vgg - like 76. 8 cmran [ 9 ] vgg - 19 vgg - like 77. 4 psp [ 3 ] vgg - 19 vgg - like 77. 8 ours vgg - 19 vgg - like 78. 5 table iii ablation iii study on supervised task on ave dataset ( * indicates the reproduced performance ) method accuracy ( % ) cmran * [ 9 ] 76. 841 + rnn ( w / o temporal attention ) 76. 692 + motion from the me ( w / o temporal attention ) 77. 313 + motion from the pf - me ( w / o temporal attention ) 77. 488 + motion from the pf - me ( w temporal attention ) 78. 458",
      "query": "What is the main problem or motivation addressed in this paper?"
    },
    {
      "vector_id": 549,
      "score": 0.5049009323120117,
      "text": "segment classification. motion information and ignore the past one. to address the lack of the past motion in previous motion extraction module, we propose a new motion extraction module ( pf - me ) to \" see \" the motion of the past, future, and current segments at the same time. to sum up, the contributions of this paper are as follows : ( 1 ) visual motion information is introduced to mine the information related to audio event - related content by the motion - guided audio attention module we proposed. meanwhile, the background noise is filtered. ( 2 ) a new motion extraction module : pf - me is proposed to extract the past and future motion information to enrich visual motion content. ( 3 ) experiments results demonstrate that our method outperforms the state - of - the - art in supervised and weaklysupervised tasks on the ave dataset. it's available at : which provides an overview of working with pfagn. ii. related works we first review the methods of existing audio - visual event localization, and then we narrow the scope to the audio guided visual attention audio visual event localization methods. finally, two motion extraction modules in the action recognition task are discussed. audio visual event localization. the release of the ave [ 12 ] dataset promotes the research of audio - visual event localization tasks. tian y et al. [ 12 ] proposed to learn event information through lstm in a sequence to sequence manner. hanyu x et al. [ 6 ] proposed to learn inter and intra information between visual and audio modality by adaptive attention and self - attention modal. jinxing z et al. [ 3 ] aggregates relevant information that probably not be available at the same time through the positive sample distribution model. and they all use the auditory guided visual attention module that we will discuss below. audio - guided visual attention. some audio - visual joint learning methods use auditory guided visual attention to lead the model to follow the spatial area related to hearing. the sound source separation schemes proposed in [ 18 ], [ 19 ] show that the voices of different speakers can be distinguished by paying attention to the location of the spatial region around the speaker's voice and finding matching sound source information. in the audio - visual event localization task, [ 12 ] firstly adopted the auditory guided visual attention mechanism, [ 3 ], [ 6 ], [ 9 ] have followed this attention mechanism. the attention relies on visual modality to provide static spatial information and audio modality to provide dynamic information. however, the",
      "query": "What is the main problem or motivation addressed in this paper?"
    },
    {
      "vector_id": 554,
      "score": 0.5111874341964722,
      "text": "： [ h, w, d a ] concat spatial pooling m s ： [ t, h, w, d a ] 1×1, 2d conv m ： [ t, d a ] m'： [ t, d a ] v - a attention model. audio - visual features are adopted as another modality's attention guidance in the v - a attention module to activate modality correlation information. firstly, as shown in figure 4, we add a motion - guided audio attention ( mgaa ) branch with a temporal - wise attention module and a channel activation module to screen the information highly related to both audio and visual motion. after obtaining a new auditory feature a from the motion - guided audio attention module, the module attracts more attention to audio data related to the events category while reducing the impact of background noise. the calculation formulas in temporal attention module are as follows. m ta = softmax ( w ta m ), m ta ∈ r t ×1 ( 7 ) a 1 = a ⊕ ( m ta a ) ( 8 ) and the calculation formulas in channel attention module are as follows : m ca = sigmoid ( m ), m ca ∈ r t ×da ( 9 ) a = a 1 ⊕ ( m ca a 1 ) ( 10 ) in the existing methods, audio - guided visual attention is used to locate the spatial area of audible objects, only modelling the relation between audio and static vision. however, audio contains rich dynamic information, and the relationship between audio and dynamic vision needs to be fully explored. temporal attention module in motion - guided audio attention module thar we proposed can distinguish whether a segment contains an action or not : segments with strong motion in both dynamic vision and audio are segments in which actions occur, while segments with weak visual motion are most likely to be segments presenting background noise even though the audio motion is strong. in the channel attention module, audio and dynamic visual resonance information is enhanced to reduce the influence of background noise and facilitate the classification of action categories. then a is regarded as static visual guidance to pay attention to the event - related spatial area. continuing the practice in the cmran, the original static visual feature v enters the channel attention module to obtain the static visual v c that activates the event - related channel. the calculation formula is as follows : v c = relu ( w c1 a ) relu ( w c2 v ) ( 11 ) v c = avg ( v c ) w c3 v ( 12 ) then the spatial attention module obtains the static",
      "query": "What method or approach is proposed? Summarize the core idea and components."
    },
    {
      "vector_id": 557,
      "score": 0.5938590168952942,
      "text": "of the complete video is considered as the category for all audio - visual related segments. when the score s e is less than 0. 5, the fragment is considered as a background fragment. s c represents the category results for the complete video. calculated as follows : s c = softmax ( o av w c ) ( 25 ) s e = sigmoid ( o av w e ) ( 26 ) the complete video category detection results are constrained by multi - classification ce ( cross - entropy ) loss, and the audio - visual correlation detection results of fixed length segments are constrained by binary classification ce loss. the final loss is the sum of the two. the loss is calculated as follows : l c = - c k = 1 y i log ( s ci ) ( 27 ) l e = - ylog ( s e ) - ( 1 - y ) log ( 1 - s e ) ( 28 ) l = l c + l e ( 29 ) where y i is the label and p i is the prediction result. in the supervised task, segment level labels are provided in training, including audio - visual correlation labels of each segment and category labels of each segment. in weakly - supervised training, only the category of the complete video is provided, and the supervision signals are mined from the data ( such as whether audio and video exist at the same time ). we adapt the label by adding the prediction results of each segment in time dimension element - wise. iv. experiment dataset. we perform extensive experiments on the ave dataset. the ave dataset [ 12 ] contains 4143 videos on youtube, 66. 4 % of which are 10s long, and the rest are no less than 2s long, covering 28 event categories. it involves various audio - visual events such as human activities, animal activities, music performance, and vehicle sound. it provides a dataset with a wide range and samples full of time inconsistency and mutation. the data scene is rich and close to the actual event scene. ave is the most commonly used public dataset for audio - visual event localization. consistent with the practice of [ 1 ] - [ 12 ], we use accuracy to measure the performance of event localization. implementation details. we adopt 2d - cnn networks that pre - trained on large datasets to extract audio and visual features of video segments. we adopt vgg - 19 pre - trained on imagenet [ 24 ] to extract the visual feature. the extracted video features are v ∈ r t ×h×w×",
      "query": "What experiments or evaluation setup are used (datasets, tasks, metrics)?"
    }
  ],
  "rag_by_query": {
    "What is the main problem or motivation addressed in this paper?": [
      {
        "vector_id": 562,
        "score": 0.5147264003753662,
        "text": "of different attention methods. the top row, middle row and bottom row show the visualization examples of cmran and our method respectively. as can be seen from the illustration, our pfmg network is more focused than avel in locating audible objects and more accurate than cmran. this is because hearing, after being screened by visual motion, retains information highly relevant to audio - visual events, thus better directing the visual attention area. table i comparisons i with state - of - the - arts in supervised task on ave dataset ( * indicates the reproduced performance ) method audio feature video feature accuracy ( % ) avel [ 12 ] vgg - 19 vgg - like 72. 7 avin [ 11 ] vgg - 19 vgg - like 75. 2 avsdn [ 10 ] vgg - 19 vgg - like 75. 4 cmran * [ 9 ] vgg - 19 vgg - like 76. 8 cmran [ 9 ] vgg - 19 vgg - like 77. 4 psp [ 3 ] vgg - 19 vgg - like 77. 8 ours vgg - 19 vgg - like 78. 5 table iii ablation iii study on supervised task on ave dataset ( * indicates the reproduced performance ) method accuracy ( % ) cmran * [ 9 ] 76. 841 + rnn ( w / o temporal attention ) 76. 692 + motion from the me ( w / o temporal attention ) 77. 313 + motion from the pf - me ( w / o temporal attention ) 77. 488 + motion from the pf - me ( w temporal attention ) 78. 458"
      },
      {
        "vector_id": 549,
        "score": 0.5049009323120117,
        "text": "segment classification. motion information and ignore the past one. to address the lack of the past motion in previous motion extraction module, we propose a new motion extraction module ( pf - me ) to \" see \" the motion of the past, future, and current segments at the same time. to sum up, the contributions of this paper are as follows : ( 1 ) visual motion information is introduced to mine the information related to audio event - related content by the motion - guided audio attention module we proposed. meanwhile, the background noise is filtered. ( 2 ) a new motion extraction module : pf - me is proposed to extract the past and future motion information to enrich visual motion content. ( 3 ) experiments results demonstrate that our method outperforms the state - of - the - art in supervised and weaklysupervised tasks on the ave dataset. it's available at : which provides an overview of working with pfagn. ii. related works we first review the methods of existing audio - visual event localization, and then we narrow the scope to the audio guided visual attention audio visual event localization methods. finally, two motion extraction modules in the action recognition task are discussed. audio visual event localization. the release of the ave [ 12 ] dataset promotes the research of audio - visual event localization tasks. tian y et al. [ 12 ] proposed to learn event information through lstm in a sequence to sequence manner. hanyu x et al. [ 6 ] proposed to learn inter and intra information between visual and audio modality by adaptive attention and self - attention modal. jinxing z et al. [ 3 ] aggregates relevant information that probably not be available at the same time through the positive sample distribution model. and they all use the auditory guided visual attention module that we will discuss below. audio - guided visual attention. some audio - visual joint learning methods use auditory guided visual attention to lead the model to follow the spatial area related to hearing. the sound source separation schemes proposed in [ 18 ], [ 19 ] show that the voices of different speakers can be distinguished by paying attention to the location of the spatial region around the speaker's voice and finding matching sound source information. in the audio - visual event localization task, [ 12 ] firstly adopted the auditory guided visual attention mechanism, [ 3 ], [ 6 ], [ 9 ] have followed this attention mechanism. the attention relies on visual modality to provide static spatial information and audio modality to provide dynamic information. however, the"
      }
    ],
    "What method or approach is proposed? Summarize the core idea and components.": [
      {
        "vector_id": 554,
        "score": 0.5111874341964722,
        "text": "： [ h, w, d a ] concat spatial pooling m s ： [ t, h, w, d a ] 1×1, 2d conv m ： [ t, d a ] m'： [ t, d a ] v - a attention model. audio - visual features are adopted as another modality's attention guidance in the v - a attention module to activate modality correlation information. firstly, as shown in figure 4, we add a motion - guided audio attention ( mgaa ) branch with a temporal - wise attention module and a channel activation module to screen the information highly related to both audio and visual motion. after obtaining a new auditory feature a from the motion - guided audio attention module, the module attracts more attention to audio data related to the events category while reducing the impact of background noise. the calculation formulas in temporal attention module are as follows. m ta = softmax ( w ta m ), m ta ∈ r t ×1 ( 7 ) a 1 = a ⊕ ( m ta a ) ( 8 ) and the calculation formulas in channel attention module are as follows : m ca = sigmoid ( m ), m ca ∈ r t ×da ( 9 ) a = a 1 ⊕ ( m ca a 1 ) ( 10 ) in the existing methods, audio - guided visual attention is used to locate the spatial area of audible objects, only modelling the relation between audio and static vision. however, audio contains rich dynamic information, and the relationship between audio and dynamic vision needs to be fully explored. temporal attention module in motion - guided audio attention module thar we proposed can distinguish whether a segment contains an action or not : segments with strong motion in both dynamic vision and audio are segments in which actions occur, while segments with weak visual motion are most likely to be segments presenting background noise even though the audio motion is strong. in the channel attention module, audio and dynamic visual resonance information is enhanced to reduce the influence of background noise and facilitate the classification of action categories. then a is regarded as static visual guidance to pay attention to the event - related spatial area. continuing the practice in the cmran, the original static visual feature v enters the channel attention module to obtain the static visual v c that activates the event - related channel. the calculation formula is as follows : v c = relu ( w c1 a ) relu ( w c2 v ) ( 11 ) v c = avg ( v c ) w c3 v ( 12 ) then the spatial attention module obtains the static"
      }
    ],
    "What experiments or evaluation setup are used (datasets, tasks, metrics)?": [
      {
        "vector_id": 557,
        "score": 0.5938590168952942,
        "text": "of the complete video is considered as the category for all audio - visual related segments. when the score s e is less than 0. 5, the fragment is considered as a background fragment. s c represents the category results for the complete video. calculated as follows : s c = softmax ( o av w c ) ( 25 ) s e = sigmoid ( o av w e ) ( 26 ) the complete video category detection results are constrained by multi - classification ce ( cross - entropy ) loss, and the audio - visual correlation detection results of fixed length segments are constrained by binary classification ce loss. the final loss is the sum of the two. the loss is calculated as follows : l c = - c k = 1 y i log ( s ci ) ( 27 ) l e = - ylog ( s e ) - ( 1 - y ) log ( 1 - s e ) ( 28 ) l = l c + l e ( 29 ) where y i is the label and p i is the prediction result. in the supervised task, segment level labels are provided in training, including audio - visual correlation labels of each segment and category labels of each segment. in weakly - supervised training, only the category of the complete video is provided, and the supervision signals are mined from the data ( such as whether audio and video exist at the same time ). we adapt the label by adding the prediction results of each segment in time dimension element - wise. iv. experiment dataset. we perform extensive experiments on the ave dataset. the ave dataset [ 12 ] contains 4143 videos on youtube, 66. 4 % of which are 10s long, and the rest are no less than 2s long, covering 28 event categories. it involves various audio - visual events such as human activities, animal activities, music performance, and vehicle sound. it provides a dataset with a wide range and samples full of time inconsistency and mutation. the data scene is rich and close to the actual event scene. ave is the most commonly used public dataset for audio - visual event localization. consistent with the practice of [ 1 ] - [ 12 ], we use accuracy to measure the performance of event localization. implementation details. we adopt 2d - cnn networks that pre - trained on large datasets to extract audio and visual features of video segments. we adopt vgg - 19 pre - trained on imagenet [ 24 ] to extract the visual feature. the extracted video features are v ∈ r t ×h×w×"
      }
    ]
  },
  "rag_prompt": "You are writing an academic abstract using the provided context.\nKeyword: visual_understanding\n\nContext:\n[Chunk 1] of different attention methods. the top row, middle row and bottom row show the visualization examples of cmran and our method respectively. as can be seen from the illustration, our pfmg network is more focused than avel in locating audible objects and more accurate than cmran. this is because hearing, after being screened by visual motion, retains information highly relevant to audio - visual events, thus better directing the visual attention area. table i comparisons i with state - of - the - arts in supervised task on ave dataset ( * indicates the reproduced performance ) method audio feature video feature accuracy ( % ) avel [ 12 ] vgg - 19 vgg - like 72. 7 avin [ 11 ] vgg - 19 vgg - like 75. 2 avsdn [ 10 ] vgg - 19 vgg - like 75. 4 cmran * [ 9 ] vgg - 19 vgg - like 76. 8 cmran [ 9 ] vgg - 19 vgg - like 77. 4 psp [ 3 ] vgg - 19 vgg - like 77. 8 ours vgg - 19 vgg - like 78. 5 table iii ablation iii study on supervised task on ave dataset ( * indicates the reproduced performance ) method accuracy ( % ) cmran * [ 9 ] 76. 841 + rnn ( w / o temporal attention ) 76. 692 + motion from the me ( w / o temporal attention ) 77. 313 + motion from the pf - me ( w / o temporal attention ) 77. 488 + motion from the pf - me ( w temporal attention ) 78. 458\n\n[Chunk 2] segment classification. motion information and ignore the past one. to address the lack of the past motion in previous motion extraction module, we propose a new motion extraction module ( pf - me ) to \" see \" the motion of the past, future, and current segments at the same time. to sum up, the contributions of this paper are as follows : ( 1 ) visual motion information is introduced to mine the information related to audio event - related content by the motion - guided audio attention module we proposed. meanwhile, the background noise is filtered. ( 2 ) a new motion extraction module : pf - me is proposed to extract the past and future motion information to enrich visual motion content. ( 3 ) experiments results demonstrate that our method outperforms the state - of - the - art in supervised and weaklysupervised tasks on the ave dataset. it's available at : which provides an overview of working with pfagn. ii. related works we first review the methods of existing audio - visual event localization, and then we narrow the scope to the audio guided visual attention audio visual event localization methods. finally, two motion extraction modules in the action recognition task are discussed. audio visual event localization. the release of the ave [ 12 ] dataset promotes the research of audio - visual event localization tasks. tian y et al. [ 12 ] proposed to learn event information through lstm in a sequence to sequence manner. hanyu x et al. [ 6 ] proposed to learn inter and intra information between visual and audio modality by adaptive attention and self - attention modal. jinxing z et al. [ 3 ] aggregates relevant information that probably not be available at the same time through the positive sample distribution model. and they all use the auditory guided visual attention module that we will discuss below. audio - guided visual attention. some audio - visual joint learning methods use auditory guided visual attention to lead the model to follow the spatial area related to hearing. the sound source separation schemes proposed in [ 18 ], [ 19 ] show that the voices of different speakers can be distinguished by paying attention to the location of the spatial region around the speaker's voice and finding matching sound source information. in the audio - visual event localization task, [ 12 ] firstly adopted the auditory guided visual attention mechanism, [ 3 ], [ 6 ], [ 9 ] have followed this attention mechanism. the attention relies on visual modality to provide static spatial information and audio modality to provide dynamic information. however, the\n\nConstraints: Use only the context. Do not invent datasets, baselines, or numerical results.\nIf results are not stated, describe them generally.\n\nWrite a concise abstract (150-250 words).",
  "rag_output": "This paper presents a novel approach to audio-visual event localization, focusing on leveraging visual motion information to improve the accuracy of audio-visual event detection. Our method, denoted as PF-MG Network, introduces a motion-guided audio attention module that integrates visual motion cues to filter background noise and retain information relevant to audio-visual events. By incorporating visual motion, our network demonstrates improved performance in locating audible objects compared to existing methods.\nWe propose a new motion extraction module, PF-ME, which enables the network to capture past, current, and future motion information, enriching the visual motion content. Experimental results on the AV-E dataset demonstrate that our method outperforms state-of-the-art models in both supervised and weakly-supervised tasks. The contributions of this paper include: (1) the introduction of visual motion information to enhance audio event-related content, and (2) the development of a novel motion extraction module to capture past and future motion information.\nOur approach showcases the potential of visual motion guidance in audio-visual event localization, providing a new direction for future research in this area.",
  "metrics": {
    "hwt": {
      "llama": {
        "perplexity": 17.587483776585056,
        "burstness": 3.1796875,
        "curvature": 0.08173828124999982
      },
      "gpt2": {
        "perplexity": 48.46584751755162,
        "burstness": 3.5859375,
        "curvature": 0.0146484375
      }
    },
    "only_llm": {
      "llama": {
        "perplexity": 3.3337625548791783,
        "burstness": 1.7041015625,
        "curvature": 0.3509765625000001
      },
      "gpt2": {
        "perplexity": 8.178939526719109,
        "burstness": 2.130859375,
        "curvature": 0.33349609375
      }
    },
    "rag": {
      "llama": {
        "perplexity": 6.63645625841439,
        "burstness": 2.38671875,
        "curvature": 0.189453125
      },
      "gpt2": {
        "perplexity": 14.104365720113616,
        "burstness": 2.646484375,
        "curvature": 0.2138671875
      }
    }
  }
}