{
  "paper_id": "2207.06519v1",
  "keyword": "visual_understanding",
  "source_path": "papers/outputs/visual_understanding/2207.06519v1.json",
  "abstract_hwt": "Figure 1: The interactive analysis tool ASEVis: A programming interface (a) allows for the definition of time-dependent measures as well as aggregations. Aggregated measures are shown in a heatmap (b) while the aggregation over time is visualized in the timeplot (d). Detail visualizations for single ensemble members include animations (c), a line plot, and a scatter plot matrix (SPLOM).",
  "abstract_only_llm": "Numerical simulations have become a cornerstone in the study of complex physical systems, enabling researchers to explore the intricate relationships between system behavior and input parameters. This work focuses on active particles, a class of self-propelled entities that exhibit unique characteristics, such as bacteria or other microorganisms, which are of great interest in fields like biophysics and soft matter physics.\nTo gain a deeper understanding of these systems, we employ numerical simulations to model the behavior of active particles under various conditions. Our approach allows us to investigate the interplay between particle interactions, environment constraints, and external forces, shedding light on the emergent properties of active particle systems. Specifically, we examine the visual understanding of these systems, including patterns of movement, collective behavior, and spatial organization.\nBy leveraging numerical simulations, we aim to provide insights into the underlying mechanisms governing active particle dynamics, ultimately contributing to a more comprehensive understanding of these complex systems. This research has far-reaching implications for fields where active particles play a crucial role, such as biology, ecology, and materials science.",
  "abstract_rag": "This study explores the behavior of active matter systems, specifically a small active crystal, through numerical simulations. The system's state is described by a 21-dimensional feature vector, influenced by two input parameters: the distance between particles (d) and the propulsion mechanism (beta). The goal is to develop a measure that allows for differentiation between various types of motion and characterizes the transition between states.\nWe propose a novel measure, using the closest Euclidean distance to a position the trajectory comes back to, to capture periodic motion. This measure enables a clear separation between different types of runs and allows for determining the end of the transition phase. For aggregation over time, we use the mean over selected time steps.\nOur analysis aims to provide a better understanding of the system's behavior, leveraging visual understanding of the ensemble data. We address three key requirements: (1) visual investigation of multi-dimensional time series data, (2) definition of an aggregation measure to reduce dimensionality, and (3) summarization of the data over time.",
  "only_llm_summary": "INTRODUCTION Numerical simulations are frequently applied in physics because they allow for studying the dependence of a system's behavior on input parameters. One example are active particles, which are particles like bacteria or other microorganisms that can propel themselves.",
  "only_llm_body": "INTRODUCTION Numerical simulations are frequently applied in physics because they allow for studying the dependence of a system's behavior on input parameters. One example are active particles, which are particles like bacteria or other microorganisms that can propel themselves. Here, simulations are used to identify how the propulsion mechanism of the particles as well as the distances between them influence the system's behavior. The analysis can result in identifying different states of matter formed by active particles. In this article, we want to investigate a so-called active crystal, which is a crystal formed by active particles. Active crystals show interesting properties and might allow for the creation of programmable materials. Each self-propelled particle is fixed in a certain 3D location but can rotate freely in all three dimensions. Considering a small crystal of k particles, where each particle is characterized by a 3-dimensional orientation vector, each state of the system (i.e., each time step of a simulation) can be described by a 3k-dimensional feature vector. Then, the task is to study the evolution of a 3k-dimensional vector over time and compare it to other ensemble members. The overall goal is to define a measure that describes the evolution of each ensemble member. This measure shall characterize the differences in temporal evolutions of the ensemble members. Many measures exist to describe certain characteristics of 1D time series (such as frequency f\n\nmbines visualizations at three different levels of detail, see Fig. 1 , which we will explain in detail in this section. The whole analysis process shown in Fig. 2 focuses on an integrated programming interface that allows for the definition of new characteristic measures based on preliminary insights into the data. A typical analytical workflow starts with a bottom-up analysis: By investigating some simulation runs in detail (T1), the user can identify characteristic behavior to define a measure that aggregates the data for each time step by inserting the definition directly into the interface (T2). This measure is then plotted over time for a selection of ensemble members and shown in a line plot (T3). After some iterative refinement of the time-step measure, if necessary, the user can define a time-series aggregation measure that results in a single number for each ensemble run (T4). This overall measure is visualized in a heatmap providing an overview of the whole ensemble's depend\n\nly the detail visualizations are domain-specific. Our approach scales well to larger systems because we use dimensionality reductions by a user-defined measure. However, depending on the number of particles, the detail visualizations should be adapted to avoid overplotting. Our heatmap visualization is currently limited to analyzing two parameters that suffice for the given application scenario. However, future research directions can target the analysis of higher-dimensional parameter spaces in this context or adapt existing tools [20] . Additionally, our tool focuses on exploring the data for defining new measures, but is not optimized for creating paper-ready figures targeted at presenting the results, which would improve the practical usefulness of the tool. We provide our source code at https://github.com/marinaevers/asevis . Figure 2 : 2 Figure2: Analytical workflow when using ASEVis: Time-dependent and time-independent measures are defined iteratively and then used to gain insights into the data. Figure 3 : 3 Figure 3: Visualizations for the investigation of single runs. a The line plot showing the variation of the x-coordinate for the single particles (beta=-2.7, d=2.3) indicates a periodic motion. b The SPLOM showing the PCA of the complete data confirms this. c The line plot for the run with beta=0.0, d=2.3 shows no clear patterns. d The SPLOM also does not reveal a pattern. Here, we need 20 dimensions to cover 99.9% of the data but show only the first 8 dimensi",
  "only_llm_prompt": "You are writing an academic abstract.\nKeyword: visual_understanding\nBrief summary (2 sentences): INTRODUCTION Numerical simulations are frequently applied in physics because they allow for studying the dependence of a system's behavior on input parameters. One example are active particles, which are particles like bacteria or other microorganisms that can propel themselves.\nConstraints: Do not invent datasets, baselines, or numerical results.\nIf results are not stated, describe them generally.\n\nWrite a concise abstract (150-250 words).",
  "only_llm_output": "Numerical simulations have become a cornerstone in the study of complex physical systems, enabling researchers to explore the intricate relationships between system behavior and input parameters. This work focuses on active particles, a class of self-propelled entities that exhibit unique characteristics, such as bacteria or other microorganisms, which are of great interest in fields like biophysics and soft matter physics.\nTo gain a deeper understanding of these systems, we employ numerical simulations to model the behavior of active particles under various conditions. Our approach allows us to investigate the interplay between particle interactions, environment constraints, and external forces, shedding light on the emergent properties of active particle systems. Specifically, we examine the visual understanding of these systems, including patterns of movement, collective behavior, and spatial organization.\nBy leveraging numerical simulations, we aim to provide insights into the underlying mechanisms governing active particle dynamics, ultimately contributing to a more comprehensive understanding of these complex systems. This research has far-reaching implications for fields where active particles play a crucial role, such as biology, ecology, and materials science.",
  "rag_queries": [
    "What is the main problem or motivation addressed in this paper?",
    "What method or approach is proposed? Summarize the core idea and components.",
    "What experiments or evaluation setup are used (datasets, tasks, metrics)?",
    "What are the main results or findings? Include numeric results only if present.",
    "What are the key contributions and significance of this work?"
  ],
  "rag_chunks": [
    {
      "vector_id": 1547,
      "score": 0.5390396118164062,
      "text": ", and beta, which influences their propulsion mechanism. here, it is of special interest, to see if the systems form different states of matter based on these parameters and where the boundaries of those states of matter are. we start by analyzing individual runs. here, we can already spot characteristically different behaviors as shown in fig. 3. for the run shown in fig. 3a, we observe that the systems performs a periodic motion. to confirm if the motion is completely periodic or if this is an artifact by using only part of the data, we visualize the pca outcome in the splom starting from 300r / b 1 ( see fig. 3b ). we observe that we only need four principle components to capture 99. 9 % of the data and that the data indeed exhibit a periodic motion in the 4 - dimensional space. however, when investigating a different run, we cannot identify such a periodic motion, neither in the line plot nor in the splom. thus, the goal is to find a measure that allows us to differentiate these types of motion. this corresponds to a so - called order parameter that would also allow to characterize the transition between the states. in a first step, we tried to use the distance to the first feature vector because this measure would become 0 every time the system repeats its behavior and thus capture its periodicity. however, by observing this measure for different runs in the timeplot, we found that it does not yield meaningful results for non - periodic cases and strongly depends on the choice of the first time step. therefore, we adapted our definition and, after some further refinement steps, we came up with a measure that uses for each timestep the closest euclidean distance to a position to which the trajectory comes back to. observing the measure in the timeplot, we found that it allows for a clear separation between different types of runs. further, it allows us to determine the end of the transition phase to a periodic motion because this measure equals 0 for periodic cases. for the aggregation over time, we chose to use the mean over the selected time. the resulting heatmap is shown in fig. 1b. here, we can clearly separate the regions with periodic behavior ( small values of d ) from other regions. we also see a continuous increase in direction of d and discontinuities in direction of beta. hovering over the heatmap reveals different distributions for the different behaviors. to obtain a better understanding, we can select a set of runs in this direction and investigate it in the",
      "query": "What is the main problem or motivation addressed in this paper?"
    },
    {
      "vector_id": 1542,
      "score": 0.5301545262336731,
      "text": "the energy for self - propulsion and are out of equilibrium as all kinds of active matter. this leads to fascinating behavior and exotic properties such as negative viscosities [ 26 ]. active systems have a rich state diagram containing crystalline phases whose properties are not yet fully explored. in this paper, we investigate a small active crystal where the particles are fixed in their positions, as shown in fig. 1c, but can rotate freely. they interact via hydrodynamic interactions that arise from the effect of their self - propulsion on the surrounding fluid. thus, the propulsion mechanism and the distance between the particles determine the interaction and, therefore, the system's characteristic behavior. numerical simulations are a helpful tool to understand and explore new interesting behavior. the state of the system at one point in time can be described by a multi - dimensional vector. in our case study, we observe seven particles whose orientation is defined by a 3d vector. combining these vectors creates a 21 - dimensional feature vector containing the complete information about the system's state. the simulations take two input parameters, where one defines the distance between the individual particles ( d ) and the other defines the propulsion mechanism ( beta ). considering the variations over time and the simulation's input parameters, we can characterize the data as an ensemble of multi - dimensional trajectories. a common way in physics to analyze such ensemble data is to use a set of python scripts or jupyter notebooks. however, both cases lead to the creation of static plots. exploring the dataset to find interesting properties and understanding the system's behavior needs many recreations of these graphs, which interrupts the workflow. this is especially true if the analysis includes finding new measures for characterizing and aggregating the data. based on our experience within the project described in [ 10 ], we defined the following set of requirements for an analysis of the simulation ensemble : ( r1 ) to understand the underlying data and how they can be summarized in an expressive way, the multi - dimensional time series data for individual simulation runs shall be visually investigated at different levels of detail. ( r2 ) based on the analysis of single ensemble members, it shall be possible to define an aggregation measure that reduces the dimensionality of the data. this measure facilitates visualizing the data over time and supports a comparison among different ensemble members. it also allows for determining interesting time intervals for the investigation, e. g., by skipping transition phases. ( r3 ) an aggregation measure over time shall allow for summarizing the",
      "query": "What is the main problem or motivation addressed in this paper?"
    },
    {
      "vector_id": 1543,
      "score": 0.56479412317276,
      "text": "members, it shall be possible to define an aggregation measure that reduces the dimensionality of the data. this measure facilitates visualizing the data over time and supports a comparison among different ensemble members. it also allows for determining interesting time intervals for the investigation, e. g., by skipping transition phases. ( r3 ) an aggregation measure over time shall allow for summarizing the data based on user - defined characteristics. these aggregated values should be compared for the whole ensemble. additionally, it should be possible to relate the values to the parameter space to see how the user - defined measure varies with changing parameter settings. this approach allows for defining different states of the system, which is a common goal in the analysis of active systems. from these concrete requirements in the domain of active systems, we can abstract a set of tasks using terms from the field of visualization : hence, the methods developed can also be applied to other domains that deal with multi - dimensional time - series data : ( t1 ) visualize a single multi - dimensional time series ( r1 ). ( t2 ) interactively define a measure that aggregates the multidimensional time series to one scalar value for each time step ( r2 ). ( t3 ) visualize the aggregated multi - dimensional data over time ( r2 ). ( t4 ) interactively define a measure that aggregates a time series to one scalar value ( r3 ). ( t5 ) visualize the aggregated time - series data depending on the parameter values ( r3 ). in the following, we will explain the design choices to adress these tasks ( t1 - t5 ) to fulfill the requirements ( r1 - r3 ). visual analysis system based on the identified tasks, we designed the interactive analysis system asevis that combines visualizations at three different levels of detail, see fig. 1, which we will explain in detail in this section. the whole analysis process shown in fig. 2 focuses on an integrated programming interface that allows for the definition of new characteristic measures based on preliminary insights into the data. a typical analytical workflow starts with a bottom - up analysis : by investigating some simulation runs in detail ( t1 ), the user can identify characteristic behavior to define a measure that aggregates the data for each time step by inserting the definition directly into the interface ( t2 ). this measure is then plotted over time for a selection of ensemble members and shown in a line plot ( t3 ). after some iterative",
      "query": "What method or approach is proposed? Summarize the core idea and components."
    },
    {
      "vector_id": 1545,
      "score": 0.554450511932373,
      "text": "3a and c. even though this visualization does not capture the complete data but leaves out two components for each particle, it covers the range of features whose identification is more accessible than in an animation. to cover the whole multi - dimensional trajectory in a static visualization, we include a scatter plot matrix ( splom ), see fig. 3b and d. instead of directly showing the single coordinates of the multi - dimensional feature, we perform a principal component analysis ( pca ) [ 17 ] and show the principal components that cover 99. 9 % of the data ( optionally with a maximum number of components ), which allows us to identify features in the data by taking the complete information into account. at the same time, the intrinsic dimensionality of the data is identified, which supports finding suitable measures for differentiating regions in parameter space. integration of measure definition for showing aggregated information ( t2, t4 ), we include an interactive programming interface in our analysis tool, see fig. 1a. it allows users to include the definition of suitable measures directly into the tool and explore the data based on it. we use python for the programming interface, because it is commonly used in the domain and allows the use of a wide range of libraries like \" numpy \" and \" scipy \". a function template is provided for implementing the measure that can be used as a starting point. the only restriction is given by the function's signature, which needs to be kept. however, due to the clear purpose of the measures, this does not impose restrictions. the interface supports the use of the aggregation measure defined per time step to define the overall aggregation measure. furthermore, the measures can be assigned a name, which is then used to label the visualizations. comparative time - dependent analysis to allow for a comparative visualization of different ensemble members over time ( t3 ), we include an additional line plot that directly shows the user - defined measure over time, to which we refer in the following as timeplot. here, the measure per time step is evaluated and plotted, see fig. 1d. to understand how different parameter settings influence the behavior over time, we include the option to color - code the data based on parameter values. the user can interactively switch between color - coding the distance d or the parameter tuning the propulsion mechanism beta. ensemble overview an overview of all runs and their dependence on parameters is provided by a heatmap visualization. here, we chose a heatmap because it resembles a state diagram",
      "query": "What method or approach is proposed? Summarize the core idea and components."
    },
    {
      "vector_id": 1540,
      "score": 0.6851216554641724,
      "text": "the definition and refinement of suitable measures for describing the main dynamics of the system. the visualization of single ensemble members can be used to investigate their dynamical behavior. an interactive programming interface directly embedded into the visual analysis tool then allows for defining measures for capturing the observed dynamical behaviors and reducing the complexity of the data. these measures can be defined for individual time steps or aggregated over time. the definitions can be evaluated interactively, where respective visual representations allow for comparing different ensemble members and analyzing the dependence of the user - defined measure on the system's input parameters. we evaluate our approach by presenting a case study of how our tool was used to define suitable measures. in fact, by using our tool a new measure was defined, which was used in a recent publication [ 10 ]. while that article focuses on the results obtained when using the new measure, this paper focuses on the design of the visualization tool and investigates our learnings in the analysis process from a visualization perspective. our main contributions can be summarized as follows : • a requirement analysis and task abstraction for studying complex systems in active particle physics. • a process to interactively define measures that allow for a comparison of ensemble runs, which are described by the evolution of multidimensional feature vectors. • an interactive visual analysis tool that emerges from the requirement analysis and a use case to show how it is used to interactively define a new measure. related work recently, a wide range of visualization approaches that focus on different aspects of ensemble data from different domains have been proposed [ 14, 25, 27, 33 ]. one key aspect is the analysis of the ensemble's input parameter space [ 5, 8, 9, 29 ] which also motivates our work. for example, fofonov et al. [ 11 ] proposed a visual analysis approach, where they represent each run as a line and color - code the lines according to the simulations'parameter values. to provide an overview of the parameter space, an important challenge is the definition of derived data [ 1, 7, 32 ]. luboschik et al. [ 20, 21 ] focus on the influence of parameters on trajectories. similar to other works [ 22, 23 ] they use a set of predefined features for the analysis, assuming that the feature of interest is known from the beginning. zhao et al. [ 35 ] propose to create a pipeline that supports creating derived time series interactively, but they do not allow for the definition of aggregations of",
      "query": "What experiments or evaluation setup are used (datasets, tasks, metrics)?"
    },
    {
      "vector_id": 1549,
      "score": 0.5443331003189087,
      "text": ", which would improve the practical usefulness of the tool. we provide our source code at https : / / github. com / marinaevers / asevis. figure 2 : 2 figure2 : analytical workflow when using asevis : time - dependent and time - independent measures are defined iteratively and then used to gain insights into the data. figure 3 : 3 figure 3 : visualizations for the investigation of single runs. a the line plot showing the variation of the x - coordinate for the single particles ( beta = - 2. 7, d = 2. 3 ) indicates a periodic motion. b the splom showing the pca of the complete data confirms this. c the line plot for the run with beta = 0. 0, d = 2. 3 shows no clear patterns. d the splom also does not reveal a pattern. here, we need 20 dimensions to cover 99. 9 % of the data but show only the first 8 dimensions.",
      "query": "What are the main results or findings? Include numeric results only if present."
    }
  ],
  "rag_by_query": {
    "What is the main problem or motivation addressed in this paper?": [
      {
        "vector_id": 1547,
        "score": 0.5390396118164062,
        "text": ", and beta, which influences their propulsion mechanism. here, it is of special interest, to see if the systems form different states of matter based on these parameters and where the boundaries of those states of matter are. we start by analyzing individual runs. here, we can already spot characteristically different behaviors as shown in fig. 3. for the run shown in fig. 3a, we observe that the systems performs a periodic motion. to confirm if the motion is completely periodic or if this is an artifact by using only part of the data, we visualize the pca outcome in the splom starting from 300r / b 1 ( see fig. 3b ). we observe that we only need four principle components to capture 99. 9 % of the data and that the data indeed exhibit a periodic motion in the 4 - dimensional space. however, when investigating a different run, we cannot identify such a periodic motion, neither in the line plot nor in the splom. thus, the goal is to find a measure that allows us to differentiate these types of motion. this corresponds to a so - called order parameter that would also allow to characterize the transition between the states. in a first step, we tried to use the distance to the first feature vector because this measure would become 0 every time the system repeats its behavior and thus capture its periodicity. however, by observing this measure for different runs in the timeplot, we found that it does not yield meaningful results for non - periodic cases and strongly depends on the choice of the first time step. therefore, we adapted our definition and, after some further refinement steps, we came up with a measure that uses for each timestep the closest euclidean distance to a position to which the trajectory comes back to. observing the measure in the timeplot, we found that it allows for a clear separation between different types of runs. further, it allows us to determine the end of the transition phase to a periodic motion because this measure equals 0 for periodic cases. for the aggregation over time, we chose to use the mean over the selected time. the resulting heatmap is shown in fig. 1b. here, we can clearly separate the regions with periodic behavior ( small values of d ) from other regions. we also see a continuous increase in direction of d and discontinuities in direction of beta. hovering over the heatmap reveals different distributions for the different behaviors. to obtain a better understanding, we can select a set of runs in this direction and investigate it in the"
      },
      {
        "vector_id": 1542,
        "score": 0.5301545262336731,
        "text": "the energy for self - propulsion and are out of equilibrium as all kinds of active matter. this leads to fascinating behavior and exotic properties such as negative viscosities [ 26 ]. active systems have a rich state diagram containing crystalline phases whose properties are not yet fully explored. in this paper, we investigate a small active crystal where the particles are fixed in their positions, as shown in fig. 1c, but can rotate freely. they interact via hydrodynamic interactions that arise from the effect of their self - propulsion on the surrounding fluid. thus, the propulsion mechanism and the distance between the particles determine the interaction and, therefore, the system's characteristic behavior. numerical simulations are a helpful tool to understand and explore new interesting behavior. the state of the system at one point in time can be described by a multi - dimensional vector. in our case study, we observe seven particles whose orientation is defined by a 3d vector. combining these vectors creates a 21 - dimensional feature vector containing the complete information about the system's state. the simulations take two input parameters, where one defines the distance between the individual particles ( d ) and the other defines the propulsion mechanism ( beta ). considering the variations over time and the simulation's input parameters, we can characterize the data as an ensemble of multi - dimensional trajectories. a common way in physics to analyze such ensemble data is to use a set of python scripts or jupyter notebooks. however, both cases lead to the creation of static plots. exploring the dataset to find interesting properties and understanding the system's behavior needs many recreations of these graphs, which interrupts the workflow. this is especially true if the analysis includes finding new measures for characterizing and aggregating the data. based on our experience within the project described in [ 10 ], we defined the following set of requirements for an analysis of the simulation ensemble : ( r1 ) to understand the underlying data and how they can be summarized in an expressive way, the multi - dimensional time series data for individual simulation runs shall be visually investigated at different levels of detail. ( r2 ) based on the analysis of single ensemble members, it shall be possible to define an aggregation measure that reduces the dimensionality of the data. this measure facilitates visualizing the data over time and supports a comparison among different ensemble members. it also allows for determining interesting time intervals for the investigation, e. g., by skipping transition phases. ( r3 ) an aggregation measure over time shall allow for summarizing the"
      }
    ],
    "What method or approach is proposed? Summarize the core idea and components.": [
      {
        "vector_id": 1543,
        "score": 0.56479412317276,
        "text": "members, it shall be possible to define an aggregation measure that reduces the dimensionality of the data. this measure facilitates visualizing the data over time and supports a comparison among different ensemble members. it also allows for determining interesting time intervals for the investigation, e. g., by skipping transition phases. ( r3 ) an aggregation measure over time shall allow for summarizing the data based on user - defined characteristics. these aggregated values should be compared for the whole ensemble. additionally, it should be possible to relate the values to the parameter space to see how the user - defined measure varies with changing parameter settings. this approach allows for defining different states of the system, which is a common goal in the analysis of active systems. from these concrete requirements in the domain of active systems, we can abstract a set of tasks using terms from the field of visualization : hence, the methods developed can also be applied to other domains that deal with multi - dimensional time - series data : ( t1 ) visualize a single multi - dimensional time series ( r1 ). ( t2 ) interactively define a measure that aggregates the multidimensional time series to one scalar value for each time step ( r2 ). ( t3 ) visualize the aggregated multi - dimensional data over time ( r2 ). ( t4 ) interactively define a measure that aggregates a time series to one scalar value ( r3 ). ( t5 ) visualize the aggregated time - series data depending on the parameter values ( r3 ). in the following, we will explain the design choices to adress these tasks ( t1 - t5 ) to fulfill the requirements ( r1 - r3 ). visual analysis system based on the identified tasks, we designed the interactive analysis system asevis that combines visualizations at three different levels of detail, see fig. 1, which we will explain in detail in this section. the whole analysis process shown in fig. 2 focuses on an integrated programming interface that allows for the definition of new characteristic measures based on preliminary insights into the data. a typical analytical workflow starts with a bottom - up analysis : by investigating some simulation runs in detail ( t1 ), the user can identify characteristic behavior to define a measure that aggregates the data for each time step by inserting the definition directly into the interface ( t2 ). this measure is then plotted over time for a selection of ensemble members and shown in a line plot ( t3 ). after some iterative"
      },
      {
        "vector_id": 1545,
        "score": 0.554450511932373,
        "text": "3a and c. even though this visualization does not capture the complete data but leaves out two components for each particle, it covers the range of features whose identification is more accessible than in an animation. to cover the whole multi - dimensional trajectory in a static visualization, we include a scatter plot matrix ( splom ), see fig. 3b and d. instead of directly showing the single coordinates of the multi - dimensional feature, we perform a principal component analysis ( pca ) [ 17 ] and show the principal components that cover 99. 9 % of the data ( optionally with a maximum number of components ), which allows us to identify features in the data by taking the complete information into account. at the same time, the intrinsic dimensionality of the data is identified, which supports finding suitable measures for differentiating regions in parameter space. integration of measure definition for showing aggregated information ( t2, t4 ), we include an interactive programming interface in our analysis tool, see fig. 1a. it allows users to include the definition of suitable measures directly into the tool and explore the data based on it. we use python for the programming interface, because it is commonly used in the domain and allows the use of a wide range of libraries like \" numpy \" and \" scipy \". a function template is provided for implementing the measure that can be used as a starting point. the only restriction is given by the function's signature, which needs to be kept. however, due to the clear purpose of the measures, this does not impose restrictions. the interface supports the use of the aggregation measure defined per time step to define the overall aggregation measure. furthermore, the measures can be assigned a name, which is then used to label the visualizations. comparative time - dependent analysis to allow for a comparative visualization of different ensemble members over time ( t3 ), we include an additional line plot that directly shows the user - defined measure over time, to which we refer in the following as timeplot. here, the measure per time step is evaluated and plotted, see fig. 1d. to understand how different parameter settings influence the behavior over time, we include the option to color - code the data based on parameter values. the user can interactively switch between color - coding the distance d or the parameter tuning the propulsion mechanism beta. ensemble overview an overview of all runs and their dependence on parameters is provided by a heatmap visualization. here, we chose a heatmap because it resembles a state diagram"
      }
    ],
    "What experiments or evaluation setup are used (datasets, tasks, metrics)?": [
      {
        "vector_id": 1540,
        "score": 0.6851216554641724,
        "text": "the definition and refinement of suitable measures for describing the main dynamics of the system. the visualization of single ensemble members can be used to investigate their dynamical behavior. an interactive programming interface directly embedded into the visual analysis tool then allows for defining measures for capturing the observed dynamical behaviors and reducing the complexity of the data. these measures can be defined for individual time steps or aggregated over time. the definitions can be evaluated interactively, where respective visual representations allow for comparing different ensemble members and analyzing the dependence of the user - defined measure on the system's input parameters. we evaluate our approach by presenting a case study of how our tool was used to define suitable measures. in fact, by using our tool a new measure was defined, which was used in a recent publication [ 10 ]. while that article focuses on the results obtained when using the new measure, this paper focuses on the design of the visualization tool and investigates our learnings in the analysis process from a visualization perspective. our main contributions can be summarized as follows : • a requirement analysis and task abstraction for studying complex systems in active particle physics. • a process to interactively define measures that allow for a comparison of ensemble runs, which are described by the evolution of multidimensional feature vectors. • an interactive visual analysis tool that emerges from the requirement analysis and a use case to show how it is used to interactively define a new measure. related work recently, a wide range of visualization approaches that focus on different aspects of ensemble data from different domains have been proposed [ 14, 25, 27, 33 ]. one key aspect is the analysis of the ensemble's input parameter space [ 5, 8, 9, 29 ] which also motivates our work. for example, fofonov et al. [ 11 ] proposed a visual analysis approach, where they represent each run as a line and color - code the lines according to the simulations'parameter values. to provide an overview of the parameter space, an important challenge is the definition of derived data [ 1, 7, 32 ]. luboschik et al. [ 20, 21 ] focus on the influence of parameters on trajectories. similar to other works [ 22, 23 ] they use a set of predefined features for the analysis, assuming that the feature of interest is known from the beginning. zhao et al. [ 35 ] propose to create a pipeline that supports creating derived time series interactively, but they do not allow for the definition of aggregations of"
      }
    ],
    "What are the main results or findings? Include numeric results only if present.": [
      {
        "vector_id": 1549,
        "score": 0.5443331003189087,
        "text": ", which would improve the practical usefulness of the tool. we provide our source code at https : / / github. com / marinaevers / asevis. figure 2 : 2 figure2 : analytical workflow when using asevis : time - dependent and time - independent measures are defined iteratively and then used to gain insights into the data. figure 3 : 3 figure 3 : visualizations for the investigation of single runs. a the line plot showing the variation of the x - coordinate for the single particles ( beta = - 2. 7, d = 2. 3 ) indicates a periodic motion. b the splom showing the pca of the complete data confirms this. c the line plot for the run with beta = 0. 0, d = 2. 3 shows no clear patterns. d the splom also does not reveal a pattern. here, we need 20 dimensions to cover 99. 9 % of the data but show only the first 8 dimensions."
      }
    ]
  },
  "rag_prompt": "You are writing an academic abstract using the provided context.\nKeyword: visual_understanding\n\nContext:\n[Chunk 1] , and beta, which influences their propulsion mechanism. here, it is of special interest, to see if the systems form different states of matter based on these parameters and where the boundaries of those states of matter are. we start by analyzing individual runs. here, we can already spot characteristically different behaviors as shown in fig. 3. for the run shown in fig. 3a, we observe that the systems performs a periodic motion. to confirm if the motion is completely periodic or if this is an artifact by using only part of the data, we visualize the pca outcome in the splom starting from 300r / b 1 ( see fig. 3b ). we observe that we only need four principle components to capture 99. 9 % of the data and that the data indeed exhibit a periodic motion in the 4 - dimensional space. however, when investigating a different run, we cannot identify such a periodic motion, neither in the line plot nor in the splom. thus, the goal is to find a measure that allows us to differentiate these types of motion. this corresponds to a so - called order parameter that would also allow to characterize the transition between the states. in a first step, we tried to use the distance to the first feature vector because this measure would become 0 every time the system repeats its behavior and thus capture its periodicity. however, by observing this measure for different runs in the timeplot, we found that it does not yield meaningful results for non - periodic cases and strongly depends on the choice of the first time step. therefore, we adapted our definition and, after some further refinement steps, we came up with a measure that uses for each timestep the closest euclidean distance to a position to which the trajectory comes back to. observing the measure in the timeplot, we found that it allows for a clear separation between different types of runs. further, it allows us to determine the end of the transition phase to a periodic motion because this measure equals 0 for periodic cases. for the aggregation over time, we chose to use the mean over the selected time. the resulting heatmap is shown in fig. 1b. here, we can clearly separate the regions with periodic behavior ( small values of d ) from other regions. we also see a continuous increase in direction of d and discontinuities in direction of beta. hovering over the heatmap reveals different distributions for the different behaviors. to obtain a better understanding, we can select a set of runs in this direction and investigate it in the\n\n[Chunk 2] the energy for self - propulsion and are out of equilibrium as all kinds of active matter. this leads to fascinating behavior and exotic properties such as negative viscosities [ 26 ]. active systems have a rich state diagram containing crystalline phases whose properties are not yet fully explored. in this paper, we investigate a small active crystal where the particles are fixed in their positions, as shown in fig. 1c, but can rotate freely. they interact via hydrodynamic interactions that arise from the effect of their self - propulsion on the surrounding fluid. thus, the propulsion mechanism and the distance between the particles determine the interaction and, therefore, the system's characteristic behavior. numerical simulations are a helpful tool to understand and explore new interesting behavior. the state of the system at one point in time can be described by a multi - dimensional vector. in our case study, we observe seven particles whose orientation is defined by a 3d vector. combining these vectors creates a 21 - dimensional feature vector containing the complete information about the system's state. the simulations take two input parameters, where one defines the distance between the individual particles ( d ) and the other defines the propulsion mechanism ( beta ). considering the variations over time and the simulation's input parameters, we can characterize the data as an ensemble of multi - dimensional trajectories. a common way in physics to analyze such ensemble data is to use a set of python scripts or jupyter notebooks. however, both cases lead to the creation of static plots. exploring the dataset to find interesting properties and understanding the system's behavior needs many recreations of these graphs, which interrupts the workflow. this is especially true if the analysis includes finding new measures for characterizing and aggregating the data. based on our experience within the project described in [ 10 ], we defined the following set of requirements for an analysis of the simulation ensemble : ( r1 ) to understand the underlying data and how they can be summarized in an expressive way, the multi - dimensional time series data for individual simulation runs shall be visually investigated at different levels of detail. ( r2 ) based on the analysis of single ensemble members, it shall be possible to define an aggregation measure that reduces the dimensionality of the data. this measure facilitates visualizing the data over time and supports a comparison among different ensemble members. it also allows for determining interesting time intervals for the investigation, e. g., by skipping transition phases. ( r3 ) an aggregation measure over time shall allow for summarizing the\n\nConstraints: Use only the context. Do not invent datasets, baselines, or numerical results.\nIf results are not stated, describe them generally.\n\nWrite a concise abstract (150-250 words).",
  "rag_output": "This study explores the behavior of active matter systems, specifically a small active crystal, through numerical simulations. The system's state is described by a 21-dimensional feature vector, influenced by two input parameters: the distance between particles (d) and the propulsion mechanism (beta). The goal is to develop a measure that allows for differentiation between various types of motion and characterizes the transition between states.\nWe propose a novel measure, using the closest Euclidean distance to a position the trajectory comes back to, to capture periodic motion. This measure enables a clear separation between different types of runs and allows for determining the end of the transition phase. For aggregation over time, we use the mean over selected time steps.\nOur analysis aims to provide a better understanding of the system's behavior, leveraging visual understanding of the ensemble data. We address three key requirements: (1) visual investigation of multi-dimensional time series data, (2) definition of an aggregation measure to reduce dimensionality, and (3) summarization of the data over time.",
  "metrics": {
    "hwt": {
      "llama": {
        "perplexity": 25.44013703364339,
        "burstness": 3.408203125,
        "curvature": 0.2969726562499999
      },
      "gpt2": {
        "perplexity": 38.64034257045414,
        "burstness": 3.044921875,
        "curvature": 0.14765624999999982
      }
    },
    "only_llm": {
      "llama": {
        "perplexity": 3.5005835651605617,
        "burstness": 1.7861328125,
        "curvature": 0.327880859375
      },
      "gpt2": {
        "perplexity": 10.099642225480054,
        "burstness": 2.296875,
        "curvature": 0.2955078124999999
      }
    },
    "rag": {
      "llama": {
        "perplexity": 14.637602771363136,
        "burstness": 2.775390625,
        "curvature": 0.15009765624999982
      },
      "gpt2": {
        "perplexity": 24.039240115615065,
        "burstness": 2.98046875,
        "curvature": 0.14677734375000018
      }
    }
  }
}