{
  "paper_id": "2311.09064v1",
  "keyword": "visual_understanding",
  "source_path": "papers/outputs/visual_understanding/2311.09064v1.json",
  "abstract_hwt": "Systematic compositionality, or the ability to adapt to novel situations by creating a mental model of the world using reusable pieces of knowledge, remains a significant challenge in machine learning. While there has been considerable progress in the language domain, efforts towards systematic visual imagination, or envisioning the dynamical implications of a visual observation, are in their infancy. We introduce the Systematic Visual Imagination Benchmark (SVIB), the first benchmark designed to address this problem head-on. SVIB offers a novel framework for a minimal world modeling problem, where models are evaluated based on their ability to generate one-step image-to-image transformations under a latent world dynamics. The framework provides benefits such as the possibility to jointly optimize for systematic perception and imagination, a range of difficulty levels, and the ability to control the fraction of possible factor combinations used during training. We provide a comprehensive evaluation of various baseline models on SVIB, offering insight into the current state-of-the-art in systematic visual imagination. We hope that this benchmark will help advance visual systematic compositionality. https: //systematic-visual-imagination.github.io 4 * Equal contribution.",
  "abstract_only_llm": "Human intelligence is characterized by the ability to construct a mental model of the world, known as a world model, in a composable way. This capacity enables individuals to adapt to novel situations and problems in a zero-shot manner by envisioning possible futures. The visual understanding of the world is a fundamental aspect of this ability, as it allows humans to perceive and reason about complex scenes and objects.\nRecent advances in computer vision have led to the development of various models that can learn to represent and reason about visual data. However, these models often struggle to generalize to novel situations and tasks, limiting their zero-shot generalization capabilities. This paper explores the concept of composing a visual world model, which involves breaking down the world into smaller, modular components that can be combined to represent complex scenes and objects.\nBy composing a visual world model, we aim to enable machines to reason about visual data in a more flexible and generalizable way, similar to human visual understanding. This research has the potential to advance the field of artificial intelligence by improving the ability of machines to adapt to novel situations and problems in a zero-shot manner.",
  "abstract_rag": "This study introduces a novel benchmark designed to evaluate the systematic generalization ability of visual imagination models, particularly in scenarios with high visual complexity. The benchmark consists of several tasks, each with training splits of varying difficulties, and a test split. The goal is to assess the capacity of models to learn compositional primitives and causal rules, and apply them systematically to out-of-distribution inputs.\nOur experiments demonstrate that the current models face significant limitations in tackling this challenging problem, with most baselines failing to achieve the performance of an oracle model. The results indicate that the difficulty of systematic generalization decreases as the training splits expose more combinations, allowing models to learn compositional primitives and causal rules. However, even with increased exposure, most models struggle to reach the performance of the oracle model.\nThe benchmark highlights the importance of systematic perception and visual complexity in visual understanding, and provides a unique opportunity to study systematic imagination in visually complex scenes. The results suggest that there is significant room for progress in developing more capable world modeling and perception approaches.",
  "only_llm_summary": "Introduction Constructing a mental model of the world, known as a world model, in a composable way is a crucial aspect of human intelligence [40, 12, 72] . This ability enables humans to adapt to novel situations and problems in a zero-shot manner by envisioning the possible future [79, 7] .",
  "only_llm_body": "Introduction Constructing a mental model of the world, known as a world model, in a composable way is a crucial aspect of human intelligence [40, 12, 72] . This ability enables humans to adapt to novel situations and problems in a zero-shot manner by envisioning the possible future [79, 7] . Studies in neuroscience and cognitive science suggest that the key to this ability is the process of acquiring abstract, conceptual, and reusable pieces of knowledge from past experiences and applying them in new configurations to comprehend a novel situation [30, 15, 76, 7] . For instance, a person who understands the implications of a scene involving a \"big dog\" and a \"small cat\", e.g., how they may interact and what the subsequent scene may look like, can also reasonably understand the implications of an unfamiliar scenario involving a \"big cat\" and a \"small dog\". While this capability, termed systematic compositionality, is fundamental to human intelligence, how neural networks can acquire such an ability remains one of the grand challenges in machine learning [63, 6, 36] . The notion of systematic compositionality originates from the fields of philosophy of language and linguistics [95, 30] . Language inherently provides a compositional representation using token structures, such as words or characters, which simplifies addressing compositional systematicity. As a result, the AI community has also made efforts to address this problem predominantly in the language domain [22, 63, 59, \n\nge). No real data (e.g., about people or countries) was collected or used in our data creation process. Along with the images, we also provide scene meta-data files detailing the configurations of the objects, lighting, camera, and background of the scene. We also provide the ground truth object masks. Question 2: How many instances are there in total of each type? In our dataset, there are a total of 12 tasks, 4 tasks per environment (SVIB-dSprites, SVIB-CLEVR, and SVIB-CLEVRTex). Within each task, we provide 4 training splits corresponding to α values 0.0, 0.2, 0.4, and 0.6. The training splits 0.2, 0.4, and 0.6 are denoted as Hard, Medium, and Easy, respectively. Within each training split, we provide 64000 input and target images. Furthermore, within a task, we provide a test split containing 8000 out-of-distribution input and target images. We illustrate the complete directory structure of our dataset in Figure 6 . Question 3: Does the dataset contain all possible instances or is \n\nm SSM-VAE 0.0664 0.0962 0.0914 0.1303 0.0961 SSM-Slot 0.0605 0.0471 0.0517 0.0540 0.0533 Oracle 0.0116 0.0247 0.0084 0.0118 0.0141 I2I-CNN 0.1730 0.2502 0.2080 0.2410 0.2181 I2I-ViT 0.1899 0.2301 0.2005 0.2405 0.2153 Hard SSM-VAE 0.1440 0.2604 0.1620 0.1871 0.1884 SSM-Slot 0.0973 0.1991 0.0630 0.0960 0.1139 Oracle 0.0124 0.0131 0.0113 0.0119 0.0122 Table 10 : 10 LPIPS Performance of SVIB-CLEVRTex. We report the model performances on SVIB-CLEVRTex for three levels of difficulty: Easy, Medium, and Hard, corresponding to α values of 0.6, 0.4, and 0.2, respectively. Models Single Atomic Multiple Atomic Single Non-Atomic Multiple Non-Atomic Average I2I-CNN 0.2803 0.2550 0.3642 0.2757 0.2938 I2I-ViT 0.2293 0.2120 0.3381 0.2322 0.2529 Easy SSM-VAE 0.3504 0.3978 0.3832 0.3962 0.3819 SSM-Slot 0.3044 0.3595 0.3442 0.3634 0.3429 Oracle 0.1538 0.1268 0.1514 0.1334 0.1414 I2I-CNN 0.2751 0.2671 0.3678 0.2957 0.3014 I2I-ViT 0.2277 0.2300 0.3354 0.2524 0.2614 Medium SSM-VAE 0.3452 0.3917 0.3817 0.3971 0.3789 SSM-Slot 0.2906 0.3449 0.3578 0.3494 0.3357 Oracle 0.1543 0.1306 0.1492 0.1434 0.1444 I2I-CNN 0.2819 0.3107 0.3651 0.3264 0.3210 I2I-ViT 0.2625 0.3017 0.3145 0.3013 0.2950 Hard SSM-VAE 0.3440 0.3866 0.3758 0.3916 0.3745 SSM-Slot 0.3106 0.3946 0.3546 0.3762 0.3590 Oracle 0.1566 0.1221 0.1473 0.1356 0.1404 See our project page at https://systematic-visual-imagination.github.io. https://github.com/richzhang/PerceptualSimilarity https://www.blender.org https://github.com/deepmind/spritew",
  "only_llm_prompt": "You are writing an academic abstract.\nKeyword: visual_understanding\nBrief summary (2 sentences): Introduction Constructing a mental model of the world, known as a world model, in a composable way is a crucial aspect of human intelligence [40, 12, 72] . This ability enables humans to adapt to novel situations and problems in a zero-shot manner by envisioning the possible future [79, 7] .\nConstraints: Do not invent datasets, baselines, or numerical results.\nIf results are not stated, describe them generally.\n\nWrite a concise abstract (150-250 words).",
  "only_llm_output": "Human intelligence is characterized by the ability to construct a mental model of the world, known as a world model, in a composable way. This capacity enables individuals to adapt to novel situations and problems in a zero-shot manner by envisioning possible futures. The visual understanding of the world is a fundamental aspect of this ability, as it allows humans to perceive and reason about complex scenes and objects.\nRecent advances in computer vision have led to the development of various models that can learn to represent and reason about visual data. However, these models often struggle to generalize to novel situations and tasks, limiting their zero-shot generalization capabilities. This paper explores the concept of composing a visual world model, which involves breaking down the world into smaller, modular components that can be combined to represent complex scenes and objects.\nBy composing a visual world model, we aim to enable machines to reason about visual data in a more flexible and generalizable way, similar to human visual understanding. This research has the potential to advance the field of artificial intelligence by improving the ability of machines to adapt to novel situations and problems in a zero-shot manner.",
  "rag_queries": [
    "What is the main problem or motivation addressed in this paper?",
    "What method or approach is proposed? Summarize the core idea and components.",
    "What experiments or evaluation setup are used (datasets, tasks, metrics)?",
    "What are the main results or findings? Include numeric results only if present.",
    "What are the key contributions and significance of this work?"
  ],
  "rag_chunks": [
    {
      "vector_id": 646,
      "score": 0.570382833480835,
      "text": "to require extracting the underlying visual factors. our experiments showed that our benchmark is yet to be solved and highlights an important limitation of the current models. we also showed that systematic perception and visual complexity are important aspects of this problem. we hope that our benchmark will enable the development of more capable world modeling and perception approaches. limitations and future extensions. our benchmark makes several simplifying choices to support faster model development and ease of analysis. however, this leaves several limitations and avenues for extending the benchmark. first, from a world modeling perspective, a richer benchmark may be constructed by introducing action - conditioning, stochasticity, longer episodes, occlusions, 3d viewpoints, etc. second, our dynamics are fixed within a task. our benchmark can be extended to have distinct dynamics in each episode constructed compositionally using dynamical primitives. third, our benchmark can be extended by introducing greater realism e. g., greater visual complexity, more objects, more primitives, etc. fourth, our dynamics involve symmetric rules and a future extension may introduce non - symmetric rules. another avenue is to increase emphasis on relational abstractions. lastly, future works may also consider investigating whether large pre - trained models ( e. g., [ 43 ] ) can provide necessary priors for systematic generalization. a datasheet for datasets a. 1 motivation question 1 : for what purpose was the dataset created? the dataset was created as a test - bed to evaluate the systematic generalization ability of visual imagination models, with an emphasis on compositionality at the level of intra - object factors ( e. g., color, shape, size, etc. ) and visual complexity. question 2 : who created the dataset ( e. g., which team or research group ) and on behalf of which entity ( e. g., company, institution, organization )? the dataset was created by the authors who are affiliated with machine learning and mind lab ( mlml ) situated in the school of computing at korea advanced institute of science and technology ( kaist ) and rutgers university. a. 2 composition question 1 : what do the instances that comprise the dataset represent ( e. g., documents, photos, people, countries )? the dataset comprises several tasks. within each task, we provide 1 ) several training splits of different difficulties of systematic generalization, and 2 ) a test split. within each split, we provide several pairs of images, with the first image in each",
      "query": "What is the main problem or motivation addressed in this paper?"
    },
    {
      "vector_id": 643,
      "score": 0.5562542080879211,
      "text": "the difficulty of systematic generalization becomes less severe and we see a consistent downward slope in the error plots across baselines and tasks. this is also supported by the qualitative results in fig. 5, where, with increasing α, a greater number of baselines are able to improve their predictions. since training splits with larger α expose more combinations, there is more opportunity for the baselines to overcome learning spurious correlations and discover the compositional primitives and the causal rule to apply. performance at α = 0. 6. our easiest training split corresponds to α = 0. 6 which exposes the largest fraction of combinations during training. yet, on most tasks, most baselines are not able to reach the performance of oracle - although it does happen in some select cases. from this, we can say that our benchmark is largely unsolved with significant room for progress. performance of oracle. we note that oracle is the best performer as it is the only baseline that can solve the tasks as early as at α = 0. downward slope. this can be explained by considering that svib requires systematic perception i. e., learning to perceive the input in terms of useful tokens - explicitly or implicitly - while also generalizing systematically to ood inputs. oracle is designed with access to the ground - truth tokens directly and it does not need to learn systematic perception via training. on the contrary, other baselines carry the additional burden of learning systematic perception along with rule learningcontributing to their worse performance. performance on svib - clevrtex. the performance of baselines on svib - clevrtex requires a special mention as we see that the curves with respect to α are almost flat and the slope is not as such, we can attribute the degraded performance of other baselines in svib - clevrtex to their poor systematic perception. this shows that higher visual complexity can make systematic perception more difficult in comparison to visually simple scenes of svib - dsprites and svib - clevr. this observation is also supported by the predictions visualized in fig. 14. it is noteworthy that our proposed benchmark provides a unique opportunity to study systematic imagination in visually complex scenes as the existing image - to - image benchmarks provide visually toy - like scenes [ 19, 4 ]. comparison of baselines we now compare the baselines in more detail. we draw our conclusions based on tasks with ratings of α = 0. 2 and 0. 4 since the tasks are too difficult for α",
      "query": "What is the main problem or motivation addressed in this paper?"
    },
    {
      "vector_id": 631,
      "score": 0.528831422328949,
      "text": "introduction constructing a mental model of the world, known as a world model, in a composable way is a crucial aspect of human intelligence [ 40, 12, 72 ]. this ability enables humans to adapt to novel situations and problems in a zero - shot manner by envisioning the possible future [ 79, 7 ]. studies in neuroscience and cognitive science suggest that the key to this ability is the process of acquiring abstract, conceptual, and reusable pieces of knowledge from past experiences and applying them in new configurations to comprehend a novel situation [ 30, 15, 76, 7 ]. for instance, a person who understands the implications of a scene involving a \" big dog \" and a \" small cat \", e. g., how they may interact and what the subsequent scene may look like, can also reasonably understand the implications of an unfamiliar scenario involving a \" big cat \" and a \" small dog \". while this capability, termed systematic compositionality, is fundamental to human intelligence, how neural networks can acquire such an ability remains one of the grand challenges in machine learning [ 63, 6, 36 ]. the notion of systematic compositionality originates from the fields of philosophy of language and linguistics [ 95, 30 ]. language inherently provides a compositional representation using token structures, such as words or characters, which simplifies addressing compositional systematicity. as a result, the ai community has also made efforts to address this problem predominantly in the language domain [ 22, 63, 59, 88, 67, 2, 57, 28, 87, 106 ]. one notable milestone driving progress in this field recently is the development of the scan benchmark [ 63 ] posing a sequence - to - sequence translation task. the authors have demonstrated that rnns fail catastrophically at test time when presented with a compositionally novel input, i. e., an unknown composition of known concepts. however, the problem is even more elusive when it comes to imagining the dynamical implications of a visual observation, a problem referred to in this work as the compositional or systematic visual imagination. one reason for this is that, unlike language, images do not naturally provide such a tokenbased compositional representation, making the problem significantly more challenging. to tackle this problem, one must not only learn how to utilize compositional representations for systematic composition but also obtain such representations from unstructured, complex, high - dimensional pixels. another reason is the lack of an appropriate benchmark to directly address it. although several prior works have explored related problems, none have tackled",
      "query": "What method or approach is proposed? Summarize the core idea and components."
    },
    {
      "vector_id": 636,
      "score": 0.5264772176742554,
      "text": "is involved per factor, we call the rule an atomic rule else we call it a non - atomic rule. with these two axes, we define 4 rule categories with increasing complexity : single atomic, multiple atomic, single non - atomic, and multiple non - atomic. for example, the aforementioned shape - swap rule can be categorized as single atomic because only one factor ( i. e., shape ) is modified per object whose new value depends on only one parent, i. e., the shape of the other object. systematic training and testing splits in this section, we describe how we construct the training and the testing episodes of a task. as a benchmark for studying systematic generalization, our task episodes satisfy the following three conditions : 1 ) each primitive in the visual vocabulary is shown individually in the training episodes, 2 ) a subset of combinations is reserved for testing and 3 ) the fraction of combinations exposed during training can be controlled, offering a control knob to adjust the difficulty of generalization. to satisfy these, we proceed as follows. core combinations and testing combinations. we first construct a set of core combinationsthe smallest set of combinations that contains each primitive in the visual vocabulary at least once. for instance, for our previous example of a visual vocabulary, we can define the set of core combinations as : { green - circle - tiny, blue - square - small, magenta - square - medium, orange - star - large }. after defining the core combinations, we reserve 20 % of the remaining combinations as testing combinations. for more details, see appendix d. 2. the α - rating and training combinations. each training split in our benchmark is associated with an α - rating. to create a training split having a specific α - rating, we randomly select an α fraction of the combinations that remain after setting aside the core and the testing combinations. these selected combinations are then added to the core combinations to obtain the set of training combinations. the α - rating acts as a control knob over how difficult it is to generalize for a model trained on this split. a higher α - rating corresponds to exposing more combinations in the training split, thereby providing an easier generalization setting. similarly, a low α - rating corresponds to a more difficult generalization setting. in figure 3, we provide an illustration. in training episodes, we present each shape and color primitive individually, however, we do not show all possible combinations. to control the ease of solving the generalization task, we define an α - rating of the training split, the fraction of",
      "query": "What method or approach is proposed? Summarize the core idea and components."
    },
    {
      "vector_id": 638,
      "score": 0.6834536790847778,
      "text": "64k episodes and the testing split contains 8k episodes. for each episode, we provide the input image, the target image, the ground - truth scene descriptions, and the ground - truth object masks. in figure 6, we show the complete directory structure of our benchmark. omni - composition datasets. svib additionally provides an omni - composition dataset for each of the 3 visual worlds i. e., svib - dsprites, svib - clevr, and svib - clevrtex. an omni - composition dataset is a dataset containing unpaired images that expose all possible combinations of primitives under the visual vocabulary of its respective visual world. the use of omni - composition datasets for solving the benchmark tasks is optional. metrics mse. a natural metric for measuring the systematic generalization performance of a model is the mean squared error ( mse ) between predicted and target images on the testing set episodes ( denoted as mse ood ). we can also compute how much worse the ood mse is relative to the in - distribution mse via the systematic generalization gap : log mse oodlog mse id, where mse id denotes the in - distribution mse. lpips. a key limitation of mse is that it can overly focus on low - level errors, e. g., small deviations that do not significantly impact human perception. therefore we recommend reporting lpips [ 115 ], an error metric shown to better correspond to human judgments. lpips works by taking two images as input, extracting their features via a pre - trained image classification model, and computing a weighted distance between the extracted features. in our experiments, we use the official implementation 6. baselines in this section, we describe the baselines that we evaluate in our experiments. these were selected considering two main implications of our benchmark : evaluating systematic generalization in vision models and world models. we evaluate two categories of baselines : 1 ) image - to - image models, and 2 ) state - space models. additionally, we evaluate an oracle model to obtain the best - case performance and to set a milestone of success on the benchmark tasks. image - to - image models in this category, we consider end - to - end neural network models that take the input image x and try to predict the target image y. within the model, the input image is mapped to an intermediate hidden representation e which is used to generate",
      "query": "What experiments or evaluation setup are used (datasets, tasks, metrics)?"
    },
    {
      "vector_id": 648,
      "score": 0.5691922903060913,
      "text": "? for each intra - object factor ( e. g., color or shape ), we define a library of primitives from which the factor takes values. these libraries of primitives are finite meaning that these libraries are not an exhaustive list of all possible values that a factor can theoretically take. nevertheless, our libraries are designed to capture all standard factor values as also done in the previous works [ 54, 55 ]. yes, for each task, we provide 4 training splits and one ood test split. the 4 training splits capture different levels of systematic generalization difficulty and correspond to α values 0. 0, 0. 2, 0. 4, and 0. 6. we do not provide a separate validation split, it is completely up to the learner how they want to leverage the training splits for validation e. g., via hold - out validation, k - fold cross - validation, leave - one - out validation, etc. question 9 : are there any errors, sources of noise, or redundancies in the dataset? no. question 10 : is the dataset self - contained, or does it link to or otherwise rely on external resources ( e. g., websites, tweets, other datasets )? yes, the dataset is self - contained and does not require external resources to work with. question 11 : does the dataset contain data that might be considered confidential ( e. g., data that is protected by legal privilege or by doctor - patient confidentiality, data that includes the content of individuals'non - public communications )? no. a. 3 collection process question 1 : how was the data associated with each instance acquired? the data was procedurally generated using the spriteworld and blender apis. question 2 : what mechanisms or procedures were used to collect the data ( e. g., hardware apparatus or sensor, manual human curation, software program, software api )? the svib - dsprites images were generated from the spriteworld api, the svib - clevr images using blender 2. 78, and the svib - clevrtex using blender 2. 93. all implementations were done in python. the blender processes were run on gpu instead of cpu - only for faster rendering. in the creation of individual splits such as specific training or testing splits, a single instance of a modern nvidia gpu was enough, demanding less than 25gb of gpu memory. question 3 : if the data",
      "query": "What are the main results or findings? Include numeric results only if present."
    },
    {
      "vector_id": 655,
      "score": 0.5655702352523804,
      "text": "access a factor of an object using square brackets e. g., other ['color'] shall denote the color of the other object. integer factor value. in the following descriptions, we will assume that the value of a factor is represented as an integer. for instance, the color of an object self ['color'] can take a value in 0, 1,..., num _ colors - 1, where num _ colors is the total number of color primitives in the color vocabulary. similarly, the shape of an object self ['shape'] can take a value in 0, 1,..., num _ shapes - 1, where num _ shapes is the total number of shape primitives in the shape vocabulary. d. 1. 1 benchmark rules we define four benchmark tasks for each subset : svib - dsprites, svib - clevr, and svib - clevrtex. these tasks align with the four rule categories outlined in section 2. single atomic. in this task, the transformation is executed by swapping the shapes of the two objects in the input image. for brevity, we sometimes call it the shape - swap task and denote it as s - a. self ['shape'] ← other ['shape'] single non - atomic. this task involves a transformation where the shape of each object is updated based on the shapes of both objects in the input image, as determined by a lookup for svib - clevrtex, the color factor indicates texture. d. 1. 2 analysis tasks we design 16 analysis tasks, a broad pool of tasks from which we eventually choose the rules to construct the final benchmark. the analysis rules in these tasks are designed to be broad - based by keeping the following points in mind : 1. all rules taken together should cover all factors. 2. all rules taken together should cover various types of factor interactions : no interaction, interactions between factors of the same object, and interactions between factors of different objects. with these design considerations we design the rules as shown in figure 16. for this, we first create four atomic rules. we then construct rules with greater complexity by incrementally adding factors and parent edges to the causal graph. by analyzing the model performance on these rules in the dsprites environment, we choose 4 rules - one per each rule complexity category - that will be used to create the final benchmark tasks. the rules for the final benchmark tasks are",
      "query": "What are the main results or findings? Include numeric results only if present."
    },
    {
      "vector_id": 663,
      "score": 0.576770544052124,
      "text": ", 0 ) 1. 5 mymetal smoothcylinder ( 0, 0, 255 ) 2. 0 suzanne ( 0, 255, 255 ) ( 255, 0, 255 ) ( 255, 255, 0 ) question 4 : what data does each instance consist of? question 5 : is there a label or target associated with each instance? question 6 : is any information missing from individual instances? question 7 : are relationships between individual instances made explicit ( e. g., users'movie ratings, social network links )? no relationships are present between individual instances. table 4 : 4 factor primitives for various object properties in svib - clevrtex. for materials, we use 8 free textures provided by poliigon ( https : / / www. poliigon. com ) shape size material cone 1. 0 poliigonbricksflemishred001 cube 1. 5 poliigonbrickspaintedwhite001 cylinder 2. 0 poliigonchainmailcopperroundedthin001 suzanne poliigonfabricdenim003 icosahedron poliigonfabricfleece001 newellteapot poliigonmetalspottydiscoloration001 sphere poliigonrooftilesterracotta004 torus poliigonwoodflooring061 table 6 : 6 limitations of existing studies : the table contrasts our proposed systematic visual imagination benchmark ( svib ) with the existing studies. we note that existing studies do not offer a benchmark for evaluating systematic perception ability in the image domain. study task modality systematic perception perceptual complexity language scan [ 63 ] gscan [ 83 ] text → text image + text → text not applicable not applicable ( toy multi - object ) xu et al. [ 109 ] disentanglement montero et al. [ 74 ] image → latent image → latent ( toy single - object ) ( toy single - object ) table. for brevity, we sometimes denote this task as s - na. self ['shape'] ← ( self ['shape'] + other ['shape'] ) mod num _ shapes multiple atomic. in this task, the transformation involves simultaneous updates to the color and size of each object. the new color is determined by the object's own shape, and the new size is determined by the color of the other object. both determinations are made by a lookup table.",
      "query": "What are the key contributions and significance of this work?"
    },
    {
      "vector_id": 652,
      "score": 0.5727834701538086,
      "text": "older versions of the dataset continue to be supported / hosted / maintained? yes. question 7 : if others want to extend / augment / build on or contribute to the dataset, is there a mechanism for them to do so? yes, we shall release all our source code, including the code we used to generate the datasets under a highly permissive cc0 license. others can freely download, modify and create their own variants of the dataset. a. 8 author statement of responsibility we, the authors, confirm that we bear all responsibility in the case of violation of rights and licenses. table 5 : accuracy of ground - truth factor prediction in svib - clevrtex. we perform a factor prediction task where we take svib - clevrtex images as input and predict the factors for the scene. we indicate these by shape i, size i, mat i, where i = 1, 2 denotes object index in the scene based on closeness to the camera. we also predict the background material denoted with mat bg. b additional experiment results in this section, we provide additional experimental results that could not be included in the main paper due to the limitation of space. b. 1 mse on the benchmark tasks in figure 10, we report the in - distribution and out - of - distribution mse for all benchmark tasks. b. 2 generalization gap on the benchmark tasks in figure 11, we report the systematic generalization gap for all benchmark tasks. the systematic generalization gap is defined as the difference between the ood mse and in - distribution mse in the log scale. b. 3 qualitative results in figures 12, 13 and 14, we visualize the predicted images of various baselines on the benchmark tasks. b. 4 mse on the analysis tasks in figure 15, we plot the mse performance on the analysis tasks. a detailed description of how the analysis tasks are constructed is provided in section d. 1. 2. b. 5 comparison of in - distribution performance between image - to - image and state - space models in figures 4 and 10, one observation is that state - space models ( ssms ) generally have worse indistribution mse than image - to - image models. this can be expected since the image - to - image models minimize the prediction error directly in the image space while state - space models minimize the prediction error in the latent space which is an indirect objective. b. 6 factor prediction the svib - clev",
      "query": "What are the key contributions and significance of this work?"
    }
  ],
  "rag_by_query": {
    "What is the main problem or motivation addressed in this paper?": [
      {
        "vector_id": 646,
        "score": 0.570382833480835,
        "text": "to require extracting the underlying visual factors. our experiments showed that our benchmark is yet to be solved and highlights an important limitation of the current models. we also showed that systematic perception and visual complexity are important aspects of this problem. we hope that our benchmark will enable the development of more capable world modeling and perception approaches. limitations and future extensions. our benchmark makes several simplifying choices to support faster model development and ease of analysis. however, this leaves several limitations and avenues for extending the benchmark. first, from a world modeling perspective, a richer benchmark may be constructed by introducing action - conditioning, stochasticity, longer episodes, occlusions, 3d viewpoints, etc. second, our dynamics are fixed within a task. our benchmark can be extended to have distinct dynamics in each episode constructed compositionally using dynamical primitives. third, our benchmark can be extended by introducing greater realism e. g., greater visual complexity, more objects, more primitives, etc. fourth, our dynamics involve symmetric rules and a future extension may introduce non - symmetric rules. another avenue is to increase emphasis on relational abstractions. lastly, future works may also consider investigating whether large pre - trained models ( e. g., [ 43 ] ) can provide necessary priors for systematic generalization. a datasheet for datasets a. 1 motivation question 1 : for what purpose was the dataset created? the dataset was created as a test - bed to evaluate the systematic generalization ability of visual imagination models, with an emphasis on compositionality at the level of intra - object factors ( e. g., color, shape, size, etc. ) and visual complexity. question 2 : who created the dataset ( e. g., which team or research group ) and on behalf of which entity ( e. g., company, institution, organization )? the dataset was created by the authors who are affiliated with machine learning and mind lab ( mlml ) situated in the school of computing at korea advanced institute of science and technology ( kaist ) and rutgers university. a. 2 composition question 1 : what do the instances that comprise the dataset represent ( e. g., documents, photos, people, countries )? the dataset comprises several tasks. within each task, we provide 1 ) several training splits of different difficulties of systematic generalization, and 2 ) a test split. within each split, we provide several pairs of images, with the first image in each"
      },
      {
        "vector_id": 643,
        "score": 0.5562542080879211,
        "text": "the difficulty of systematic generalization becomes less severe and we see a consistent downward slope in the error plots across baselines and tasks. this is also supported by the qualitative results in fig. 5, where, with increasing α, a greater number of baselines are able to improve their predictions. since training splits with larger α expose more combinations, there is more opportunity for the baselines to overcome learning spurious correlations and discover the compositional primitives and the causal rule to apply. performance at α = 0. 6. our easiest training split corresponds to α = 0. 6 which exposes the largest fraction of combinations during training. yet, on most tasks, most baselines are not able to reach the performance of oracle - although it does happen in some select cases. from this, we can say that our benchmark is largely unsolved with significant room for progress. performance of oracle. we note that oracle is the best performer as it is the only baseline that can solve the tasks as early as at α = 0. downward slope. this can be explained by considering that svib requires systematic perception i. e., learning to perceive the input in terms of useful tokens - explicitly or implicitly - while also generalizing systematically to ood inputs. oracle is designed with access to the ground - truth tokens directly and it does not need to learn systematic perception via training. on the contrary, other baselines carry the additional burden of learning systematic perception along with rule learningcontributing to their worse performance. performance on svib - clevrtex. the performance of baselines on svib - clevrtex requires a special mention as we see that the curves with respect to α are almost flat and the slope is not as such, we can attribute the degraded performance of other baselines in svib - clevrtex to their poor systematic perception. this shows that higher visual complexity can make systematic perception more difficult in comparison to visually simple scenes of svib - dsprites and svib - clevr. this observation is also supported by the predictions visualized in fig. 14. it is noteworthy that our proposed benchmark provides a unique opportunity to study systematic imagination in visually complex scenes as the existing image - to - image benchmarks provide visually toy - like scenes [ 19, 4 ]. comparison of baselines we now compare the baselines in more detail. we draw our conclusions based on tasks with ratings of α = 0. 2 and 0. 4 since the tasks are too difficult for α"
      }
    ],
    "What method or approach is proposed? Summarize the core idea and components.": [
      {
        "vector_id": 631,
        "score": 0.528831422328949,
        "text": "introduction constructing a mental model of the world, known as a world model, in a composable way is a crucial aspect of human intelligence [ 40, 12, 72 ]. this ability enables humans to adapt to novel situations and problems in a zero - shot manner by envisioning the possible future [ 79, 7 ]. studies in neuroscience and cognitive science suggest that the key to this ability is the process of acquiring abstract, conceptual, and reusable pieces of knowledge from past experiences and applying them in new configurations to comprehend a novel situation [ 30, 15, 76, 7 ]. for instance, a person who understands the implications of a scene involving a \" big dog \" and a \" small cat \", e. g., how they may interact and what the subsequent scene may look like, can also reasonably understand the implications of an unfamiliar scenario involving a \" big cat \" and a \" small dog \". while this capability, termed systematic compositionality, is fundamental to human intelligence, how neural networks can acquire such an ability remains one of the grand challenges in machine learning [ 63, 6, 36 ]. the notion of systematic compositionality originates from the fields of philosophy of language and linguistics [ 95, 30 ]. language inherently provides a compositional representation using token structures, such as words or characters, which simplifies addressing compositional systematicity. as a result, the ai community has also made efforts to address this problem predominantly in the language domain [ 22, 63, 59, 88, 67, 2, 57, 28, 87, 106 ]. one notable milestone driving progress in this field recently is the development of the scan benchmark [ 63 ] posing a sequence - to - sequence translation task. the authors have demonstrated that rnns fail catastrophically at test time when presented with a compositionally novel input, i. e., an unknown composition of known concepts. however, the problem is even more elusive when it comes to imagining the dynamical implications of a visual observation, a problem referred to in this work as the compositional or systematic visual imagination. one reason for this is that, unlike language, images do not naturally provide such a tokenbased compositional representation, making the problem significantly more challenging. to tackle this problem, one must not only learn how to utilize compositional representations for systematic composition but also obtain such representations from unstructured, complex, high - dimensional pixels. another reason is the lack of an appropriate benchmark to directly address it. although several prior works have explored related problems, none have tackled"
      },
      {
        "vector_id": 636,
        "score": 0.5264772176742554,
        "text": "is involved per factor, we call the rule an atomic rule else we call it a non - atomic rule. with these two axes, we define 4 rule categories with increasing complexity : single atomic, multiple atomic, single non - atomic, and multiple non - atomic. for example, the aforementioned shape - swap rule can be categorized as single atomic because only one factor ( i. e., shape ) is modified per object whose new value depends on only one parent, i. e., the shape of the other object. systematic training and testing splits in this section, we describe how we construct the training and the testing episodes of a task. as a benchmark for studying systematic generalization, our task episodes satisfy the following three conditions : 1 ) each primitive in the visual vocabulary is shown individually in the training episodes, 2 ) a subset of combinations is reserved for testing and 3 ) the fraction of combinations exposed during training can be controlled, offering a control knob to adjust the difficulty of generalization. to satisfy these, we proceed as follows. core combinations and testing combinations. we first construct a set of core combinationsthe smallest set of combinations that contains each primitive in the visual vocabulary at least once. for instance, for our previous example of a visual vocabulary, we can define the set of core combinations as : { green - circle - tiny, blue - square - small, magenta - square - medium, orange - star - large }. after defining the core combinations, we reserve 20 % of the remaining combinations as testing combinations. for more details, see appendix d. 2. the α - rating and training combinations. each training split in our benchmark is associated with an α - rating. to create a training split having a specific α - rating, we randomly select an α fraction of the combinations that remain after setting aside the core and the testing combinations. these selected combinations are then added to the core combinations to obtain the set of training combinations. the α - rating acts as a control knob over how difficult it is to generalize for a model trained on this split. a higher α - rating corresponds to exposing more combinations in the training split, thereby providing an easier generalization setting. similarly, a low α - rating corresponds to a more difficult generalization setting. in figure 3, we provide an illustration. in training episodes, we present each shape and color primitive individually, however, we do not show all possible combinations. to control the ease of solving the generalization task, we define an α - rating of the training split, the fraction of"
      }
    ],
    "What experiments or evaluation setup are used (datasets, tasks, metrics)?": [
      {
        "vector_id": 638,
        "score": 0.6834536790847778,
        "text": "64k episodes and the testing split contains 8k episodes. for each episode, we provide the input image, the target image, the ground - truth scene descriptions, and the ground - truth object masks. in figure 6, we show the complete directory structure of our benchmark. omni - composition datasets. svib additionally provides an omni - composition dataset for each of the 3 visual worlds i. e., svib - dsprites, svib - clevr, and svib - clevrtex. an omni - composition dataset is a dataset containing unpaired images that expose all possible combinations of primitives under the visual vocabulary of its respective visual world. the use of omni - composition datasets for solving the benchmark tasks is optional. metrics mse. a natural metric for measuring the systematic generalization performance of a model is the mean squared error ( mse ) between predicted and target images on the testing set episodes ( denoted as mse ood ). we can also compute how much worse the ood mse is relative to the in - distribution mse via the systematic generalization gap : log mse oodlog mse id, where mse id denotes the in - distribution mse. lpips. a key limitation of mse is that it can overly focus on low - level errors, e. g., small deviations that do not significantly impact human perception. therefore we recommend reporting lpips [ 115 ], an error metric shown to better correspond to human judgments. lpips works by taking two images as input, extracting their features via a pre - trained image classification model, and computing a weighted distance between the extracted features. in our experiments, we use the official implementation 6. baselines in this section, we describe the baselines that we evaluate in our experiments. these were selected considering two main implications of our benchmark : evaluating systematic generalization in vision models and world models. we evaluate two categories of baselines : 1 ) image - to - image models, and 2 ) state - space models. additionally, we evaluate an oracle model to obtain the best - case performance and to set a milestone of success on the benchmark tasks. image - to - image models in this category, we consider end - to - end neural network models that take the input image x and try to predict the target image y. within the model, the input image is mapped to an intermediate hidden representation e which is used to generate"
      }
    ],
    "What are the main results or findings? Include numeric results only if present.": [
      {
        "vector_id": 648,
        "score": 0.5691922903060913,
        "text": "? for each intra - object factor ( e. g., color or shape ), we define a library of primitives from which the factor takes values. these libraries of primitives are finite meaning that these libraries are not an exhaustive list of all possible values that a factor can theoretically take. nevertheless, our libraries are designed to capture all standard factor values as also done in the previous works [ 54, 55 ]. yes, for each task, we provide 4 training splits and one ood test split. the 4 training splits capture different levels of systematic generalization difficulty and correspond to α values 0. 0, 0. 2, 0. 4, and 0. 6. we do not provide a separate validation split, it is completely up to the learner how they want to leverage the training splits for validation e. g., via hold - out validation, k - fold cross - validation, leave - one - out validation, etc. question 9 : are there any errors, sources of noise, or redundancies in the dataset? no. question 10 : is the dataset self - contained, or does it link to or otherwise rely on external resources ( e. g., websites, tweets, other datasets )? yes, the dataset is self - contained and does not require external resources to work with. question 11 : does the dataset contain data that might be considered confidential ( e. g., data that is protected by legal privilege or by doctor - patient confidentiality, data that includes the content of individuals'non - public communications )? no. a. 3 collection process question 1 : how was the data associated with each instance acquired? the data was procedurally generated using the spriteworld and blender apis. question 2 : what mechanisms or procedures were used to collect the data ( e. g., hardware apparatus or sensor, manual human curation, software program, software api )? the svib - dsprites images were generated from the spriteworld api, the svib - clevr images using blender 2. 78, and the svib - clevrtex using blender 2. 93. all implementations were done in python. the blender processes were run on gpu instead of cpu - only for faster rendering. in the creation of individual splits such as specific training or testing splits, a single instance of a modern nvidia gpu was enough, demanding less than 25gb of gpu memory. question 3 : if the data"
      },
      {
        "vector_id": 655,
        "score": 0.5655702352523804,
        "text": "access a factor of an object using square brackets e. g., other ['color'] shall denote the color of the other object. integer factor value. in the following descriptions, we will assume that the value of a factor is represented as an integer. for instance, the color of an object self ['color'] can take a value in 0, 1,..., num _ colors - 1, where num _ colors is the total number of color primitives in the color vocabulary. similarly, the shape of an object self ['shape'] can take a value in 0, 1,..., num _ shapes - 1, where num _ shapes is the total number of shape primitives in the shape vocabulary. d. 1. 1 benchmark rules we define four benchmark tasks for each subset : svib - dsprites, svib - clevr, and svib - clevrtex. these tasks align with the four rule categories outlined in section 2. single atomic. in this task, the transformation is executed by swapping the shapes of the two objects in the input image. for brevity, we sometimes call it the shape - swap task and denote it as s - a. self ['shape'] ← other ['shape'] single non - atomic. this task involves a transformation where the shape of each object is updated based on the shapes of both objects in the input image, as determined by a lookup for svib - clevrtex, the color factor indicates texture. d. 1. 2 analysis tasks we design 16 analysis tasks, a broad pool of tasks from which we eventually choose the rules to construct the final benchmark. the analysis rules in these tasks are designed to be broad - based by keeping the following points in mind : 1. all rules taken together should cover all factors. 2. all rules taken together should cover various types of factor interactions : no interaction, interactions between factors of the same object, and interactions between factors of different objects. with these design considerations we design the rules as shown in figure 16. for this, we first create four atomic rules. we then construct rules with greater complexity by incrementally adding factors and parent edges to the causal graph. by analyzing the model performance on these rules in the dsprites environment, we choose 4 rules - one per each rule complexity category - that will be used to create the final benchmark tasks. the rules for the final benchmark tasks are"
      }
    ],
    "What are the key contributions and significance of this work?": [
      {
        "vector_id": 663,
        "score": 0.576770544052124,
        "text": ", 0 ) 1. 5 mymetal smoothcylinder ( 0, 0, 255 ) 2. 0 suzanne ( 0, 255, 255 ) ( 255, 0, 255 ) ( 255, 255, 0 ) question 4 : what data does each instance consist of? question 5 : is there a label or target associated with each instance? question 6 : is any information missing from individual instances? question 7 : are relationships between individual instances made explicit ( e. g., users'movie ratings, social network links )? no relationships are present between individual instances. table 4 : 4 factor primitives for various object properties in svib - clevrtex. for materials, we use 8 free textures provided by poliigon ( https : / / www. poliigon. com ) shape size material cone 1. 0 poliigonbricksflemishred001 cube 1. 5 poliigonbrickspaintedwhite001 cylinder 2. 0 poliigonchainmailcopperroundedthin001 suzanne poliigonfabricdenim003 icosahedron poliigonfabricfleece001 newellteapot poliigonmetalspottydiscoloration001 sphere poliigonrooftilesterracotta004 torus poliigonwoodflooring061 table 6 : 6 limitations of existing studies : the table contrasts our proposed systematic visual imagination benchmark ( svib ) with the existing studies. we note that existing studies do not offer a benchmark for evaluating systematic perception ability in the image domain. study task modality systematic perception perceptual complexity language scan [ 63 ] gscan [ 83 ] text → text image + text → text not applicable not applicable ( toy multi - object ) xu et al. [ 109 ] disentanglement montero et al. [ 74 ] image → latent image → latent ( toy single - object ) ( toy single - object ) table. for brevity, we sometimes denote this task as s - na. self ['shape'] ← ( self ['shape'] + other ['shape'] ) mod num _ shapes multiple atomic. in this task, the transformation involves simultaneous updates to the color and size of each object. the new color is determined by the object's own shape, and the new size is determined by the color of the other object. both determinations are made by a lookup table."
      },
      {
        "vector_id": 652,
        "score": 0.5727834701538086,
        "text": "older versions of the dataset continue to be supported / hosted / maintained? yes. question 7 : if others want to extend / augment / build on or contribute to the dataset, is there a mechanism for them to do so? yes, we shall release all our source code, including the code we used to generate the datasets under a highly permissive cc0 license. others can freely download, modify and create their own variants of the dataset. a. 8 author statement of responsibility we, the authors, confirm that we bear all responsibility in the case of violation of rights and licenses. table 5 : accuracy of ground - truth factor prediction in svib - clevrtex. we perform a factor prediction task where we take svib - clevrtex images as input and predict the factors for the scene. we indicate these by shape i, size i, mat i, where i = 1, 2 denotes object index in the scene based on closeness to the camera. we also predict the background material denoted with mat bg. b additional experiment results in this section, we provide additional experimental results that could not be included in the main paper due to the limitation of space. b. 1 mse on the benchmark tasks in figure 10, we report the in - distribution and out - of - distribution mse for all benchmark tasks. b. 2 generalization gap on the benchmark tasks in figure 11, we report the systematic generalization gap for all benchmark tasks. the systematic generalization gap is defined as the difference between the ood mse and in - distribution mse in the log scale. b. 3 qualitative results in figures 12, 13 and 14, we visualize the predicted images of various baselines on the benchmark tasks. b. 4 mse on the analysis tasks in figure 15, we plot the mse performance on the analysis tasks. a detailed description of how the analysis tasks are constructed is provided in section d. 1. 2. b. 5 comparison of in - distribution performance between image - to - image and state - space models in figures 4 and 10, one observation is that state - space models ( ssms ) generally have worse indistribution mse than image - to - image models. this can be expected since the image - to - image models minimize the prediction error directly in the image space while state - space models minimize the prediction error in the latent space which is an indirect objective. b. 6 factor prediction the svib - clev"
      }
    ]
  },
  "rag_prompt": "You are writing an academic abstract using the provided context.\nKeyword: visual_understanding\n\nContext:\n[Chunk 1] to require extracting the underlying visual factors. our experiments showed that our benchmark is yet to be solved and highlights an important limitation of the current models. we also showed that systematic perception and visual complexity are important aspects of this problem. we hope that our benchmark will enable the development of more capable world modeling and perception approaches. limitations and future extensions. our benchmark makes several simplifying choices to support faster model development and ease of analysis. however, this leaves several limitations and avenues for extending the benchmark. first, from a world modeling perspective, a richer benchmark may be constructed by introducing action - conditioning, stochasticity, longer episodes, occlusions, 3d viewpoints, etc. second, our dynamics are fixed within a task. our benchmark can be extended to have distinct dynamics in each episode constructed compositionally using dynamical primitives. third, our benchmark can be extended by introducing greater realism e. g., greater visual complexity, more objects, more primitives, etc. fourth, our dynamics involve symmetric rules and a future extension may introduce non - symmetric rules. another avenue is to increase emphasis on relational abstractions. lastly, future works may also consider investigating whether large pre - trained models ( e. g., [ 43 ] ) can provide necessary priors for systematic generalization. a datasheet for datasets a. 1 motivation question 1 : for what purpose was the dataset created? the dataset was created as a test - bed to evaluate the systematic generalization ability of visual imagination models, with an emphasis on compositionality at the level of intra - object factors ( e. g., color, shape, size, etc. ) and visual complexity. question 2 : who created the dataset ( e. g., which team or research group ) and on behalf of which entity ( e. g., company, institution, organization )? the dataset was created by the authors who are affiliated with machine learning and mind lab ( mlml ) situated in the school of computing at korea advanced institute of science and technology ( kaist ) and rutgers university. a. 2 composition question 1 : what do the instances that comprise the dataset represent ( e. g., documents, photos, people, countries )? the dataset comprises several tasks. within each task, we provide 1 ) several training splits of different difficulties of systematic generalization, and 2 ) a test split. within each split, we provide several pairs of images, with the first image in each\n\n[Chunk 2] the difficulty of systematic generalization becomes less severe and we see a consistent downward slope in the error plots across baselines and tasks. this is also supported by the qualitative results in fig. 5, where, with increasing α, a greater number of baselines are able to improve their predictions. since training splits with larger α expose more combinations, there is more opportunity for the baselines to overcome learning spurious correlations and discover the compositional primitives and the causal rule to apply. performance at α = 0. 6. our easiest training split corresponds to α = 0. 6 which exposes the largest fraction of combinations during training. yet, on most tasks, most baselines are not able to reach the performance of oracle - although it does happen in some select cases. from this, we can say that our benchmark is largely unsolved with significant room for progress. performance of oracle. we note that oracle is the best performer as it is the only baseline that can solve the tasks as early as at α = 0. downward slope. this can be explained by considering that svib requires systematic perception i. e., learning to perceive the input in terms of useful tokens - explicitly or implicitly - while also generalizing systematically to ood inputs. oracle is designed with access to the ground - truth tokens directly and it does not need to learn systematic perception via training. on the contrary, other baselines carry the additional burden of learning systematic perception along with rule learningcontributing to their worse performance. performance on svib - clevrtex. the performance of baselines on svib - clevrtex requires a special mention as we see that the curves with respect to α are almost flat and the slope is not as such, we can attribute the degraded performance of other baselines in svib - clevrtex to their poor systematic perception. this shows that higher visual complexity can make systematic perception more difficult in comparison to visually simple scenes of svib - dsprites and svib - clevr. this observation is also supported by the predictions visualized in fig. 14. it is noteworthy that our proposed benchmark provides a unique opportunity to study systematic imagination in visually complex scenes as the existing image - to - image benchmarks provide visually toy - like scenes [ 19, 4 ]. comparison of baselines we now compare the baselines in more detail. we draw our conclusions based on tasks with ratings of α = 0. 2 and 0. 4 since the tasks are too difficult for α\n\nConstraints: Use only the context. Do not invent datasets, baselines, or numerical results.\nIf results are not stated, describe them generally.\n\nWrite a concise abstract (150-250 words).",
  "rag_output": "This study introduces a novel benchmark designed to evaluate the systematic generalization ability of visual imagination models, particularly in scenarios with high visual complexity. The benchmark consists of several tasks, each with training splits of varying difficulties, and a test split. The goal is to assess the capacity of models to learn compositional primitives and causal rules, and apply them systematically to out-of-distribution inputs.\nOur experiments demonstrate that the current models face significant limitations in tackling this challenging problem, with most baselines failing to achieve the performance of an oracle model. The results indicate that the difficulty of systematic generalization decreases as the training splits expose more combinations, allowing models to learn compositional primitives and causal rules. However, even with increased exposure, most models struggle to reach the performance of the oracle model.\nThe benchmark highlights the importance of systematic perception and visual complexity in visual understanding, and provides a unique opportunity to study systematic imagination in visually complex scenes. The results suggest that there is significant room for progress in developing more capable world modeling and perception approaches.",
  "metrics": {
    "hwt": {
      "llama": {
        "perplexity": 12.993550578338562,
        "burstness": 2.8125,
        "curvature": 0.13505859375000018
      },
      "gpt2": {
        "perplexity": 22.938403163153815,
        "burstness": 3.109375,
        "curvature": 0.18623046874999982
      }
    },
    "only_llm": {
      "llama": {
        "perplexity": 3.8483952760727633,
        "burstness": 1.916015625,
        "curvature": 0.2728027343749999
      },
      "gpt2": {
        "perplexity": 8.005094287858618,
        "burstness": 2.1953125,
        "curvature": 0.3083007812499998
      }
    },
    "rag": {
      "llama": {
        "perplexity": 11.049042250008942,
        "burstness": 2.69140625,
        "curvature": 0.111328125
      },
      "gpt2": {
        "perplexity": 19.620255961497417,
        "burstness": 2.740234375,
        "curvature": 0.1929687499999999
      }
    }
  }
}