{
  "paper_id": "2410.08165v2",
  "keyword": "visual_understanding",
  "source_path": "papers/outputs/visual_understanding/2410.08165v2.json",
  "abstract_hwt": "Modern vision models have achieved remarkable success in benchmarks where local features provide critical information about the target. There is now a growing interest in tackling tasks requiring more global reasoning, where local features do not provide significant information. Minsky and Papert put forward such tasks in 1969 with their connectivity study, exposing the limitations of the perceptron model. In this paper, we introduce an expanded set of global visual datasets involving graphs, strings, mazes, and image grids. We show that large vision models still struggle to learn these tasks efficiently. Similarly, state-of-the-art multi-modal LLMs perform poorly on these datasets. We explain this learning inefficiency by means of the 'globality degree' measure. To mitigate this, we propose a method called chain-of-sketch (CoS). Similar to the chain-of-thought and scratchpad techniques used in language models, CoS breaks the original task into intermediate visual steps to help learn a complex task. In addition, we show that not all CoS strategies perform equally well. Our key insight is to impose a Markovian structure on the CoS frames. This leads to the introduction of 'inductive CoS' which achieves better out-of-distribution generalization and performs well even with smaller models compared to non-inductive variants. 1 * Equal contribution. 1 An earlier version appeared on arXiv under the title \"Visual Scratchpads: Enabling Global Reasoning in Vision\". Recently, Abbe et al. [2024] proposed the notion of globality degree to explain why tasks requiring global reasoning are hard for Transformers to learn, and to understand the effectiveness of scratchpads [Nye et al., 2021] and chain-of-thought [Wei et al., 2023] techniques in the text domain. For input tokens X 1 , . . . , X n and output Y , the globality degree of a task is defined as the minimum number of tokens k such that there exist k tokens X i1 , . . . , X i k that along with the histogram of tokens PX 3 provide significant information on the target Y , i.e., I(X i1 , . . . , X i k , PX ; Y ) = n -On (1) where I is the mutual information. It is further conjectured,",
  "abstract_only_llm": "The advent of pre-trained models has revolutionized the field of artificial intelligence, enabling impressive performance in various tasks. However, the extent to which these models can perform complex reasoning and understanding remains an open question. Specifically, when it comes to visual understanding, pre-trained models often excel in tasks that require pattern recognition and classification, but struggle with more abstract and nuanced reasoning tasks.\nThis study aims to investigate the limitations of pre-trained models in visual understanding and reasoning. By analyzing the capabilities and weaknesses of these models, we seek to provide a deeper understanding of their potential and limitations. Our investigation will focus on the ability of pre-trained models to reason about complex visual scenes, including the ability to identify relationships between objects, understand spatial and temporal context, and make inferences about unseen events.\nUltimately, this research aims to contribute to the development of more robust and generalizable visual understanding models that can perform complex reasoning tasks. By better understanding the limitations of pre-trained models, we can design more effective models that can tackle the challenges of real-world visual understanding tasks.",
  "abstract_rag": "The ability of transformers to generalize to out-of-distribution (OOD) and length-varying instances is crucial for their applications in reasoning tasks. However, their performance on these tasks is often limited by their reliance on superficial cues. This paper explores the visual understanding of OOD and length generalization in transformers, focusing on the visual domain where these challenges can be easily depicted with the same image resolution. We propose the use of visual datasets that require multi-step reasoning and chain-of-thought, such as the connectivity datasets, which involve determining whether a graph is connected or not.\nThese datasets, inspired by Minsky and Papert's work, require reasoning over multiple nodes and connections, making them ideal for evaluating the transformers' ability to generalize to longer instances. The proposed datasets, including the cycles task and strings task, present a significant challenge to the transformers, as they require tracing paths and considering local features, which are not informative for the task.",
  "only_llm_summary": "Introduction Modern computer vision models, as well as text models, are often pre-trained on vast datasets encompassing much of the knowledge available on the internet. While this has led to impressive capabilities, measuring the extent to which these models perform reasoning is still under investigation.",
  "only_llm_body": "Introduction Modern computer vision models, as well as text models, are often pre-trained on vast datasets encompassing much of the knowledge available on the internet. While this has led to impressive capabilities, measuring the extent to which these models perform reasoning is still under investigation. Evidence suggests that many of these models, acting as blurry, compressed versions of the Internet, excel at smooth interpolation within their encoded knowledge, but often struggle to grasp underlying logic and extrapolate robustly. Unfortunately, classical visual benchmarks are limited to tasks that can often be tackled with superficial cues and local features. Despite progress in visual and multi-modal reasoning benchmarks [Yue et al., 2023 , 2024 , Hao et al., 2025] , there is a need for datasets that rigorously test global reasoning and multi-step visual problem-solving. In this work, we aim to bridge this gap by exploring when and how models are capable of learning tasks that require multi-step global processing of the input. To that end, it is crucial to define the characteristics of global visual tasks. In contrast to local tasks, where a small subset of pixels-typically organized into patches-is sufficient to achieve better-than-random accuracy, global tasks require a more holistic understanding of the entire visual scene. For example, in ImageNet classification [Deng et al., 2009] , a single patch containing cat whiskers significantly increases the likelihood that t\n\nen shown the absence or the use of different absolute or relative positional embeddings [Shaw et al., 2018 , Dai et al., 2019] result in significant variations in length generalization performance [Kazemnejad et al., 2023] . Despite the efforts to understand the reasoning abilities in the symbolic domain, works in the visual domain have focused on more superficial forms of reasoning emphasizing understanding the semantics of the image. This is despite the fact that vision provides an excellent ground for OOD and length generalization experiments since one can easily depict more challenging examples with the same image resolution which removes the element of using suitable positional embeddings from the picture. Scratchpad and chain-of-thought Nye et al. [2021] introduced the idea of scratchpads showing that training Transformers to output the intermediate reasoning steps in addition to the final solution can boost their performance on reasoning tasks such as arithmetic, math, and code \n\nd provide extensive ablation experiments to quantify the con- tribution of each component. The computational implications of these components are also discussed in Appendix B.2. For even k, the label is equal to the parity of the number of cars, which is the same as the parity of the number of planes. In text, histogram refers to reporting how many times each token is appearing regardless of its position (similar to the bag of words). We use min-max normalized accuracy in the plot, including the random baseline for normalization. For the rectangular maze task, we slightly reduced the size of the blue and red cells in our images so that they do not touch the walls of the maze, eliminating any potential ambiguities for the model. The models can potentially come up with symbolic representations for the cycles and rectangular maze tasks, whereas doing so for the strings and circular maze tasks is more challenging. For extra clarity, the visualization is enhanced in Figure Nevertheless, this behavior is also evident in the non-enhanced outputs, as shown in the third row of Figure22. In particular, for the symbolic version of the cycles task studied in Abbe et al. [2024] , it is shown experimentally that the learning complexity grows rapidly with the number of nodes (2n) increasing. The number of patches in ViT models is usually constant as the images are resized unless the image is so fine-grained that a higher resolution is required, e.g., when the number of graph nodes diver",
  "only_llm_prompt": "You are writing an academic abstract.\nKeyword: visual_understanding\nBrief summary (2 sentences): Introduction Modern computer vision models, as well as text models, are often pre-trained on vast datasets encompassing much of the knowledge available on the internet. While this has led to impressive capabilities, measuring the extent to which these models perform reasoning is still under investigation.\nConstraints: Do not invent datasets, baselines, or numerical results.\nIf results are not stated, describe them generally.\n\nWrite a concise abstract (150-250 words).",
  "only_llm_output": "The advent of pre-trained models has revolutionized the field of artificial intelligence, enabling impressive performance in various tasks. However, the extent to which these models can perform complex reasoning and understanding remains an open question. Specifically, when it comes to visual understanding, pre-trained models often excel in tasks that require pattern recognition and classification, but struggle with more abstract and nuanced reasoning tasks.\nThis study aims to investigate the limitations of pre-trained models in visual understanding and reasoning. By analyzing the capabilities and weaknesses of these models, we seek to provide a deeper understanding of their potential and limitations. Our investigation will focus on the ability of pre-trained models to reason about complex visual scenes, including the ability to identify relationships between objects, understand spatial and temporal context, and make inferences about unseen events.\nUltimately, this research aims to contribute to the development of more robust and generalizable visual understanding models that can perform complex reasoning tasks. By better understanding the limitations of pre-trained models, we can design more effective models that can tackle the challenges of real-world visual understanding tasks.",
  "rag_queries": [
    "What is the main problem or motivation addressed in this paper?",
    "What method or approach is proposed? Summarize the core idea and components.",
    "What experiments or evaluation setup are used (datasets, tasks, metrics)?",
    "What are the main results or findings? Include numeric results only if present.",
    "What are the key contributions and significance of this work?"
  ],
  "rag_chunks": [
    {
      "vector_id": 198,
      "score": 0.5705426931381226,
      "text": "see whether they rely on superficial cues that do not work on ood samples or rather they can compose the rules they have seen during training to generalize to ood and often more complex examples. as a special case of ood generalization, it has been observed that length generalization [ zaremba and sutskever, 2014, lake and baroni, 2018, hupkes et al., 2020 ], generalizing to longer instances than what was seen during the training, is particularly challenging for transformers even for simple arithmetic tasks such as parity, addition, and multiplication [ anil et al., 2022, abbe et al., 2023b, lee et al., 2024 ]. this challenge may be further aggravated in the settings where the input problem or its solution is longer than what the model has seen during training and hence the model has to deal with ( mostly ) unseen positions where it has been shown the absence or the use of different absolute or relative positional embeddings [ shaw et al., 2018, dai et al., 2019 ] result in significant variations in length generalization performance [ kazemnejad et al., 2023 ]. despite the efforts to understand the reasoning abilities in the symbolic domain, works in the visual domain have focused on more superficial forms of reasoning emphasizing understanding the semantics of the image. this is despite the fact that vision provides an excellent ground for ood and length generalization experiments since one can easily depict more challenging examples with the same image resolution which removes the element of using suitable positional embeddings from the picture. scratchpad and chain - of - thought nye et al. [ 2021 ] introduced the idea of scratchpads showing that training transformers to output the intermediate reasoning steps in addition to the final solution can boost their performance on reasoning tasks such as arithmetic, math, and code understanding. further, wei et al. [ 2023 ] show that pre - trained language models can perform step - by - step reasoning by merely seeing a few in - context examples referring to this as chain - of - thought ( cot ). later it was shown that pre - trained language models can also generate chains of thoughts only by prompting to do so [ kojima et al., 2023 ]. abbe et al. [ 2024 ] provide theoretical explanations on the effectiveness of scratchpads using the notion of globality concept. foot _ 7 they also introduce a variant of the scratchpad method for multi - step reasoning problems that uses a",
      "query": "What is the main problem or motivation addressed in this paper?"
    },
    {
      "vector_id": 181,
      "score": 0.5673069953918457,
      "text": "that is, humans do not need to ponder for long periods of time to solve these tasks. considering the system 1 / system 2 terminology [ kahneman, 2011 ], these visual tasks are handled by our system 1. in general, little or no multi - step chain of entailments is necessary to solve these tasks. the first row shows the inputs ; the second row shows the complete sketch ( i. e., the target frame in single - frame cos or the final frame in multi - frame cos ). in the graph and string tasks, there are one or two connected components ( two shown ). in the maze tasks, there are always two connected components, but the start and end nodes may or may not be connected ( both cases shown ). in the pvr task, the label is the parity of the airplane class in the indicated row ( 0 in this example ). however, not all visual tasks share these characteristics. for instance, consider solving a maze, i. e., answering whether two points in a maze are connected or not. assuming the size of the maze is large enough, humans require some reflection before solving the maze. normally, humans would trace the paths on the maze with a pen to see where the starting point leads. importantly, apart from trivial edge cases where the start and end locations are close, local features are not informative for the maze task. for example, if only a few patches of a maze are given, one cannot solve it with high probability. motivated by the latter, we propose the following visual datasets in this paper : • connectivity datasets. inspired by minsky and papert [ 1969 ], we consider two datasets based on the notion of connectivity. - cycles task. in this task, 2n nodes are drawn randomly ( on an invisible circle ) in the image. there are also 2n edges between these nodes that form either one cycle of size 2n or two cycles of size n. the task is to determine whether the graph is connected ( one cycle, label 1 ) or not ( two cycles, label 0 ). see figure 2 for an example. in this task, one has to reason over at least n nodes and the connections between them to determine the label correctly, as any n - 1 nodes provide no information on whether there are two cycles or one. thus, one can simply increase the complexity of this task by increasing n. - strings task. in order to further increase the visual complexity, we consider a dataset consisting",
      "query": "What is the main problem or motivation addressed in this paper?"
    },
    {
      "vector_id": 199,
      "score": 0.5375173091888428,
      "text": "- trained language models can also generate chains of thoughts only by prompting to do so [ kojima et al., 2023 ]. abbe et al. [ 2024 ] provide theoretical explanations on the effectiveness of scratchpads using the notion of globality concept. foot _ 7 they also introduce a variant of the scratchpad method for multi - step reasoning problems that uses a dynamic masking technique to only attend to the input question and last step which causes the model to demonstrate superior length generalization performance. moreover, there have been recent efforts to use the visual form of scratchpad and chain - of - thought in multimodal models. in particular, visual - cot [ shao et al., 2024a ] takes an image with a question in the input. during the generation of the output, it first predicts a bounding box in the image that may have important information inside, and then the model focuses on that part of the image to answer the question better. this idea could be useful in cases where the answer can be given using a small part of a high - resolution image ( e. g., a text written with a small font in the corner of an image ). however, this work does not deal with hard reasoning tasks that require multiple reasoning steps nor produce images as scratchpad / cot. the recent work of hu et al. [ 2024 ] introduces the notion of sketchpad. for a question ( consisting of text and visual components ) they use a set of visual operations and tools including drawing lines, placing bounding boxes with object detection models, and using python to produce plots to generate a sketch that can potentially facilitate the reasoning process. the main difference with our works is that we focus on visual tasks that have a high globality degree and require multiple reasoning steps to solve, whereas hu et al. [ 2024 ] do not consider visual tasks that require multi - step reasoning. as a result, our approach is to use chain - of - sketches to make the tasks learnable, while in their case is to use tools ( e. g., object detection or plot creation using python ) to generate images that can guide the model. as a result, in our case, the models can generate a sequence of frames that correspond to reasoning steps where each image is generated freely by the model ; while the sketchpad method can only generate a single sketch in a limited manner by using a set of predefined tools and operations. in addition, there have been related developments in other subfields. for instance",
      "query": "What method or approach is proposed? Summarize the core idea and components."
    },
    {
      "vector_id": 213,
      "score": 0.6608169078826904,
      "text": "##uctive and single - frame cos achieve near - perfect performance on in - distribution ( id ) tasks. however, for out - of - distribution ( ood ) tasks, the inductive cos model significantly outperforms the single - frame cos, achieving 96. 88 % accuracy compared to 62. 99 %. this trend mirrors the results observed on the maze rectangular dataset, where ood generalization is again much better for the inductive method. for the strings dataset ( see figure 12 ), the pattern slightly differs. the strings dataset is a more challenging dataset overall, as established in the main paper, which makes ood generalization particularly difficult. nonetheless, the cos model consistently performs better than the single - frame cos, especially on more complex ood tasks, with the exception of size 14, the simplest ood task in this setting. d. 5 additional ablations for the multi - frame cos in the main paper, we discussed the factors contributing to the success of the inductive cos model, including increased supervision during training, the halting mechanism, and the integration of teacher forcing with training on the output distribution. in this section, we present additional experiments to evaluate the impact of the multi - frame supervision. we introduced a multi - frame cos model, which, while similar to the single - frame model, features multiple heads for predicting several cos frames. our previous findings indicated that the multi - frame cos did not yield any performance gains on ood samples compared to the single - frame model. however, there is a scenario where the multi - frame approach proves beneficial : it aids convergence for smaller models ( base and large ). as illustrated in figure 13, the inductive cos converges across all model sizes ( small, base, large, and huge ), while the single - frame cos only converges for the huge model, indicating a greater computational demand to find the solution. the multi - frame model mitigates this issue by facilitating convergence in base and large models, suggesting that while it may still struggle with ood, as noted in the main paper, it may help learning in - distribution. this improvement can be attributed to the presence of additional frames, which provide better guidance on the path to reaching the solution. e globality details our main regime of interest, the regime with significant patches ( which we studied in the main text ), assumes that patches are large enough, e. g., p × p sized -",
      "query": "What experiments or evaluation setup are used (datasets, tasks, metrics)?"
    },
    {
      "vector_id": 212,
      "score": 0.6501287817955017,
      "text": "aggregation is learnable or not and we compare it with the parity function. in figure 9 we see that the majority variant of the task is learnable without cos, whereas pvr with the parity aggregation is only learnable when ( at least ) a single - frame cos is used. here, we have conducted the experiments using the vit - b model size, but we have also confirmed that the pvr task with parity aggregation remains hard to learn without cos even if vit - l or vit - h are used. d. 2 additional model scaling experiments on maze ( circular ) in the model scaling experiments conducted on the maze ( circular ) dataset in figure 10, we observe a similar behavior to that seen on maze rectangular. for larger model sizes ( base, large, and huge ), both the cos and the single - frame achieve near - perfect accuracy. however, the cos model particularly shines when it comes to smaller models. with the vit - small model, the cos approach significantly outperforms the single - frame, yielding a performance improvement of more than 30 %. this indicates the effectiveness of the inductive method in handling resource - constrained settings. d. 3 relationship between model size and ood generalization the plot in figure 11 presents the ood generalization performance for models of different sizes ( b and h ) trained on task complexity 12 and tested on more complex tasks ranging from 14 to 24. notably, the inductive cos model consistently outperforms the single - frame cos across the entire range of task complexities, irrespective of model size. this trend holds true for both the base and huge models, although the performance gap between the two approaches seems to decrease as model size increases. this suggests that the single - frame model can somewhat benefit from larger models. however, as shown in the main paper, a key advantage of the cos lies in its ability to improve performance by using more compute at inference time, enabling smaller similar to the experiments presented in the main paper, on the maze ( circular ) dataset ( see table 6 ), both the inductive and single - frame cos achieve near - perfect performance on in - distribution ( id ) tasks. however, for out - of - distribution ( ood ) tasks, the inductive cos model significantly outperforms the single - frame cos, achieving 96. 88 % accuracy compared to 62. 99 %. this trend mirrors the results observed on the maze",
      "query": "What experiments or evaluation setup are used (datasets, tasks, metrics)?"
    },
    {
      "vector_id": 216,
      "score": 0.5322563648223877,
      "text": "datasets learned by various methods and model sizes. we can see that the model without a cos is not capable of learning any of these tasks, while for large enough models, the single - frame cos model may be able to learn. further, the inductive cos model can learn all the tasks with smaller models than the single - frame cos model. figure 7 : 7 figure 7 : the model is trained on cycles 12 and tested on more complex instances. figure 8 : 8 figure 8 : generated sketches for an example at different stages during training. we have increased the contrast of the images for better visualization. it can be seen that the model first learns to color the rightmost node and then it goes one distance further each time during training. figure 9 : 9 figure 9 : pvr with majority function is learnable by the vit - b model without cos. whereas, pvr with parity function is not learnable by vit without cos regardless of the model size. figure 10 : figure 11 : 1011 figure 10 : maze ( circular ) 16 model size experiments. the model behavior is similar to the maze ( rectangular ) dataset. cos is on par with single - frame for b, l and h but has a significant advantage on s. figure 12 : 12 figure12 : ood experiments where the model is trained on strings 12 and tested on more complex strings tasks. figure 13 : 13 figure 13 : scaling parameters, single - frame vs. multi - frame vs. inductive cos., we show examples of the cycles 20 dataset with connected cycles. in figure 15 and 16, sketches for the strings 12 dataset with disconnected and connected strings are shown. for maze tasks, figures 18 and 17 display sketches for solvable and non - solvable rectangular mazes. figures 20 and 19, do the same for maze circular 16. finally, figure 21 shows the sketches for a pvr task on 7 × 7 grid and k = 4 images per row where the parity function is used on the row. figure 14 : 14 figure 14 : example of sketches for the cycles 20 dataset, connected cycles. figure 15 : 15 figure 15 : example of sketches for the strings 12 dataset, disconnected strings. figure 16 : 16 figure 16 : example of sketches for the strings 12 dataset, connected strings. figure 17 : 17 figure 17 : example of sketches for the maze ( rectangular ) 24 dataset, non - solvable maze. figure 18 : 18 figure 18 :",
      "query": "What are the main results or findings? Include numeric results only if present."
    },
    {
      "vector_id": 205,
      "score": 0.5709859728813171,
      "text": "- and then sort them : x 1 ≤ x 2 ≤... ≤ x n - 1. we also select a parameter β randomly in [ 0, 2π ]. finally, we define the points to θ 1 = β, θ 2 = β + x 1 +, θ 3 = β + x 2 +,..., θ n = β + x n - 1 + ( n - 1 ). one can easily check that θ i + 1 - θ i = + ( x i - x i - 1 ) ≥ ( where we take x 0 = 0 ). also, θ n = β + x n - 1 + ( n - 1 ) ≤ β + ( 2π - ) = θ 1 + 2π - showing that each two consecutive points have a minimum distance of radians on the circle. chain - of - sketch. for the multi - frame cos of the cycles task, we first color the rightmost node in blue for the first frame. at each later frame, we color ( at most ) two more nodes / edges from both sides. in other words, the k + 1th frame includes all the nodes / edges with a distance less than or equal to k from the rightmost node colored in blue. consequently, the last cos frame which is the same as the single - frame cos for this task colors the cycle that passes through the rightmost node in blue ( whether the label is 0 or 1 ). we note that this resembles what humans would naturally do by following one of the cycles ( with a pen for instance ). ood samples. for the ood experiments, we simply use the cycles tasks with a different number of nodes for out - of - distribution evaluation. we note that currently, we only generate the cycles task datasets with up to 24 nodes. we believe one has to increase the image resolution for a larger number of nodes to still keep the task visually meaningful. c. 2 strings task the generation process of the strings task is similar to the cycles task. we have 2n invisible nodes ( called anchor nodes ) and these 2n nodes are connected with 2n 3rd - degree bezier curves such that we have either two strings ( label 0 ) or a single string ( label 1 ), equiprobably. for this task, we also generate images of size 448 × 448 and choose the anchor points on an invisible circle of radius 200 with the same process described for the",
      "query": "What are the key contributions and significance of this work?"
    },
    {
      "vector_id": 182,
      "score": 0.5650966167449951,
      "text": "in this task, one has to reason over at least n nodes and the connections between them to determine the label correctly, as any n - 1 nodes provide no information on whether there are two cycles or one. thus, one can simply increase the complexity of this task by increasing n. - strings task. in order to further increase the visual complexity, we consider a dataset consisting of random strings. in each sample, there are either two closed strings or one longer closed string. the dataset generation process for these curves is similar to the cycles task above, except that in the strings we do not make the ( anchor ) nodes visible and also connect them using third - degree bezier curves which produces continuous strings ( see figure 2 ). similar to the cycles task, one can increase the complexity of this task by increasing the number of invisible anchor points 2n, which leads to longer, more entangled strings. • maze solvability. we also consider a maze task in which there are always two connected components, and we have a start / source point ( shown in blue ) and an end / sink point ( shown in red ). the source and sink are in the same connected component or not equiprobably. the task is to determine whether they are connected ( label 1 ) or not ( label 0 ). we provide this dataset in a rectangular and a circular version to increase the visual complexity. examples can be seen in figure 2. to adjust the complexity of maze datasets, one can modify the size of the maze and hence the number of cells, the size of the components, and the distance between the source and sink ( if connected ). krizhevsky et al., 2009 ] dataset. the label of an image is given by the parity of the number of occurrences of the leftmost object in the indicated row. foot _ 0 note that the globality of this task is at least k + 1, as one has to use the pointer and also all the k images of the corresponding row to have non - zero information about the label ( as any k - 1 images of a row have no mutual information with the target since the parity function can flip depending on the single unseen image ). thus, one can also easily adjust the globality of the task by varying k. figure 2 shows a pvr task with n = 7 and k = 4. for each task, there exists a natural chain - of - sketch ( a single frame or a sequence of frames ) that uncovers the",
      "query": "What are the key contributions and significance of this work?"
    }
  ],
  "rag_by_query": {
    "What is the main problem or motivation addressed in this paper?": [
      {
        "vector_id": 198,
        "score": 0.5705426931381226,
        "text": "see whether they rely on superficial cues that do not work on ood samples or rather they can compose the rules they have seen during training to generalize to ood and often more complex examples. as a special case of ood generalization, it has been observed that length generalization [ zaremba and sutskever, 2014, lake and baroni, 2018, hupkes et al., 2020 ], generalizing to longer instances than what was seen during the training, is particularly challenging for transformers even for simple arithmetic tasks such as parity, addition, and multiplication [ anil et al., 2022, abbe et al., 2023b, lee et al., 2024 ]. this challenge may be further aggravated in the settings where the input problem or its solution is longer than what the model has seen during training and hence the model has to deal with ( mostly ) unseen positions where it has been shown the absence or the use of different absolute or relative positional embeddings [ shaw et al., 2018, dai et al., 2019 ] result in significant variations in length generalization performance [ kazemnejad et al., 2023 ]. despite the efforts to understand the reasoning abilities in the symbolic domain, works in the visual domain have focused on more superficial forms of reasoning emphasizing understanding the semantics of the image. this is despite the fact that vision provides an excellent ground for ood and length generalization experiments since one can easily depict more challenging examples with the same image resolution which removes the element of using suitable positional embeddings from the picture. scratchpad and chain - of - thought nye et al. [ 2021 ] introduced the idea of scratchpads showing that training transformers to output the intermediate reasoning steps in addition to the final solution can boost their performance on reasoning tasks such as arithmetic, math, and code understanding. further, wei et al. [ 2023 ] show that pre - trained language models can perform step - by - step reasoning by merely seeing a few in - context examples referring to this as chain - of - thought ( cot ). later it was shown that pre - trained language models can also generate chains of thoughts only by prompting to do so [ kojima et al., 2023 ]. abbe et al. [ 2024 ] provide theoretical explanations on the effectiveness of scratchpads using the notion of globality concept. foot _ 7 they also introduce a variant of the scratchpad method for multi - step reasoning problems that uses a"
      },
      {
        "vector_id": 181,
        "score": 0.5673069953918457,
        "text": "that is, humans do not need to ponder for long periods of time to solve these tasks. considering the system 1 / system 2 terminology [ kahneman, 2011 ], these visual tasks are handled by our system 1. in general, little or no multi - step chain of entailments is necessary to solve these tasks. the first row shows the inputs ; the second row shows the complete sketch ( i. e., the target frame in single - frame cos or the final frame in multi - frame cos ). in the graph and string tasks, there are one or two connected components ( two shown ). in the maze tasks, there are always two connected components, but the start and end nodes may or may not be connected ( both cases shown ). in the pvr task, the label is the parity of the airplane class in the indicated row ( 0 in this example ). however, not all visual tasks share these characteristics. for instance, consider solving a maze, i. e., answering whether two points in a maze are connected or not. assuming the size of the maze is large enough, humans require some reflection before solving the maze. normally, humans would trace the paths on the maze with a pen to see where the starting point leads. importantly, apart from trivial edge cases where the start and end locations are close, local features are not informative for the maze task. for example, if only a few patches of a maze are given, one cannot solve it with high probability. motivated by the latter, we propose the following visual datasets in this paper : • connectivity datasets. inspired by minsky and papert [ 1969 ], we consider two datasets based on the notion of connectivity. - cycles task. in this task, 2n nodes are drawn randomly ( on an invisible circle ) in the image. there are also 2n edges between these nodes that form either one cycle of size 2n or two cycles of size n. the task is to determine whether the graph is connected ( one cycle, label 1 ) or not ( two cycles, label 0 ). see figure 2 for an example. in this task, one has to reason over at least n nodes and the connections between them to determine the label correctly, as any n - 1 nodes provide no information on whether there are two cycles or one. thus, one can simply increase the complexity of this task by increasing n. - strings task. in order to further increase the visual complexity, we consider a dataset consisting"
      }
    ],
    "What method or approach is proposed? Summarize the core idea and components.": [
      {
        "vector_id": 199,
        "score": 0.5375173091888428,
        "text": "- trained language models can also generate chains of thoughts only by prompting to do so [ kojima et al., 2023 ]. abbe et al. [ 2024 ] provide theoretical explanations on the effectiveness of scratchpads using the notion of globality concept. foot _ 7 they also introduce a variant of the scratchpad method for multi - step reasoning problems that uses a dynamic masking technique to only attend to the input question and last step which causes the model to demonstrate superior length generalization performance. moreover, there have been recent efforts to use the visual form of scratchpad and chain - of - thought in multimodal models. in particular, visual - cot [ shao et al., 2024a ] takes an image with a question in the input. during the generation of the output, it first predicts a bounding box in the image that may have important information inside, and then the model focuses on that part of the image to answer the question better. this idea could be useful in cases where the answer can be given using a small part of a high - resolution image ( e. g., a text written with a small font in the corner of an image ). however, this work does not deal with hard reasoning tasks that require multiple reasoning steps nor produce images as scratchpad / cot. the recent work of hu et al. [ 2024 ] introduces the notion of sketchpad. for a question ( consisting of text and visual components ) they use a set of visual operations and tools including drawing lines, placing bounding boxes with object detection models, and using python to produce plots to generate a sketch that can potentially facilitate the reasoning process. the main difference with our works is that we focus on visual tasks that have a high globality degree and require multiple reasoning steps to solve, whereas hu et al. [ 2024 ] do not consider visual tasks that require multi - step reasoning. as a result, our approach is to use chain - of - sketches to make the tasks learnable, while in their case is to use tools ( e. g., object detection or plot creation using python ) to generate images that can guide the model. as a result, in our case, the models can generate a sequence of frames that correspond to reasoning steps where each image is generated freely by the model ; while the sketchpad method can only generate a single sketch in a limited manner by using a set of predefined tools and operations. in addition, there have been related developments in other subfields. for instance"
      }
    ],
    "What experiments or evaluation setup are used (datasets, tasks, metrics)?": [
      {
        "vector_id": 213,
        "score": 0.6608169078826904,
        "text": "##uctive and single - frame cos achieve near - perfect performance on in - distribution ( id ) tasks. however, for out - of - distribution ( ood ) tasks, the inductive cos model significantly outperforms the single - frame cos, achieving 96. 88 % accuracy compared to 62. 99 %. this trend mirrors the results observed on the maze rectangular dataset, where ood generalization is again much better for the inductive method. for the strings dataset ( see figure 12 ), the pattern slightly differs. the strings dataset is a more challenging dataset overall, as established in the main paper, which makes ood generalization particularly difficult. nonetheless, the cos model consistently performs better than the single - frame cos, especially on more complex ood tasks, with the exception of size 14, the simplest ood task in this setting. d. 5 additional ablations for the multi - frame cos in the main paper, we discussed the factors contributing to the success of the inductive cos model, including increased supervision during training, the halting mechanism, and the integration of teacher forcing with training on the output distribution. in this section, we present additional experiments to evaluate the impact of the multi - frame supervision. we introduced a multi - frame cos model, which, while similar to the single - frame model, features multiple heads for predicting several cos frames. our previous findings indicated that the multi - frame cos did not yield any performance gains on ood samples compared to the single - frame model. however, there is a scenario where the multi - frame approach proves beneficial : it aids convergence for smaller models ( base and large ). as illustrated in figure 13, the inductive cos converges across all model sizes ( small, base, large, and huge ), while the single - frame cos only converges for the huge model, indicating a greater computational demand to find the solution. the multi - frame model mitigates this issue by facilitating convergence in base and large models, suggesting that while it may still struggle with ood, as noted in the main paper, it may help learning in - distribution. this improvement can be attributed to the presence of additional frames, which provide better guidance on the path to reaching the solution. e globality details our main regime of interest, the regime with significant patches ( which we studied in the main text ), assumes that patches are large enough, e. g., p × p sized -"
      },
      {
        "vector_id": 212,
        "score": 0.6501287817955017,
        "text": "aggregation is learnable or not and we compare it with the parity function. in figure 9 we see that the majority variant of the task is learnable without cos, whereas pvr with the parity aggregation is only learnable when ( at least ) a single - frame cos is used. here, we have conducted the experiments using the vit - b model size, but we have also confirmed that the pvr task with parity aggregation remains hard to learn without cos even if vit - l or vit - h are used. d. 2 additional model scaling experiments on maze ( circular ) in the model scaling experiments conducted on the maze ( circular ) dataset in figure 10, we observe a similar behavior to that seen on maze rectangular. for larger model sizes ( base, large, and huge ), both the cos and the single - frame achieve near - perfect accuracy. however, the cos model particularly shines when it comes to smaller models. with the vit - small model, the cos approach significantly outperforms the single - frame, yielding a performance improvement of more than 30 %. this indicates the effectiveness of the inductive method in handling resource - constrained settings. d. 3 relationship between model size and ood generalization the plot in figure 11 presents the ood generalization performance for models of different sizes ( b and h ) trained on task complexity 12 and tested on more complex tasks ranging from 14 to 24. notably, the inductive cos model consistently outperforms the single - frame cos across the entire range of task complexities, irrespective of model size. this trend holds true for both the base and huge models, although the performance gap between the two approaches seems to decrease as model size increases. this suggests that the single - frame model can somewhat benefit from larger models. however, as shown in the main paper, a key advantage of the cos lies in its ability to improve performance by using more compute at inference time, enabling smaller similar to the experiments presented in the main paper, on the maze ( circular ) dataset ( see table 6 ), both the inductive and single - frame cos achieve near - perfect performance on in - distribution ( id ) tasks. however, for out - of - distribution ( ood ) tasks, the inductive cos model significantly outperforms the single - frame cos, achieving 96. 88 % accuracy compared to 62. 99 %. this trend mirrors the results observed on the maze"
      }
    ],
    "What are the main results or findings? Include numeric results only if present.": [
      {
        "vector_id": 216,
        "score": 0.5322563648223877,
        "text": "datasets learned by various methods and model sizes. we can see that the model without a cos is not capable of learning any of these tasks, while for large enough models, the single - frame cos model may be able to learn. further, the inductive cos model can learn all the tasks with smaller models than the single - frame cos model. figure 7 : 7 figure 7 : the model is trained on cycles 12 and tested on more complex instances. figure 8 : 8 figure 8 : generated sketches for an example at different stages during training. we have increased the contrast of the images for better visualization. it can be seen that the model first learns to color the rightmost node and then it goes one distance further each time during training. figure 9 : 9 figure 9 : pvr with majority function is learnable by the vit - b model without cos. whereas, pvr with parity function is not learnable by vit without cos regardless of the model size. figure 10 : figure 11 : 1011 figure 10 : maze ( circular ) 16 model size experiments. the model behavior is similar to the maze ( rectangular ) dataset. cos is on par with single - frame for b, l and h but has a significant advantage on s. figure 12 : 12 figure12 : ood experiments where the model is trained on strings 12 and tested on more complex strings tasks. figure 13 : 13 figure 13 : scaling parameters, single - frame vs. multi - frame vs. inductive cos., we show examples of the cycles 20 dataset with connected cycles. in figure 15 and 16, sketches for the strings 12 dataset with disconnected and connected strings are shown. for maze tasks, figures 18 and 17 display sketches for solvable and non - solvable rectangular mazes. figures 20 and 19, do the same for maze circular 16. finally, figure 21 shows the sketches for a pvr task on 7 × 7 grid and k = 4 images per row where the parity function is used on the row. figure 14 : 14 figure 14 : example of sketches for the cycles 20 dataset, connected cycles. figure 15 : 15 figure 15 : example of sketches for the strings 12 dataset, disconnected strings. figure 16 : 16 figure 16 : example of sketches for the strings 12 dataset, connected strings. figure 17 : 17 figure 17 : example of sketches for the maze ( rectangular ) 24 dataset, non - solvable maze. figure 18 : 18 figure 18 :"
      }
    ],
    "What are the key contributions and significance of this work?": [
      {
        "vector_id": 205,
        "score": 0.5709859728813171,
        "text": "- and then sort them : x 1 ≤ x 2 ≤... ≤ x n - 1. we also select a parameter β randomly in [ 0, 2π ]. finally, we define the points to θ 1 = β, θ 2 = β + x 1 +, θ 3 = β + x 2 +,..., θ n = β + x n - 1 + ( n - 1 ). one can easily check that θ i + 1 - θ i = + ( x i - x i - 1 ) ≥ ( where we take x 0 = 0 ). also, θ n = β + x n - 1 + ( n - 1 ) ≤ β + ( 2π - ) = θ 1 + 2π - showing that each two consecutive points have a minimum distance of radians on the circle. chain - of - sketch. for the multi - frame cos of the cycles task, we first color the rightmost node in blue for the first frame. at each later frame, we color ( at most ) two more nodes / edges from both sides. in other words, the k + 1th frame includes all the nodes / edges with a distance less than or equal to k from the rightmost node colored in blue. consequently, the last cos frame which is the same as the single - frame cos for this task colors the cycle that passes through the rightmost node in blue ( whether the label is 0 or 1 ). we note that this resembles what humans would naturally do by following one of the cycles ( with a pen for instance ). ood samples. for the ood experiments, we simply use the cycles tasks with a different number of nodes for out - of - distribution evaluation. we note that currently, we only generate the cycles task datasets with up to 24 nodes. we believe one has to increase the image resolution for a larger number of nodes to still keep the task visually meaningful. c. 2 strings task the generation process of the strings task is similar to the cycles task. we have 2n invisible nodes ( called anchor nodes ) and these 2n nodes are connected with 2n 3rd - degree bezier curves such that we have either two strings ( label 0 ) or a single string ( label 1 ), equiprobably. for this task, we also generate images of size 448 × 448 and choose the anchor points on an invisible circle of radius 200 with the same process described for the"
      },
      {
        "vector_id": 182,
        "score": 0.5650966167449951,
        "text": "in this task, one has to reason over at least n nodes and the connections between them to determine the label correctly, as any n - 1 nodes provide no information on whether there are two cycles or one. thus, one can simply increase the complexity of this task by increasing n. - strings task. in order to further increase the visual complexity, we consider a dataset consisting of random strings. in each sample, there are either two closed strings or one longer closed string. the dataset generation process for these curves is similar to the cycles task above, except that in the strings we do not make the ( anchor ) nodes visible and also connect them using third - degree bezier curves which produces continuous strings ( see figure 2 ). similar to the cycles task, one can increase the complexity of this task by increasing the number of invisible anchor points 2n, which leads to longer, more entangled strings. • maze solvability. we also consider a maze task in which there are always two connected components, and we have a start / source point ( shown in blue ) and an end / sink point ( shown in red ). the source and sink are in the same connected component or not equiprobably. the task is to determine whether they are connected ( label 1 ) or not ( label 0 ). we provide this dataset in a rectangular and a circular version to increase the visual complexity. examples can be seen in figure 2. to adjust the complexity of maze datasets, one can modify the size of the maze and hence the number of cells, the size of the components, and the distance between the source and sink ( if connected ). krizhevsky et al., 2009 ] dataset. the label of an image is given by the parity of the number of occurrences of the leftmost object in the indicated row. foot _ 0 note that the globality of this task is at least k + 1, as one has to use the pointer and also all the k images of the corresponding row to have non - zero information about the label ( as any k - 1 images of a row have no mutual information with the target since the parity function can flip depending on the single unseen image ). thus, one can also easily adjust the globality of the task by varying k. figure 2 shows a pvr task with n = 7 and k = 4. for each task, there exists a natural chain - of - sketch ( a single frame or a sequence of frames ) that uncovers the"
      }
    ]
  },
  "rag_prompt": "You are writing an academic abstract using the provided context.\nKeyword: visual_understanding\n\nContext:\n[Chunk 1] see whether they rely on superficial cues that do not work on ood samples or rather they can compose the rules they have seen during training to generalize to ood and often more complex examples. as a special case of ood generalization, it has been observed that length generalization [ zaremba and sutskever, 2014, lake and baroni, 2018, hupkes et al., 2020 ], generalizing to longer instances than what was seen during the training, is particularly challenging for transformers even for simple arithmetic tasks such as parity, addition, and multiplication [ anil et al., 2022, abbe et al., 2023b, lee et al., 2024 ]. this challenge may be further aggravated in the settings where the input problem or its solution is longer than what the model has seen during training and hence the model has to deal with ( mostly ) unseen positions where it has been shown the absence or the use of different absolute or relative positional embeddings [ shaw et al., 2018, dai et al., 2019 ] result in significant variations in length generalization performance [ kazemnejad et al., 2023 ]. despite the efforts to understand the reasoning abilities in the symbolic domain, works in the visual domain have focused on more superficial forms of reasoning emphasizing understanding the semantics of the image. this is despite the fact that vision provides an excellent ground for ood and length generalization experiments since one can easily depict more challenging examples with the same image resolution which removes the element of using suitable positional embeddings from the picture. scratchpad and chain - of - thought nye et al. [ 2021 ] introduced the idea of scratchpads showing that training transformers to output the intermediate reasoning steps in addition to the final solution can boost their performance on reasoning tasks such as arithmetic, math, and code understanding. further, wei et al. [ 2023 ] show that pre - trained language models can perform step - by - step reasoning by merely seeing a few in - context examples referring to this as chain - of - thought ( cot ). later it was shown that pre - trained language models can also generate chains of thoughts only by prompting to do so [ kojima et al., 2023 ]. abbe et al. [ 2024 ] provide theoretical explanations on the effectiveness of scratchpads using the notion of globality concept. foot _ 7 they also introduce a variant of the scratchpad method for multi - step reasoning problems that uses a\n\n[Chunk 2] that is, humans do not need to ponder for long periods of time to solve these tasks. considering the system 1 / system 2 terminology [ kahneman, 2011 ], these visual tasks are handled by our system 1. in general, little or no multi - step chain of entailments is necessary to solve these tasks. the first row shows the inputs ; the second row shows the complete sketch ( i. e., the target frame in single - frame cos or the final frame in multi - frame cos ). in the graph and string tasks, there are one or two connected components ( two shown ). in the maze tasks, there are always two connected components, but the start and end nodes may or may not be connected ( both cases shown ). in the pvr task, the label is the parity of the airplane class in the indicated row ( 0 in this example ). however, not all visual tasks share these characteristics. for instance, consider solving a maze, i. e., answering whether two points in a maze are connected or not. assuming the size of the maze is large enough, humans require some reflection before solving the maze. normally, humans would trace the paths on the maze with a pen to see where the starting point leads. importantly, apart from trivial edge cases where the start and end locations are close, local features are not informative for the maze task. for example, if only a few patches of a maze are given, one cannot solve it with high probability. motivated by the latter, we propose the following visual datasets in this paper : • connectivity datasets. inspired by minsky and papert [ 1969 ], we consider two datasets based on the notion of connectivity. - cycles task. in this task, 2n nodes are drawn randomly ( on an invisible circle ) in the image. there are also 2n edges between these nodes that form either one cycle of size 2n or two cycles of size n. the task is to determine whether the graph is connected ( one cycle, label 1 ) or not ( two cycles, label 0 ). see figure 2 for an example. in this task, one has to reason over at least n nodes and the connections between them to determine the label correctly, as any n - 1 nodes provide no information on whether there are two cycles or one. thus, one can simply increase the complexity of this task by increasing n. - strings task. in order to further increase the visual complexity, we consider a dataset consisting\n\nConstraints: Use only the context. Do not invent datasets, baselines, or numerical results.\nIf results are not stated, describe them generally.\n\nWrite a concise abstract (150-250 words).",
  "rag_output": "The ability of transformers to generalize to out-of-distribution (OOD) and length-varying instances is crucial for their applications in reasoning tasks. However, their performance on these tasks is often limited by their reliance on superficial cues. This paper explores the visual understanding of OOD and length generalization in transformers, focusing on the visual domain where these challenges can be easily depicted with the same image resolution. We propose the use of visual datasets that require multi-step reasoning and chain-of-thought, such as the connectivity datasets, which involve determining whether a graph is connected or not.\nThese datasets, inspired by Minsky and Papert's work, require reasoning over multiple nodes and connections, making them ideal for evaluating the transformers' ability to generalize to longer instances. The proposed datasets, including the cycles task and strings task, present a significant challenge to the transformers, as they require tracing paths and considering local features, which are not informative for the task.",
  "metrics": {
    "hwt": {
      "llama": {
        "perplexity": 11.311062736078481,
        "burstness": 2.744140625,
        "curvature": 0.09072265625000009
      },
      "gpt2": {
        "perplexity": 22.84897480427519,
        "burstness": 3.033203125,
        "curvature": 0.09121093750000009
      }
    },
    "only_llm": {
      "llama": {
        "perplexity": 3.2311934640416666,
        "burstness": 1.623046875,
        "curvature": 0.272705078125
      },
      "gpt2": {
        "perplexity": 7.683402631361398,
        "burstness": 2.01171875,
        "curvature": 0.2982421875000001
      }
    },
    "rag": {
      "llama": {
        "perplexity": 12.942893525362278,
        "burstness": 2.908203125,
        "curvature": 0.11650390625000018
      },
      "gpt2": {
        "perplexity": 24.275148340672132,
        "burstness": 2.90625,
        "curvature": 0.1905273437499999
      }
    }
  }
}