{
  "paper_id": "2412.07406v1",
  "keyword": "visual_understanding",
  "source_path": "papers/outputs/visual_understanding/2412.07406v1.json",
  "abstract_hwt": "We propose a novel self-supervised approach for learning audio and visual representations from unlabeled videos, based on their correspondence. The approach uses an attention mechanism to learn the relative importance of convolutional features extracted at different resolutions from the audio and visual streams and uses the attention features to encode the audio and visual input based on their correspondence. We evaluated the representations learned by the model to classify audio-visual correlation as well as to recommend sound effects for visual scenes. Our results show that the representations generated by the attention model improves the correlation accuracy compared to the baseline, by 18% and the recommendation accuracy by 10% for VGG-Sound, which is a public video dataset. Additionally, audio-visual representations learned by training the attention model with cross-modal contrastive learning further improves the recommendation performance, based on our evaluation using VGG-Sound and a more challenging dataset consisting of gameplay video recordings.",
  "abstract_only_llm": "Learning representations that effectively capture the correspondence between audio and visual modalities is a fundamental challenge in the field of multi-modal processing. This problem is particularly daunting when training on unannotated videos, where the objects and sounds present in the video are not explicitly labeled. Despite the challenges, learning representations that can robustly associate visual and auditory cues has far-reaching implications for various audiovisual (A-V) content creation tasks, such as video editing, sound design, and multimedia storytelling.\nOur research focuses on developing novel methods for learning visual understanding from unannotated videos, with a particular emphasis on leveraging the temporal correspondence between audio and visual modalities. By capitalizing on the inherent relationships between visual and auditory cues, our approach seeks to improve the robustness and generalizability of learned representations. The ultimate goal is to enable more effective and efficient A-V content creation, where the visual and auditory elements are seamlessly integrated to convey meaningful narratives and emotions. This research has the potential to significantly impact the field of multi-modal processing, with applications in various domains, including film, television, and virtual reality.",
  "abstract_rag": "This study explores the application of cross-modal contrastive learning for audio-visual representation learning, focusing on the development of a novel attention-based encoder with a projection module. By training on unlabeled videos, the proposed model learns to extract local and global audio-visual features at different resolutions, attending to them based on their relative importance. This approach enables the disentanglement of latent features extracted from videos with multiple objects and sound sources without relying on explicit object detection or audio source separation.\nThe proposed model projects correlated audio and visual inputs closer in the latent space compared to uncorrelated audio-visual pairs. The results demonstrate that when trained with cross-modal contrastive learning, the attention encoder learns better audio and visual representations, improving sound recommendation accuracy on video datasets with varying complexities. Furthermore, the generated representations can be applied to unimodal and multi-modal similarity tasks and multimodal content creation tasks, such as creative video editing using recommended sound effects based on the objects and context in the visual scenes.",
  "only_llm_summary": "Introduction Learning audio and visual representations based on their correspondence, by training on videos without explicit annotations for the objects and sounds that appear in the videos, is a challenging problem. The learned representations are useful for some of the audiovisual (A-V) content creation tasks.",
  "only_llm_body": "Introduction Learning audio and visual representations based on their correspondence, by training on videos without explicit annotations for the objects and sounds that appear in the videos, is a challenging problem. The learned representations are useful for some of the audiovisual (A-V) content creation tasks. Our motivation is to use these representations to recommend sound effects based on the visual scene, in order to assist sound designers in creating entertaining video content, such as short trailers or video games. Currently, sound effect generation (a technique called Foley) for video game or movie content generation is a time-consuming and iterative process, as shown in Figure 1 . Given a silent video sequence, in the first step the sound designer identifies the relevant sound categories by understanding the visual scene. For example, for the video frame shown in Figure 1 , a designer may identify water-related sounds and human voices as sounds that correspond to the visible objects. Additionally, ambient sounds, such as wind related sounds, may also be relevant, even though this background context may not be visible. Next, specific sound samples for the selected sound categories are retrieved from a sound database. This sound selection and retrieval process is iterative, since there may be numerous variations of sound samples within a category. The selected sound samples are then used to create the desired sound effects for the video. Our goal Fig. 1 : Sound matchi\n\nising augmented views of the same image, while maximizing the distance between representations of negative pairs comprising augmented views of different images. Some of these methods rely on large batch sizes [4, 5] , large memory banks [6, 10, 13] , or careful negative mining strategies. While these approaches rely on data augmentation to learn self-supervised unimodal representations, we propose a cross-modal contrastive learning approach for learning both audio and visual representations, without relying on data augmentation. Our contrastive network architecture uses the same attention-based 2-stream audiovisual encoder shown in Figure 2b as its backbone, but uses a different projection module, training strategy, and loss function. We experimented with two different projection architectures: a single-layer linear MLP and a 2-layer MLP with a ReLU nonlinearity between the 2 layers. The projector for contrastive learning does not compute the distance between the audio-visual embedding\n\nntion model trained with BCE+margin loss (Model 3 in Table 1b) (b) Attention model trained with InfoNCE loss (Model 5 in Table (a) Recommendations with a good match (images best viewed in color).(b) Recommendations with some mismatch (images best viewed in color). Fig. 4 : 4 Fig. 4: Topmost sounds recommended for Gameplay videos by Model 5 in Table1b. Fig. 4: Topmost sounds recommended for Gameplay videos by Model 5 in Table1b. ( The frames in (a) are from the video game The Last Guardian™. ©2016 Sony Interactive Entertainment Inc. The Last Guardian is a trademark of Sony Interactive Entertainment America LLC. The frames in (b) are from Knack™2. ©2017 Sony Interactive Entertainment Inc. Knack is a trademark of Sony Interactive Entertainment LLC.) Table 1 : 1 Performance evaluation on VGG-Sound. The encoder, projector, and loss function for each model are described in Section 4. Encoder Loss Acc(%) ID Encoder Projector Loss function Category-level acc (%) Sample-level acc (%) baseline BCE attention BCE+margin 87.4 69.5 1 baseline 2 attention linear linear 3 attention linear BCE BCE BCE+margin-contrastive 14.1 15.6 24.2 8.6 13.3 18.8 contrastive Contrastive Learning Models fine-tuned BCE+margin 87.8 4 attention nonlinear InfoNCE 28.1 23.4 attention contrastive 5 attention linear 6 attention nonlinear NT-Xent InfoNCE 38.3 32.0 31.3 27.3 7 attention linear NT-Xent 33.6 28.9 (a) A-V correlation accuracy for VGG-Sound dataset (b) Top-10 recommendation accuracy for VGG-Sound dat",
  "only_llm_prompt": "You are writing an academic abstract.\nKeyword: visual_understanding\nBrief summary (2 sentences): Introduction Learning audio and visual representations based on their correspondence, by training on videos without explicit annotations for the objects and sounds that appear in the videos, is a challenging problem. The learned representations are useful for some of the audiovisual (A-V) content creation tasks.\nConstraints: Do not invent datasets, baselines, or numerical results.\nIf results are not stated, describe them generally.\n\nWrite a concise abstract (150-250 words).",
  "only_llm_output": "Learning representations that effectively capture the correspondence between audio and visual modalities is a fundamental challenge in the field of multi-modal processing. This problem is particularly daunting when training on unannotated videos, where the objects and sounds present in the video are not explicitly labeled. Despite the challenges, learning representations that can robustly associate visual and auditory cues has far-reaching implications for various audiovisual (A-V) content creation tasks, such as video editing, sound design, and multimedia storytelling.\nOur research focuses on developing novel methods for learning visual understanding from unannotated videos, with a particular emphasis on leveraging the temporal correspondence between audio and visual modalities. By capitalizing on the inherent relationships between visual and auditory cues, our approach seeks to improve the robustness and generalizability of learned representations. The ultimate goal is to enable more effective and efficient A-V content creation, where the visual and auditory elements are seamlessly integrated to convey meaningful narratives and emotions. This research has the potential to significantly impact the field of multi-modal processing, with applications in various domains, including film, television, and virtual reality.",
  "rag_queries": [
    "What is the main problem or motivation addressed in this paper?",
    "What method or approach is proposed? Summarize the core idea and components.",
    "What experiments or evaluation setup are used (datasets, tasks, metrics)?",
    "What are the main results or findings? Include numeric results only if present.",
    "What are the key contributions and significance of this work?"
  ],
  "rag_chunks": [
    {
      "vector_id": 1721,
      "score": 0.5040145516395569,
      "text": "##b. fig. 4 : topmost sounds recommended for gameplay videos by model 5 in table1b. ( the frames in ( a ) are from the video game the last guardian™. ©2016 sony interactive entertainment inc. the last guardian is a trademark of sony interactive entertainment america llc. the frames in ( b ) are from knack™2. ©2017 sony interactive entertainment inc. knack is a trademark of sony interactive entertainment llc. ) table 1 : 1 performance evaluation on vgg - sound. the encoder, projector, and loss function for each model are described in section 4. encoder loss acc ( % ) id encoder projector loss function category - level acc ( % ) sample - level acc ( % ) baseline bce attention bce + margin 87. 4 69. 5 1 baseline 2 attention linear linear 3 attention linear bce bce bce + margin - contrastive 14. 1 15. 6 24. 2 8. 6 13. 3 18. 8 contrastive contrastive learning models fine - tuned bce + margin 87. 8 4 attention nonlinear infonce 28. 1 23. 4 attention contrastive 5 attention linear 6 attention nonlinear nt - xent infonce 38. 3 32. 0 31. 3 27. 3 7 attention linear nt - xent 33. 6 28. 9 ( a ) a - v correlation accuracy for vgg - sound dataset ( b ) top - 10 recommendation accuracy for vgg - sound dataset",
      "query": "What is the main problem or motivation addressed in this paper?"
    },
    {
      "vector_id": 1712,
      "score": 0.5002775192260742,
      "text": "[ 14 ], which is based on noise contrastive estimation. we adapted these loss functions to train our model end - to - end for cross - modal representation learning, as follows. the input batch used to train the baseline and attention models in the previous subsections includes an equal number of positive and negative audio - visual pairs. in contrast, the training batch for contrastive learning models consists of n audio - visual pairs, denoted by x = { ( v 1, a 1 ), ( v 2, a 2 ),..., ( v n, a n ) }, where each visual input v i is correlated with audio input a i, but is not correlated with audio input a k, k = i. in other words, each v i is paired with one positive audio sample, while the remaining uncorrelated n - 1 audio samples in the batch serve as negative audio samples for v i, which obviates the need to explicitly sample negative pairs for training. this allows the model to learn from a larger population of negative pairs without increasing the batch size. the nt - xent loss function for a positive audio - visual pair ( v i, a i ) is defined in equation 2. the training objective is to minimize the average loss computed across all the positive audio - visual pairs. l nx ( v i, a i ) = - log exp ( sim ( z vi, z ai ) / τ ) n k = 1 1 [ k = i ] exp ( sim ( z vi, z a k ) / τ ) ( 2 ) where the embeddings that are output by the a - v encoders ( e v and e a ) for a visual input v i, and an audio input a k, are projected by the projection module p to generate z vi = p ( e v ( v i ) ) and z a k = p ( e a ( a k ) ), respectively ; sim is a similarity function ( we used cosine similarity ) that computes the similarity between the projected visual and audio representations ; τ is the temperature hyperparameter used for scaling the similarity values ; 1 [ k = i ] ∈ { 0, 1 } is an indicator function that evaluates to 1 iff k = i. we also adapted the infonce loss function to train the contrastive learning model for audio - visual representation learning. the infonce loss function for self - supervised unimodal representation learning was formulated in [ 14 ]. given a batch x",
      "query": "What is the main problem or motivation addressed in this paper?"
    },
    {
      "vector_id": 1720,
      "score": 0.4959257245063782,
      "text": "from complex datasets that have multiple visual objects and audio mixed with multiple sound sources. furthermore, the attention model trained with cross - modal contrastive learning is able to improve the recommendation performance on the gameplay dataset, even though the model was trained on the less noisy vgg - sound dataset. this shows the generalizability of the cross - modal contrastive learning approach. as future work, we plan to improve the gameplay recommendations further by using a contrastive learning model trained on the gameplay dataset. conclusions we presented self - supervised approaches that combine a novel attention - based encoder with a projection module to learn audio and visual representations based on their correspondence, by training on unlabeled videos. the attention encoder extracts local and global audio - visual features at different resolutions and attends to them based on their relative importance. this helps in disentangling latent features extracted from videos having multiple objects and sound sources, without using explicit object detection or audio source separation. the model projects correlated audio and visual inputs closer in the latent space compared to uncorrelated audio - visual pairs. our results show that when trained with cross - modal contrastive learning, the attention encoder is able to learn better audio and visual representations even without data augmentation and significantly improve the sound recommendation accuracy on video datasets with different complexities. the generated representations can be used for unimodal and multi - modal similarity and multimodal content creation tasks, such as creative video editing using recommended sound effects based on the objects and context in the visual scenes. fig. 2 : audio - visual correlation networks. each layer shows the type of the layer and the dimensions of the output. ( a ) attention model trained with bce + margin loss ( model 3 in table 1b ) ( b ) attention model trained with infonce loss ( model 5 in table ( a ) recommendations with a good match ( images best viewed in color ). ( b ) recommendations with some mismatch ( images best viewed in color ). fig. 4 : 4 fig. 4 : topmost sounds recommended for gameplay videos by model 5 in table1b. fig. 4 : topmost sounds recommended for gameplay videos by model 5 in table1b. ( the frames in ( a ) are from the video game the last guardian™. ©2016 sony interactive entertainment inc. the last guardian is a trademark of sony interactive entertainment america llc. the frames in ( b ) are from knack™2. ©2017 sony",
      "query": "What method or approach is proposed? Summarize the core idea and components."
    },
    {
      "vector_id": 1716,
      "score": 0.6171551942825317,
      "text": "instance - level ) and category - level recommendation accuracy, as follows. let r ( v j ) = [ s r ( v j ) = ( s r 1,..., s r k ) ; c r ( v j ) = ( c r 1,..., c r k ) ] denote the top - k sounds recommended by a model for a video frame v j, where s r ( v j ) and c r ( v j ) are the list of sample labels and category labels, respectively, for the top - k sounds recommended for v j. let g ( v j ) = [ s g ( v j ) = ( s g 1,..., s g n ) ; c g ( v j ) = ( c g 1,..., c g n ) ] denote the ground - truth audio samples for video frame v j, where s g ( v j ) and c g ( v j ) are the list of sample labels and category labels for the ground - truth audio samples for v j. if s r ( v j ) ∩s g ( v j ) =, there is a sample - level match and if c r ( v j ) ∩c g ( v j ) =, there is a category - level match. sample - level match is stricter than category - level match. the top - k sample - level accuracy and top - k category - level accuracy of a model measure the percentage of test video frames for which there is a sample - level match and categorylevel match, respectively, between the top - k sounds recommended by the model and the ground - truth. recommendations for vgg - sound dataset : to evaluate the recommendation performance of a model on vgg - sound, we randomly extracted one video frame v i and its corresponding 1 - second audio sample a i, from each of the test videos. a i serves as the ground - truth for v i and is identified by ( s i, c i ), where the sample label s i is the unique name of the video and c i is the category annotation of the video from which a i is extracted. the audio samples ( a 1,..., a n ) that are extracted from the test videos form the search list for sound recommendations. we resized each extracted test video frame to 224x224 - dim and normalized it. we then generated the 128 - dim visual embeddings for the test video frames and 128 - dim audio",
      "query": "What experiments or evaluation setup are used (datasets, tasks, metrics)?"
    },
    {
      "vector_id": 1705,
      "score": 0.6040788888931274,
      "text": "modal contrastive approach for learning self - supervised audio and visual representations based on their correlation. datasets we used the following video datasets to train and evaluate our self - supervised audiovisual models : 1 ) vgg - sound dataset [ 3 ] : this dataset provides a list of short audio clips corresponding to \" in - the - wild \" videos posted online by users. we were able to download 5, 829 videos from the training split and 428 videos from the test split. each video clip has a label that indicates the dominant sound or visual theme in the video. however, in some cases these labels are noisy and for some of the videos the sound does not correspond to any visible object in the clip, making it challenging to infer the correlation. after preprocessing, there were 305 unique sound labels in the training set. these sound labels were used only for evaluating the models and not for training. 2 ) gameplay dataset : as mentioned earlier, one of our motivations for learning audio - visual correlations is to automatically recommend sound effects corresponding to visual scenes, which can be used to produce entertainment videos, such as video games. hence, we created a gameplay dataset by recording videos of the gameplay sessions of some video gamers. these videos span different video game genres and most of the visual scenes include complex backgrounds and multiple objects. unlike the vgg - sound dataset, which largely comprises videos with a single dominating sound, each gameplay video consists of a noisy monaural audio mixture composed of an unknown number of sound sources, making it hard to separate the noisy mixture into its clean audio sources. furthermore, there are no annotations for any of the visual objects or sounds that appear in the videos, which makes this dataset considerably more challenging for training and testing compared to the vgg - sound dataset. we extracted video frames from each of the videos in the above datasets at 1 fps using ffmpeg. we also extracted the audio from each of the videos and segmented it into 1 - second audio samples. for each 1 - second audio sample, a 64x100 - dim log - melspectrogram audio feature was generated for training by computing the logarithm on the mel - spectrogram feature extracted for the sample at a sampling rate of 48 khz, using the librosa library [ 12 ]. we trained the self - supervised correlation models separately on the two datasets with audio - visual input pairs that are either correlated or uncor",
      "query": "What experiments or evaluation setup are used (datasets, tasks, metrics)?"
    }
  ],
  "rag_by_query": {
    "What is the main problem or motivation addressed in this paper?": [
      {
        "vector_id": 1721,
        "score": 0.5040145516395569,
        "text": "##b. fig. 4 : topmost sounds recommended for gameplay videos by model 5 in table1b. ( the frames in ( a ) are from the video game the last guardian™. ©2016 sony interactive entertainment inc. the last guardian is a trademark of sony interactive entertainment america llc. the frames in ( b ) are from knack™2. ©2017 sony interactive entertainment inc. knack is a trademark of sony interactive entertainment llc. ) table 1 : 1 performance evaluation on vgg - sound. the encoder, projector, and loss function for each model are described in section 4. encoder loss acc ( % ) id encoder projector loss function category - level acc ( % ) sample - level acc ( % ) baseline bce attention bce + margin 87. 4 69. 5 1 baseline 2 attention linear linear 3 attention linear bce bce bce + margin - contrastive 14. 1 15. 6 24. 2 8. 6 13. 3 18. 8 contrastive contrastive learning models fine - tuned bce + margin 87. 8 4 attention nonlinear infonce 28. 1 23. 4 attention contrastive 5 attention linear 6 attention nonlinear nt - xent infonce 38. 3 32. 0 31. 3 27. 3 7 attention linear nt - xent 33. 6 28. 9 ( a ) a - v correlation accuracy for vgg - sound dataset ( b ) top - 10 recommendation accuracy for vgg - sound dataset"
      },
      {
        "vector_id": 1712,
        "score": 0.5002775192260742,
        "text": "[ 14 ], which is based on noise contrastive estimation. we adapted these loss functions to train our model end - to - end for cross - modal representation learning, as follows. the input batch used to train the baseline and attention models in the previous subsections includes an equal number of positive and negative audio - visual pairs. in contrast, the training batch for contrastive learning models consists of n audio - visual pairs, denoted by x = { ( v 1, a 1 ), ( v 2, a 2 ),..., ( v n, a n ) }, where each visual input v i is correlated with audio input a i, but is not correlated with audio input a k, k = i. in other words, each v i is paired with one positive audio sample, while the remaining uncorrelated n - 1 audio samples in the batch serve as negative audio samples for v i, which obviates the need to explicitly sample negative pairs for training. this allows the model to learn from a larger population of negative pairs without increasing the batch size. the nt - xent loss function for a positive audio - visual pair ( v i, a i ) is defined in equation 2. the training objective is to minimize the average loss computed across all the positive audio - visual pairs. l nx ( v i, a i ) = - log exp ( sim ( z vi, z ai ) / τ ) n k = 1 1 [ k = i ] exp ( sim ( z vi, z a k ) / τ ) ( 2 ) where the embeddings that are output by the a - v encoders ( e v and e a ) for a visual input v i, and an audio input a k, are projected by the projection module p to generate z vi = p ( e v ( v i ) ) and z a k = p ( e a ( a k ) ), respectively ; sim is a similarity function ( we used cosine similarity ) that computes the similarity between the projected visual and audio representations ; τ is the temperature hyperparameter used for scaling the similarity values ; 1 [ k = i ] ∈ { 0, 1 } is an indicator function that evaluates to 1 iff k = i. we also adapted the infonce loss function to train the contrastive learning model for audio - visual representation learning. the infonce loss function for self - supervised unimodal representation learning was formulated in [ 14 ]. given a batch x"
      }
    ],
    "What method or approach is proposed? Summarize the core idea and components.": [
      {
        "vector_id": 1720,
        "score": 0.4959257245063782,
        "text": "from complex datasets that have multiple visual objects and audio mixed with multiple sound sources. furthermore, the attention model trained with cross - modal contrastive learning is able to improve the recommendation performance on the gameplay dataset, even though the model was trained on the less noisy vgg - sound dataset. this shows the generalizability of the cross - modal contrastive learning approach. as future work, we plan to improve the gameplay recommendations further by using a contrastive learning model trained on the gameplay dataset. conclusions we presented self - supervised approaches that combine a novel attention - based encoder with a projection module to learn audio and visual representations based on their correspondence, by training on unlabeled videos. the attention encoder extracts local and global audio - visual features at different resolutions and attends to them based on their relative importance. this helps in disentangling latent features extracted from videos having multiple objects and sound sources, without using explicit object detection or audio source separation. the model projects correlated audio and visual inputs closer in the latent space compared to uncorrelated audio - visual pairs. our results show that when trained with cross - modal contrastive learning, the attention encoder is able to learn better audio and visual representations even without data augmentation and significantly improve the sound recommendation accuracy on video datasets with different complexities. the generated representations can be used for unimodal and multi - modal similarity and multimodal content creation tasks, such as creative video editing using recommended sound effects based on the objects and context in the visual scenes. fig. 2 : audio - visual correlation networks. each layer shows the type of the layer and the dimensions of the output. ( a ) attention model trained with bce + margin loss ( model 3 in table 1b ) ( b ) attention model trained with infonce loss ( model 5 in table ( a ) recommendations with a good match ( images best viewed in color ). ( b ) recommendations with some mismatch ( images best viewed in color ). fig. 4 : 4 fig. 4 : topmost sounds recommended for gameplay videos by model 5 in table1b. fig. 4 : topmost sounds recommended for gameplay videos by model 5 in table1b. ( the frames in ( a ) are from the video game the last guardian™. ©2016 sony interactive entertainment inc. the last guardian is a trademark of sony interactive entertainment america llc. the frames in ( b ) are from knack™2. ©2017 sony"
      }
    ],
    "What experiments or evaluation setup are used (datasets, tasks, metrics)?": [
      {
        "vector_id": 1716,
        "score": 0.6171551942825317,
        "text": "instance - level ) and category - level recommendation accuracy, as follows. let r ( v j ) = [ s r ( v j ) = ( s r 1,..., s r k ) ; c r ( v j ) = ( c r 1,..., c r k ) ] denote the top - k sounds recommended by a model for a video frame v j, where s r ( v j ) and c r ( v j ) are the list of sample labels and category labels, respectively, for the top - k sounds recommended for v j. let g ( v j ) = [ s g ( v j ) = ( s g 1,..., s g n ) ; c g ( v j ) = ( c g 1,..., c g n ) ] denote the ground - truth audio samples for video frame v j, where s g ( v j ) and c g ( v j ) are the list of sample labels and category labels for the ground - truth audio samples for v j. if s r ( v j ) ∩s g ( v j ) =, there is a sample - level match and if c r ( v j ) ∩c g ( v j ) =, there is a category - level match. sample - level match is stricter than category - level match. the top - k sample - level accuracy and top - k category - level accuracy of a model measure the percentage of test video frames for which there is a sample - level match and categorylevel match, respectively, between the top - k sounds recommended by the model and the ground - truth. recommendations for vgg - sound dataset : to evaluate the recommendation performance of a model on vgg - sound, we randomly extracted one video frame v i and its corresponding 1 - second audio sample a i, from each of the test videos. a i serves as the ground - truth for v i and is identified by ( s i, c i ), where the sample label s i is the unique name of the video and c i is the category annotation of the video from which a i is extracted. the audio samples ( a 1,..., a n ) that are extracted from the test videos form the search list for sound recommendations. we resized each extracted test video frame to 224x224 - dim and normalized it. we then generated the 128 - dim visual embeddings for the test video frames and 128 - dim audio"
      },
      {
        "vector_id": 1705,
        "score": 0.6040788888931274,
        "text": "modal contrastive approach for learning self - supervised audio and visual representations based on their correlation. datasets we used the following video datasets to train and evaluate our self - supervised audiovisual models : 1 ) vgg - sound dataset [ 3 ] : this dataset provides a list of short audio clips corresponding to \" in - the - wild \" videos posted online by users. we were able to download 5, 829 videos from the training split and 428 videos from the test split. each video clip has a label that indicates the dominant sound or visual theme in the video. however, in some cases these labels are noisy and for some of the videos the sound does not correspond to any visible object in the clip, making it challenging to infer the correlation. after preprocessing, there were 305 unique sound labels in the training set. these sound labels were used only for evaluating the models and not for training. 2 ) gameplay dataset : as mentioned earlier, one of our motivations for learning audio - visual correlations is to automatically recommend sound effects corresponding to visual scenes, which can be used to produce entertainment videos, such as video games. hence, we created a gameplay dataset by recording videos of the gameplay sessions of some video gamers. these videos span different video game genres and most of the visual scenes include complex backgrounds and multiple objects. unlike the vgg - sound dataset, which largely comprises videos with a single dominating sound, each gameplay video consists of a noisy monaural audio mixture composed of an unknown number of sound sources, making it hard to separate the noisy mixture into its clean audio sources. furthermore, there are no annotations for any of the visual objects or sounds that appear in the videos, which makes this dataset considerably more challenging for training and testing compared to the vgg - sound dataset. we extracted video frames from each of the videos in the above datasets at 1 fps using ffmpeg. we also extracted the audio from each of the videos and segmented it into 1 - second audio samples. for each 1 - second audio sample, a 64x100 - dim log - melspectrogram audio feature was generated for training by computing the logarithm on the mel - spectrogram feature extracted for the sample at a sampling rate of 48 khz, using the librosa library [ 12 ]. we trained the self - supervised correlation models separately on the two datasets with audio - visual input pairs that are either correlated or uncor"
      }
    ]
  },
  "rag_prompt": "You are writing an academic abstract using the provided context.\nKeyword: visual_understanding\n\nContext:\n[Chunk 1] ##b. fig. 4 : topmost sounds recommended for gameplay videos by model 5 in table1b. ( the frames in ( a ) are from the video game the last guardian™. ©2016 sony interactive entertainment inc. the last guardian is a trademark of sony interactive entertainment america llc. the frames in ( b ) are from knack™2. ©2017 sony interactive entertainment inc. knack is a trademark of sony interactive entertainment llc. ) table 1 : 1 performance evaluation on vgg - sound. the encoder, projector, and loss function for each model are described in section 4. encoder loss acc ( % ) id encoder projector loss function category - level acc ( % ) sample - level acc ( % ) baseline bce attention bce + margin 87. 4 69. 5 1 baseline 2 attention linear linear 3 attention linear bce bce bce + margin - contrastive 14. 1 15. 6 24. 2 8. 6 13. 3 18. 8 contrastive contrastive learning models fine - tuned bce + margin 87. 8 4 attention nonlinear infonce 28. 1 23. 4 attention contrastive 5 attention linear 6 attention nonlinear nt - xent infonce 38. 3 32. 0 31. 3 27. 3 7 attention linear nt - xent 33. 6 28. 9 ( a ) a - v correlation accuracy for vgg - sound dataset ( b ) top - 10 recommendation accuracy for vgg - sound dataset\n\n[Chunk 2] [ 14 ], which is based on noise contrastive estimation. we adapted these loss functions to train our model end - to - end for cross - modal representation learning, as follows. the input batch used to train the baseline and attention models in the previous subsections includes an equal number of positive and negative audio - visual pairs. in contrast, the training batch for contrastive learning models consists of n audio - visual pairs, denoted by x = { ( v 1, a 1 ), ( v 2, a 2 ),..., ( v n, a n ) }, where each visual input v i is correlated with audio input a i, but is not correlated with audio input a k, k = i. in other words, each v i is paired with one positive audio sample, while the remaining uncorrelated n - 1 audio samples in the batch serve as negative audio samples for v i, which obviates the need to explicitly sample negative pairs for training. this allows the model to learn from a larger population of negative pairs without increasing the batch size. the nt - xent loss function for a positive audio - visual pair ( v i, a i ) is defined in equation 2. the training objective is to minimize the average loss computed across all the positive audio - visual pairs. l nx ( v i, a i ) = - log exp ( sim ( z vi, z ai ) / τ ) n k = 1 1 [ k = i ] exp ( sim ( z vi, z a k ) / τ ) ( 2 ) where the embeddings that are output by the a - v encoders ( e v and e a ) for a visual input v i, and an audio input a k, are projected by the projection module p to generate z vi = p ( e v ( v i ) ) and z a k = p ( e a ( a k ) ), respectively ; sim is a similarity function ( we used cosine similarity ) that computes the similarity between the projected visual and audio representations ; τ is the temperature hyperparameter used for scaling the similarity values ; 1 [ k = i ] ∈ { 0, 1 } is an indicator function that evaluates to 1 iff k = i. we also adapted the infonce loss function to train the contrastive learning model for audio - visual representation learning. the infonce loss function for self - supervised unimodal representation learning was formulated in [ 14 ]. given a batch x\n\n[Chunk 3] from complex datasets that have multiple visual objects and audio mixed with multiple sound sources. furthermore, the attention model trained with cross - modal contrastive learning is able to improve the recommendation performance on the gameplay dataset, even though the model was trained on the less noisy vgg - sound dataset. this shows the generalizability of the cross - modal contrastive learning approach. as future work, we plan to improve the gameplay recommendations further by using a contrastive learning model trained on the gameplay dataset. conclusions we presented self - supervised approaches that combine a novel attention - based encoder with a projection module to learn audio and visual representations based on their correspondence, by training on unlabeled videos. the attention encoder extracts local and global audio - visual features at different resolutions and attends to them based on their relative importance. this helps in disentangling latent features extracted from videos having multiple objects and sound sources, without using explicit object detection or audio source separation. the model projects correlated audio and visual inputs closer in the latent space compared to uncorrelated audio - visual pairs. our results show that when trained with cross - modal contrastive learning, the attention encoder is able to learn better audio and visual representations even without data augmentation and significantly improve the sound recommendation accuracy on video datasets with different complexities. the generated representations can be used for unimodal and multi - modal similarity and multimodal content creation tasks, such as creative video editing using recommended sound effects based on the objects and context in the visual scenes. fig. 2 : audio - visual correlation networks. each layer shows the type of the layer and the dimensions of the output. ( a ) attention model trained with bce + margin loss ( model 3 in table 1b ) ( b ) attention model trained with infonce loss ( model 5 in table ( a ) recommendations with a good match ( images best viewed in color ). ( b ) recommendations with some mismatch ( images best viewed in color ). fig. 4 : 4 fig. 4 : topmost sounds recommended for gameplay videos by model 5 in table1b. fig. 4 : topmost sounds recommended for gameplay videos by model 5 in table1b. ( the frames in ( a ) are from the video game the last guardian™. ©2016 sony interactive entertainment inc. the last guardian is a trademark of sony interactive entertainment america llc. the frames in ( b ) are from knack™2. ©2017 sony\n\nConstraints: Use only the context. Do not invent datasets, baselines, or numerical results.\nIf results are not stated, describe them generally.\n\nWrite a concise abstract (150-250 words).",
  "rag_output": "This study explores the application of cross-modal contrastive learning for audio-visual representation learning, focusing on the development of a novel attention-based encoder with a projection module. By training on unlabeled videos, the proposed model learns to extract local and global audio-visual features at different resolutions, attending to them based on their relative importance. This approach enables the disentanglement of latent features extracted from videos with multiple objects and sound sources without relying on explicit object detection or audio source separation.\nThe proposed model projects correlated audio and visual inputs closer in the latent space compared to uncorrelated audio-visual pairs. The results demonstrate that when trained with cross-modal contrastive learning, the attention encoder learns better audio and visual representations, improving sound recommendation accuracy on video datasets with varying complexities. Furthermore, the generated representations can be applied to unimodal and multi-modal similarity tasks and multimodal content creation tasks, such as creative video editing using recommended sound effects based on the objects and context in the visual scenes.",
  "metrics": {
    "hwt": {
      "llama": {
        "perplexity": 11.57929685891098,
        "burstness": 2.349609375,
        "curvature": 0.166015625
      },
      "gpt2": {
        "perplexity": 20.8042283062039,
        "burstness": 2.53515625,
        "curvature": 0.21435546875
      }
    },
    "only_llm": {
      "llama": {
        "perplexity": 4.512430570491643,
        "burstness": 1.9189453125,
        "curvature": 0.2459960937500001
      },
      "gpt2": {
        "perplexity": 9.65598687948217,
        "burstness": 2.251953125,
        "curvature": 0.2754882812499999
      }
    },
    "rag": {
      "llama": {
        "perplexity": 12.993550578338562,
        "burstness": 2.71484375,
        "curvature": 0.11669921875
      },
      "gpt2": {
        "perplexity": 23.028181534732802,
        "burstness": 2.77734375,
        "curvature": 0.1410156250000001
      }
    }
  }
}