{
  "paper_id": "2501.01424v1",
  "keyword": "visual_understanding",
  "source_path": "papers/outputs/visual_understanding/2501.01424v1.json",
  "abstract_hwt": "Visual Prompts Objects + Background Figure 1 . We introduce a method for composing object-level visual prompts (shown above each column), where prompts consist of both foreground and background elements that jointly guide the generation in text-to-image models. Similar to text prompts, these visual prompts enable creating semantically coherent compositions across a variety of styles and scenes without the need for a predefined layout.",
  "abstract_only_llm": "Text-to-image models have revolutionized the field of computer vision by enabling photorealistic image synthesis with unprecedented levels of complexity and realism. These models can generate intricate scenes comprising multiple interacting elements that are carefully aligned with user-provided textual prompts, thereby fostering a deeper understanding of visual understanding in artificial intelligence.\nRecent breakthroughs in text-to-image models have been driven by significant advancements in deep learning techniques, including attention mechanisms, diffusion models, and generative adversarial networks. These innovations have empowered text-to-image models to capture subtle nuances in language and generate images that are not only visually stunning but also semantically coherent.\nAs text-to-image models continue to push the boundaries of visual understanding, they hold immense potential for a wide range of applications, including computer-aided design, virtual reality, and image-based rendering. However, to fully realize the potential of these models, it is essential to address the challenges associated with improving their visual coherence, semantic accuracy, and contextual understanding.",
  "abstract_rag": "This work introduces VisualComposer, a novel method for compositional image generation that integrates object-level visual prompts directly into the feed-forward process of image synthesis. By leveraging compositional guidance, which restricts attention maps, we mitigate attribute leakage and enhance identity preservation of generated objects. Our approach balances adherence to visual prompts with the generative model's ability to produce a rich variety of compositions.\nIn contrast to text-based prompting, visual prompt composition offers more precise control over the visual output, facilitating the creation of complex scenes containing multiple objects. Our method, VisualComposer, is designed to tackle the challenges of identity preservation and compositional diversity. We demonstrate the effectiveness of our approach through qualitative results, showcasing the ability to generate diverse output images composed of individual objects and backgrounds.\nOur architecture design enables precise control over individual objects in generated images, as illustrated through object control experiments. The use of visual prompts facilitates the creation of complex scenes, addressing a long-standing challenge in text-to-image models. This work presents a significant advancement in the field of image generation, offering a more nuanced and controlled approach to compositional image synthesis.",
  "only_llm_summary": "Introduction Text-to-image models [23, 27, 51, 54] have made remarkable progress, enabling photorealistic image synthesis with a wide variety of object compositions and arrangements. These models can create complex scenes with multiple interacting elements that generally align with user-provided textual prompts.",
  "only_llm_body": "Introduction Text-to-image models [23, 27, 51, 54] have made remarkable progress, enabling photorealistic image synthesis with a wide variety of object compositions and arrangements. These models can create complex scenes with multiple interacting elements that generally align with user-provided textual prompts. However, integrating visual prompts, which are images that guide the generation process, is not a native capability of common model architectures, which lack an inherent mechanism for using them to generate semantically coherent compositions. As a result, personalization and customization methods have emerged to address this limitation [17, 32, 52] . Initial methods required persubject optimization, adding a significant computational overhead per subject. Recently, feed-forward methods were introduced to accelerate the process. One widely used method is image prompt adapters (IP-Adapters) [67] . These adapters encode the entire input image and incorporate it into the model through decoupled cross-attention layers, allowing it to process textual and visual cues jointly. While IP-Adapters offer additional control, they present two main drawbacks. First, they treat the input image as a single, unified prompt, limiting the model's ability to differentiate and control individual objects within the scene. Second, these adapters encounter an inherent identity-diversity tradeoff when balancing the identity preservation of the objects depicted in the visual prompts with divers\n\n id = n (1 -Sim(n, σ(n))), (3) where Sim is defined as in Equation 2 . Note, that here the similarity is computed between the input visual prompt P n v and the segmentation mask of S σ(n) applied on the x 0 prediction of the current noisy image z t . We backpropagate this loss through the model to update the appearance tokens of the fine-grained encoder A app (E F img (P n v )). Updating only the appearance tokens ensures that only the identity features are refined without affecting the overall scene layout. Experiments In this section, we demonstrate the effectiveness of our method through a series of experiments. Section 4.1 begins by discussing the evaluation protocol used. Section 4.2 shows how our method compares with previous approaches, and Section 4.3 demonstrates the importance of each individual component of our method. We train our method using Stable Diffusion 1.5 [51] and Stable Diffusion XL [46] as the base text-to-image diffusion models. For a fair comparison to the base\n\nisual prompts on the left. For each set, we show results generated by different methods. Our method achieves the best balance between identity preservation of the input prompts and image diversity. Our method is the only one that successfully generates the two objects in realistic layouts without fusing them or outputting duplicates. Figure 6 .Figure 7 . 67 Figure 6. Ablating Compositional Guidance. Our inferencetime compositional guidance improves identity preservation, reduces leakage between objects, and removes duplicates. Without guidance, the duck's features leak into the bear (top row) and two vases get generated (bottom row). Figure 8 .Figure 9 . 89 Figure 8. Compositional generation results. We show additional image composition results here. The input visual prompts are shown on the left and the generated compositional images are shown on the right. Table 1 . 1 Quantitative comparisons. Method Diversity Identity Preservation LPIPS avg (↑) DINO comp (↑) CLIP comp (↑) IP-Adapter 0.669 0.201 0.481 IP-Adapter Plus 0.578 0.255 0.560 BLIP-Diffusion 0.734 0.209 0.511 KOSMOS-G 0.687 0.294 0.596 λ-ECLIPSE 0.671 0.241 0.669 Break-A-Scene 0.587 0.363 0.655 VisualComposer (ours) 0.688 0.518 0.676 We compare our method with prior image prompting, multi-modal generation, and optimization-based approaches. Output diversity is measured by LPIPSavg and identity preservation is measure through DINOcomp and CLIPcomp. The best result is marked in bold, and the second best is underli",
  "only_llm_prompt": "You are writing an academic abstract.\nKeyword: visual_understanding\nBrief summary (2 sentences): Introduction Text-to-image models [23, 27, 51, 54] have made remarkable progress, enabling photorealistic image synthesis with a wide variety of object compositions and arrangements. These models can create complex scenes with multiple interacting elements that generally align with user-provided textual prompts.\nConstraints: Do not invent datasets, baselines, or numerical results.\nIf results are not stated, describe them generally.\n\nWrite a concise abstract (150-250 words).",
  "only_llm_output": "Text-to-image models have revolutionized the field of computer vision by enabling photorealistic image synthesis with unprecedented levels of complexity and realism. These models can generate intricate scenes comprising multiple interacting elements that are carefully aligned with user-provided textual prompts, thereby fostering a deeper understanding of visual understanding in artificial intelligence.\nRecent breakthroughs in text-to-image models have been driven by significant advancements in deep learning techniques, including attention mechanisms, diffusion models, and generative adversarial networks. These innovations have empowered text-to-image models to capture subtle nuances in language and generate images that are not only visually stunning but also semantically coherent.\nAs text-to-image models continue to push the boundaries of visual understanding, they hold immense potential for a wide range of applications, including computer-aided design, virtual reality, and image-based rendering. However, to fully realize the potential of these models, it is essential to address the challenges associated with improving their visual coherence, semantic accuracy, and contextual understanding.",
  "rag_queries": [
    "What is the main problem or motivation addressed in this paper?",
    "What method or approach is proposed? Summarize the core idea and components.",
    "What experiments or evaluation setup are used (datasets, tasks, metrics)?",
    "What are the main results or findings? Include numeric results only if present.",
    "What are the key contributions and significance of this work?"
  ],
  "rag_chunks": [
    {
      "vector_id": 1734,
      "score": 0.5538642406463623,
      "text": ", there is minor attribute leakage where the stuffed bear is generated with the duck's beak. by applying compositional guidance, which restricts the attention maps, we reduce attribute leakage and enhance the identity preservation of the generated objects. figure 7 validates the improvement quantitatively. conclusion we introduce a method for compositional image generation that integrates object - level visual prompts directly into the feed - forward process of image synthesis. our approach is designed to balance adherence to these visual prompts with the generative model's ability to produce a rich variety of compositions. compared to text - based prompting, visual prompt composition offers more precise control over the visual output - embodying the principle that \" an image is worth a thousand words \". in general, text - to - image models tend to struggle with generating complex scenes containing multiple objects, making the task challenging not only due to the demands of identity preservation and compositional diversity. nevertheless, as we demonstrate, the use of visual prompts facilitates the creation of such complex scenes. appendix a presents additional qualitative results obtained by our method. in appendix b, we provide further analysis of different components of our method, followed by more comparisons with prior methods in appendix c. finally, appendices d and e include the implementation details and discuss the limitations of our method, respectively. a. additional results additional qualitative results. we show addition qualitative results in figure 8. we use a classifier - free guidance scale of 5 for these results. reshuffling. reshuffling is a special case of compositional generation where all input visual prompts are extracted from the same starting image. figure 9 shows a large grid of reshuffling results generated by our method. object control. our object - level cross - attention design enables precise control over individual objects in generated images. figure 12 illustrates this with two examples. in the first example, the input visual prompts are a dog, a grassy background, and an orange ball. the leftmost column shows the initial output image. by manipulating the cross - attention maps corresponding to the ball, we can move it above the dog's head ( middle column ) or near its lower right foot ( right column ). as the ball is repositioned, the scene adapts accordingly : the dog adjusts its pose by ducking its head when the ball is above it or standing on the ball when it's near its feet. in the second example shown at the bottom, we change the position of a man",
      "query": "What is the main problem or motivation addressed in this paper?"
    },
    {
      "vector_id": 1725,
      "score": 0.5419957637786865,
      "text": "p n v } n n = 1 describing the n - 1 individual objects and the background of an image, our goal is to generate diverse output images composed of these inputs. we first discuss text - to - image diffusion models and image encoder preliminaries in section 3. 1. following this, section 3. 2 explores the trade - off between maintaining the identity of input elements and introducing variation in the generated images, which motivates our architecture design. section 3. 3 details our training method and datasets, and lastly, section 3. 4 describes our new compositional guidance for inference. we refer to our method as visualcomposer. preliminaries text - to - image diffusion. diffusion models [ 23, 56, 58 ] are a family of generative models that use iterative denoising processes. recent diffusion models are typically conditioned on text prompts [ 47, 51 ] through cross - attention layers [ 7 ]. specifically, a text embedding vector c is derived from a text prompt p t using a frozen clip [ 48 ] text encoder c = e text ( p t ). this text embedding interacts with the generated image deep spatial features ( x t ) as follows. the im - age features ( x t ) are projected to queries q = f q ( ( x t ) ), while the text embedding is projected to keys k = f k ( c ) and values v = f v ( c ), where f q, f k, and f v are learned linear layers. the output of the cross - attention layer is computed as mv, where m are the attention maps defined as m = softmax qk t / √ d. previous works have shown that each component of attention has its own role [ 2, 21, 40, 59 ]. the keys, which form the attention map, tend to control the layout, and the values determine the appearance. we use this observation to control the identity preservation - diversity tradeoff. prompting with images. while natural language allows us to control generation with simple words, it often fails to provide precise descriptions of objects. recent methods [ 18, 53, 67 ] extend text - to - image diffusion models to also condition on image prompts. for example, in ip - adapter [ 67 ], the image prompt p img is first encoded with a pretrained image encoder to obtain image embeddings e img ( p img ), and",
      "query": "What is the main problem or motivation addressed in this paper?"
    },
    {
      "vector_id": 1738,
      "score": 0.56104576587677,
      "text": "of input visual prompts ( left ). figure 5. 5 figure 5. comparisons to prior methods. we show a set of input visual prompts on the left. for each set, we show results generated by different methods. our method achieves the best balance between identity preservation of the input prompts and image diversity. our method is the only one that successfully generates the two objects in realistic layouts without fusing them or outputting duplicates. figure 6. figure 7. 67 figure 6. ablating compositional guidance. our inferencetime compositional guidance improves identity preservation, reduces leakage between objects, and removes duplicates. without guidance, the duck's features leak into the bear ( top row ) and two vases get generated ( bottom row ). figure 8. figure 9. 89 figure 8. compositional generation results. we show additional image composition results here. the input visual prompts are shown on the left and the generated compositional images are shown on the right. table 1. 1 quantitative comparisons. method diversity identity preservation lpips avg ( ↑ ) dino comp ( ↑ ) clip comp ( ↑ ) ip - adapter 0. 669 0. 201 0. 481 ip - adapter plus 0. 578 0. 255 0. 560 blip - diffusion 0. 734 0. 209 0. 511 kosmos - g 0. 687 0. 294 0. 596 λ - eclipse 0. 671 0. 241 0. 669 break - a - scene 0. 587 0. 363 0. 655 visualcomposer ( ours ) 0. 688 0. 518 0. 676 we compare our method with prior image prompting, multi - modal generation, and optimization - based approaches. output diversity is measured by lpipsavg and identity preservation is measure through dinocomp and clipcomp. the best result is marked in bold, and the second best is underlined.",
      "query": "What method or approach is proposed? Summarize the core idea and components."
    },
    {
      "vector_id": 1737,
      "score": 0.5330166220664978,
      "text": "and a forest background. this unusual combination is challenging for our model, leading to failure cases, such as hallucinating a leg wearing the shoe or generating an extra shoe. compositional image generation has the potential to democratize creative expression, allowing users to effortlessly synthesize complex scenes by assembling various visual elements. however, they also pose societal challenges, such as the risk of creating realistic but deceptive images that could spread misinformation or infringe on intellectual property rights. to counter these issues, it is important to figure 2. 2 figure 2. kv - mixing. image prompt adapters capture visual information from images to guide the generation process. the feature extractor's bottleneck size ( top row ) determines the level of detail in the extracted key - value ( kv ) features. using only coarse kvs ( left ) sacrifices identity preservation, while using only finegrained kvs ( middle ) limits scene variation. in contrast, combining mixed - granularity kvs ( right ) achieves diverse scene representation without compromising identity preservation. figure 3. 3 figure3. visualcomposer architecture. our method begins by encoding all input visual prompts through two separate branches : an appearance branch ( top row, shown in orange ) that uses a fine - grained encoder followed by an appearance adapter to encode per - prompt appearance tokens, and a layout branch ( bottom row, shown in blue ) that uses a coarse encoder followed by a layout adapter to encode per - prompt layout tokens. once the appearance and layout tokens are extracted from the input visual prompts, they are injected into the u - net through object - centric kv - mixed cross attention layers. the layout tokens are input as keys and determine the spatial influence of each individual visual prompt in the final image, as visualized by the per - object attention masks. the appearance tokens are input as values after attention mask is computed and hence only influence the appearance and the identity. figure 4. 4 figure 4. gallery. compositional images generated by visualcomposer. four outputs ( right ) for each set of input visual prompts ( left ). figure 5. 5 figure 5. comparisons to prior methods. we show a set of input visual prompts on the left. for each set, we show results generated by different methods. our method achieves the best balance between identity preservation of the input prompts and image diversity. our method is the only one that successfully generates the two",
      "query": "What method or approach is proposed? Summarize the core idea and components."
    },
    {
      "vector_id": 1731,
      "score": 0.619920551776886,
      "text": "1 use the stable diffusion 1. 5 model. the results in figures 1 and 4 use stable diffusion xl. a classifier free guidance value of 7. 5 and the ddim scheduler [ 57 ] with 25 denoising inference steps are used in all comparisons. please see the appendix for additional baseline comparisons, analyses, and discussion of our limitations. evaluation protocol we evaluate our method along two axes : adherence of the output image to each input visual prompt and the diversity of variations in the scene layout. adherence to input. compositional generation involves creating images with diverse scene layouts and poses, making it challenging to quantify how faithfully the output adheres to the input visual prompts. first, since composed images combine multiple prompts, measuring similarity between individual prompts and entire output image is inappropriate, as it does not accurately reflect each prompt's contribution. second, variations in pose and spatial arrangement, which we desire in our output, can lower similarity scores even when object identities are preserved. to address this, we propose a new compositional identity metric that employs a feature extractor f. we first apply an open - set object detection algorithm to the generated images to identify candidate objects [ 50, 68 ]. we then extract features with f for both the input and detected objects, capturing high - level semantic features robust to pose and layout changes. using the hungarian algorithm with pairwise feature similarity as the cost function, we find an optimal matching between the input and detected objects. the final matching cost serves as our compositional identity metric. following previous works that measured identity preservation for the personalization task, we use both di - nov2 [ 38 ] and clip [ 48 ] as our feature extractors and denote the corresponding scores as dino comp and clip comp, respectively. notably, this metric naturally accounts for cases where prompted objects are missing or duplicated in the output. scene layout variations. to measure the diversity of layouts generated by each method, we produce five different output compositions from the same input visual prompts using different random seeds. following previous works [ 37, 72, 73 ], we then compute the average lpips [ 71 ] distance between each pair of these output images. a higher average lpips value indicates that the method generates more diverse images in response to varying random seeds. evaluation datasets. we adapt dreambooth dataset [ 52 ], originally containing single - object images, for our compo - sition task. we randomly sample individual objects and combine them with a random background image,",
      "query": "What experiments or evaluation setup are used (datasets, tasks, metrics)?"
    },
    {
      "vector_id": 1736,
      "score": 0.6196582317352295,
      "text": "pairwise preference comparisons in which users are shown three images : the input visual prompt and output images generated by two different methods. users are then asked to choose which output images more accurately portray the input visual prompt. each comparison is performed by three different users, and a total of 13, 500 comparisons are made for comparison with each of the baseline methods. the results in table 2 show that our method is preferred over all prior encoder - based and multi - modal methods. d. implementation details dataset creation. as described in section 3. 3 of the main paper, our training dataset consists of images, their corresponding text prompts, a background image, and binary masks for individual objects and the background. the text prompts are generated automatically by recaptioning the images using llava [ 36 ]. to obtain precise binary segmentation masks, we first apply an open - set detection model [ 65 ] to identify bounding boxes within the images. we then use these bounding boxes to prompt sam2 [ 50 ], which provides accurate segmentation masks for each object. the background images are generated using the sd2. 1 inpainting pipeline. we filter the dataset by discarding images that have a clip - aesthetic score below 5. 0, a minimum dimension ( height or width ) less than 512 pixels, or contain fewer than three or more than six objects. training hyperparameters. we train all models using the adam optimizer [ 30 ] with a learning rate of 0. 0001 and a batch size of 32, for a total of 40, 000 update steps on four nvidia a100 gpus. to enable classifier - free guidance during inference, we randomly drop the text prompts and visual prompts during training : each is independently dropped 10 % of the time, and both are simultaneously dropped 5 % of the time. e. limitations and societal impacts. we show the limitations of our model in figure 14. our method has difficulty when users input combinations of visual prompts that are not commonly associated. for instance, in the figure, the input visual prompts include a dog, a single shoe, and a forest background. this unusual combination is challenging for our model, leading to failure cases, such as hallucinating a leg wearing the shoe or generating an extra shoe. compositional image generation has the potential to democratize creative expression, allowing users to effortlessly synthesize complex scenes by assembling various visual elements. however, they also pose societal challenges, such as the",
      "query": "What experiments or evaluation setup are used (datasets, tasks, metrics)?"
    },
    {
      "vector_id": 1733,
      "score": 0.5624140501022339,
      "text": "both struggle to generate multiple objects, resulting in low identity preservation scores. their outputs also contain severe leaking of attributes. for instance, in the second example, kosmos - g generates a hybrid of a red vase and a rubber duck. finally, we evaluate the optimization - based break - a - scene [ 4 ], which extracts multiple concepts from a single input image. since it requires all objects to appear in the same image, we adapted it for compositional generation by pasting object segments onto a background at random positions. break - a - scene struggles in for image composition because it relies on realistic interactions within the input image. as shown in figure 5, the generated outputs have minimal diversity in object poses and exhibit unnatural layouts - for instance, the cat in the first image and the duck in the second are floating mid - air with inconsistent shadows and lighting. moreover, this method is computationally expensive due to its per - image optimization requirement. visual prompts without composition guidance with composition guidance our method outperforms each prior method in terms of diversity of output generations as measured by lpips avg and the adherence to input visual prompts measured by dino comp and clip comp. qualitative results in figure 5 shows that all existing methods struggle to generate multiple objects in a realistic layout. analysis here we show the effectiveness of kv - mixed cross attention and compositional guidance. please refer to the appendix for additional analysis results. kv - mixed cross - attention. first, we analyze the importance of mixing keys and values discussed in 3. 2 by considering two settings : first uses only coarse encoder for both keys and values, and second that uses only fine - grained encoder. figure 7 shows that using coarse encoder has poor identity preservation, indicated by low dino comp scores, whereas using a fine - grained encoder has pood diversity, shown through lower lpips avg score. compositional guidance. our compositional guidance technique further improves both object identity preservation and the diversity of outputs. figure 6 visually illustrates this enhancement, showing better adherence to the input visual prompts. for example, in the top image, there is minor attribute leakage where the stuffed bear is generated with the duck's beak. by applying compositional guidance, which restricts the attention maps, we reduce attribute leakage and enhance the identity preservation of the generated objects. figure 7 validates the improvement quantitatively. conclusion we introduce a method for compositional image generation that integrates object - level visual prompts",
      "query": "What are the key contributions and significance of this work?"
    }
  ],
  "rag_by_query": {
    "What is the main problem or motivation addressed in this paper?": [
      {
        "vector_id": 1734,
        "score": 0.5538642406463623,
        "text": ", there is minor attribute leakage where the stuffed bear is generated with the duck's beak. by applying compositional guidance, which restricts the attention maps, we reduce attribute leakage and enhance the identity preservation of the generated objects. figure 7 validates the improvement quantitatively. conclusion we introduce a method for compositional image generation that integrates object - level visual prompts directly into the feed - forward process of image synthesis. our approach is designed to balance adherence to these visual prompts with the generative model's ability to produce a rich variety of compositions. compared to text - based prompting, visual prompt composition offers more precise control over the visual output - embodying the principle that \" an image is worth a thousand words \". in general, text - to - image models tend to struggle with generating complex scenes containing multiple objects, making the task challenging not only due to the demands of identity preservation and compositional diversity. nevertheless, as we demonstrate, the use of visual prompts facilitates the creation of such complex scenes. appendix a presents additional qualitative results obtained by our method. in appendix b, we provide further analysis of different components of our method, followed by more comparisons with prior methods in appendix c. finally, appendices d and e include the implementation details and discuss the limitations of our method, respectively. a. additional results additional qualitative results. we show addition qualitative results in figure 8. we use a classifier - free guidance scale of 5 for these results. reshuffling. reshuffling is a special case of compositional generation where all input visual prompts are extracted from the same starting image. figure 9 shows a large grid of reshuffling results generated by our method. object control. our object - level cross - attention design enables precise control over individual objects in generated images. figure 12 illustrates this with two examples. in the first example, the input visual prompts are a dog, a grassy background, and an orange ball. the leftmost column shows the initial output image. by manipulating the cross - attention maps corresponding to the ball, we can move it above the dog's head ( middle column ) or near its lower right foot ( right column ). as the ball is repositioned, the scene adapts accordingly : the dog adjusts its pose by ducking its head when the ball is above it or standing on the ball when it's near its feet. in the second example shown at the bottom, we change the position of a man"
      },
      {
        "vector_id": 1725,
        "score": 0.5419957637786865,
        "text": "p n v } n n = 1 describing the n - 1 individual objects and the background of an image, our goal is to generate diverse output images composed of these inputs. we first discuss text - to - image diffusion models and image encoder preliminaries in section 3. 1. following this, section 3. 2 explores the trade - off between maintaining the identity of input elements and introducing variation in the generated images, which motivates our architecture design. section 3. 3 details our training method and datasets, and lastly, section 3. 4 describes our new compositional guidance for inference. we refer to our method as visualcomposer. preliminaries text - to - image diffusion. diffusion models [ 23, 56, 58 ] are a family of generative models that use iterative denoising processes. recent diffusion models are typically conditioned on text prompts [ 47, 51 ] through cross - attention layers [ 7 ]. specifically, a text embedding vector c is derived from a text prompt p t using a frozen clip [ 48 ] text encoder c = e text ( p t ). this text embedding interacts with the generated image deep spatial features ( x t ) as follows. the im - age features ( x t ) are projected to queries q = f q ( ( x t ) ), while the text embedding is projected to keys k = f k ( c ) and values v = f v ( c ), where f q, f k, and f v are learned linear layers. the output of the cross - attention layer is computed as mv, where m are the attention maps defined as m = softmax qk t / √ d. previous works have shown that each component of attention has its own role [ 2, 21, 40, 59 ]. the keys, which form the attention map, tend to control the layout, and the values determine the appearance. we use this observation to control the identity preservation - diversity tradeoff. prompting with images. while natural language allows us to control generation with simple words, it often fails to provide precise descriptions of objects. recent methods [ 18, 53, 67 ] extend text - to - image diffusion models to also condition on image prompts. for example, in ip - adapter [ 67 ], the image prompt p img is first encoded with a pretrained image encoder to obtain image embeddings e img ( p img ), and"
      }
    ],
    "What method or approach is proposed? Summarize the core idea and components.": [
      {
        "vector_id": 1738,
        "score": 0.56104576587677,
        "text": "of input visual prompts ( left ). figure 5. 5 figure 5. comparisons to prior methods. we show a set of input visual prompts on the left. for each set, we show results generated by different methods. our method achieves the best balance between identity preservation of the input prompts and image diversity. our method is the only one that successfully generates the two objects in realistic layouts without fusing them or outputting duplicates. figure 6. figure 7. 67 figure 6. ablating compositional guidance. our inferencetime compositional guidance improves identity preservation, reduces leakage between objects, and removes duplicates. without guidance, the duck's features leak into the bear ( top row ) and two vases get generated ( bottom row ). figure 8. figure 9. 89 figure 8. compositional generation results. we show additional image composition results here. the input visual prompts are shown on the left and the generated compositional images are shown on the right. table 1. 1 quantitative comparisons. method diversity identity preservation lpips avg ( ↑ ) dino comp ( ↑ ) clip comp ( ↑ ) ip - adapter 0. 669 0. 201 0. 481 ip - adapter plus 0. 578 0. 255 0. 560 blip - diffusion 0. 734 0. 209 0. 511 kosmos - g 0. 687 0. 294 0. 596 λ - eclipse 0. 671 0. 241 0. 669 break - a - scene 0. 587 0. 363 0. 655 visualcomposer ( ours ) 0. 688 0. 518 0. 676 we compare our method with prior image prompting, multi - modal generation, and optimization - based approaches. output diversity is measured by lpipsavg and identity preservation is measure through dinocomp and clipcomp. the best result is marked in bold, and the second best is underlined."
      },
      {
        "vector_id": 1737,
        "score": 0.5330166220664978,
        "text": "and a forest background. this unusual combination is challenging for our model, leading to failure cases, such as hallucinating a leg wearing the shoe or generating an extra shoe. compositional image generation has the potential to democratize creative expression, allowing users to effortlessly synthesize complex scenes by assembling various visual elements. however, they also pose societal challenges, such as the risk of creating realistic but deceptive images that could spread misinformation or infringe on intellectual property rights. to counter these issues, it is important to figure 2. 2 figure 2. kv - mixing. image prompt adapters capture visual information from images to guide the generation process. the feature extractor's bottleneck size ( top row ) determines the level of detail in the extracted key - value ( kv ) features. using only coarse kvs ( left ) sacrifices identity preservation, while using only finegrained kvs ( middle ) limits scene variation. in contrast, combining mixed - granularity kvs ( right ) achieves diverse scene representation without compromising identity preservation. figure 3. 3 figure3. visualcomposer architecture. our method begins by encoding all input visual prompts through two separate branches : an appearance branch ( top row, shown in orange ) that uses a fine - grained encoder followed by an appearance adapter to encode per - prompt appearance tokens, and a layout branch ( bottom row, shown in blue ) that uses a coarse encoder followed by a layout adapter to encode per - prompt layout tokens. once the appearance and layout tokens are extracted from the input visual prompts, they are injected into the u - net through object - centric kv - mixed cross attention layers. the layout tokens are input as keys and determine the spatial influence of each individual visual prompt in the final image, as visualized by the per - object attention masks. the appearance tokens are input as values after attention mask is computed and hence only influence the appearance and the identity. figure 4. 4 figure 4. gallery. compositional images generated by visualcomposer. four outputs ( right ) for each set of input visual prompts ( left ). figure 5. 5 figure 5. comparisons to prior methods. we show a set of input visual prompts on the left. for each set, we show results generated by different methods. our method achieves the best balance between identity preservation of the input prompts and image diversity. our method is the only one that successfully generates the two"
      }
    ],
    "What experiments or evaluation setup are used (datasets, tasks, metrics)?": [
      {
        "vector_id": 1731,
        "score": 0.619920551776886,
        "text": "1 use the stable diffusion 1. 5 model. the results in figures 1 and 4 use stable diffusion xl. a classifier free guidance value of 7. 5 and the ddim scheduler [ 57 ] with 25 denoising inference steps are used in all comparisons. please see the appendix for additional baseline comparisons, analyses, and discussion of our limitations. evaluation protocol we evaluate our method along two axes : adherence of the output image to each input visual prompt and the diversity of variations in the scene layout. adherence to input. compositional generation involves creating images with diverse scene layouts and poses, making it challenging to quantify how faithfully the output adheres to the input visual prompts. first, since composed images combine multiple prompts, measuring similarity between individual prompts and entire output image is inappropriate, as it does not accurately reflect each prompt's contribution. second, variations in pose and spatial arrangement, which we desire in our output, can lower similarity scores even when object identities are preserved. to address this, we propose a new compositional identity metric that employs a feature extractor f. we first apply an open - set object detection algorithm to the generated images to identify candidate objects [ 50, 68 ]. we then extract features with f for both the input and detected objects, capturing high - level semantic features robust to pose and layout changes. using the hungarian algorithm with pairwise feature similarity as the cost function, we find an optimal matching between the input and detected objects. the final matching cost serves as our compositional identity metric. following previous works that measured identity preservation for the personalization task, we use both di - nov2 [ 38 ] and clip [ 48 ] as our feature extractors and denote the corresponding scores as dino comp and clip comp, respectively. notably, this metric naturally accounts for cases where prompted objects are missing or duplicated in the output. scene layout variations. to measure the diversity of layouts generated by each method, we produce five different output compositions from the same input visual prompts using different random seeds. following previous works [ 37, 72, 73 ], we then compute the average lpips [ 71 ] distance between each pair of these output images. a higher average lpips value indicates that the method generates more diverse images in response to varying random seeds. evaluation datasets. we adapt dreambooth dataset [ 52 ], originally containing single - object images, for our compo - sition task. we randomly sample individual objects and combine them with a random background image,"
      },
      {
        "vector_id": 1736,
        "score": 0.6196582317352295,
        "text": "pairwise preference comparisons in which users are shown three images : the input visual prompt and output images generated by two different methods. users are then asked to choose which output images more accurately portray the input visual prompt. each comparison is performed by three different users, and a total of 13, 500 comparisons are made for comparison with each of the baseline methods. the results in table 2 show that our method is preferred over all prior encoder - based and multi - modal methods. d. implementation details dataset creation. as described in section 3. 3 of the main paper, our training dataset consists of images, their corresponding text prompts, a background image, and binary masks for individual objects and the background. the text prompts are generated automatically by recaptioning the images using llava [ 36 ]. to obtain precise binary segmentation masks, we first apply an open - set detection model [ 65 ] to identify bounding boxes within the images. we then use these bounding boxes to prompt sam2 [ 50 ], which provides accurate segmentation masks for each object. the background images are generated using the sd2. 1 inpainting pipeline. we filter the dataset by discarding images that have a clip - aesthetic score below 5. 0, a minimum dimension ( height or width ) less than 512 pixels, or contain fewer than three or more than six objects. training hyperparameters. we train all models using the adam optimizer [ 30 ] with a learning rate of 0. 0001 and a batch size of 32, for a total of 40, 000 update steps on four nvidia a100 gpus. to enable classifier - free guidance during inference, we randomly drop the text prompts and visual prompts during training : each is independently dropped 10 % of the time, and both are simultaneously dropped 5 % of the time. e. limitations and societal impacts. we show the limitations of our model in figure 14. our method has difficulty when users input combinations of visual prompts that are not commonly associated. for instance, in the figure, the input visual prompts include a dog, a single shoe, and a forest background. this unusual combination is challenging for our model, leading to failure cases, such as hallucinating a leg wearing the shoe or generating an extra shoe. compositional image generation has the potential to democratize creative expression, allowing users to effortlessly synthesize complex scenes by assembling various visual elements. however, they also pose societal challenges, such as the"
      }
    ],
    "What are the key contributions and significance of this work?": [
      {
        "vector_id": 1733,
        "score": 0.5624140501022339,
        "text": "both struggle to generate multiple objects, resulting in low identity preservation scores. their outputs also contain severe leaking of attributes. for instance, in the second example, kosmos - g generates a hybrid of a red vase and a rubber duck. finally, we evaluate the optimization - based break - a - scene [ 4 ], which extracts multiple concepts from a single input image. since it requires all objects to appear in the same image, we adapted it for compositional generation by pasting object segments onto a background at random positions. break - a - scene struggles in for image composition because it relies on realistic interactions within the input image. as shown in figure 5, the generated outputs have minimal diversity in object poses and exhibit unnatural layouts - for instance, the cat in the first image and the duck in the second are floating mid - air with inconsistent shadows and lighting. moreover, this method is computationally expensive due to its per - image optimization requirement. visual prompts without composition guidance with composition guidance our method outperforms each prior method in terms of diversity of output generations as measured by lpips avg and the adherence to input visual prompts measured by dino comp and clip comp. qualitative results in figure 5 shows that all existing methods struggle to generate multiple objects in a realistic layout. analysis here we show the effectiveness of kv - mixed cross attention and compositional guidance. please refer to the appendix for additional analysis results. kv - mixed cross - attention. first, we analyze the importance of mixing keys and values discussed in 3. 2 by considering two settings : first uses only coarse encoder for both keys and values, and second that uses only fine - grained encoder. figure 7 shows that using coarse encoder has poor identity preservation, indicated by low dino comp scores, whereas using a fine - grained encoder has pood diversity, shown through lower lpips avg score. compositional guidance. our compositional guidance technique further improves both object identity preservation and the diversity of outputs. figure 6 visually illustrates this enhancement, showing better adherence to the input visual prompts. for example, in the top image, there is minor attribute leakage where the stuffed bear is generated with the duck's beak. by applying compositional guidance, which restricts the attention maps, we reduce attribute leakage and enhance the identity preservation of the generated objects. figure 7 validates the improvement quantitatively. conclusion we introduce a method for compositional image generation that integrates object - level visual prompts"
      }
    ]
  },
  "rag_prompt": "You are writing an academic abstract using the provided context.\nKeyword: visual_understanding\n\nContext:\n[Chunk 1] , there is minor attribute leakage where the stuffed bear is generated with the duck's beak. by applying compositional guidance, which restricts the attention maps, we reduce attribute leakage and enhance the identity preservation of the generated objects. figure 7 validates the improvement quantitatively. conclusion we introduce a method for compositional image generation that integrates object - level visual prompts directly into the feed - forward process of image synthesis. our approach is designed to balance adherence to these visual prompts with the generative model's ability to produce a rich variety of compositions. compared to text - based prompting, visual prompt composition offers more precise control over the visual output - embodying the principle that \" an image is worth a thousand words \". in general, text - to - image models tend to struggle with generating complex scenes containing multiple objects, making the task challenging not only due to the demands of identity preservation and compositional diversity. nevertheless, as we demonstrate, the use of visual prompts facilitates the creation of such complex scenes. appendix a presents additional qualitative results obtained by our method. in appendix b, we provide further analysis of different components of our method, followed by more comparisons with prior methods in appendix c. finally, appendices d and e include the implementation details and discuss the limitations of our method, respectively. a. additional results additional qualitative results. we show addition qualitative results in figure 8. we use a classifier - free guidance scale of 5 for these results. reshuffling. reshuffling is a special case of compositional generation where all input visual prompts are extracted from the same starting image. figure 9 shows a large grid of reshuffling results generated by our method. object control. our object - level cross - attention design enables precise control over individual objects in generated images. figure 12 illustrates this with two examples. in the first example, the input visual prompts are a dog, a grassy background, and an orange ball. the leftmost column shows the initial output image. by manipulating the cross - attention maps corresponding to the ball, we can move it above the dog's head ( middle column ) or near its lower right foot ( right column ). as the ball is repositioned, the scene adapts accordingly : the dog adjusts its pose by ducking its head when the ball is above it or standing on the ball when it's near its feet. in the second example shown at the bottom, we change the position of a man\n\n[Chunk 2] p n v } n n = 1 describing the n - 1 individual objects and the background of an image, our goal is to generate diverse output images composed of these inputs. we first discuss text - to - image diffusion models and image encoder preliminaries in section 3. 1. following this, section 3. 2 explores the trade - off between maintaining the identity of input elements and introducing variation in the generated images, which motivates our architecture design. section 3. 3 details our training method and datasets, and lastly, section 3. 4 describes our new compositional guidance for inference. we refer to our method as visualcomposer. preliminaries text - to - image diffusion. diffusion models [ 23, 56, 58 ] are a family of generative models that use iterative denoising processes. recent diffusion models are typically conditioned on text prompts [ 47, 51 ] through cross - attention layers [ 7 ]. specifically, a text embedding vector c is derived from a text prompt p t using a frozen clip [ 48 ] text encoder c = e text ( p t ). this text embedding interacts with the generated image deep spatial features ( x t ) as follows. the im - age features ( x t ) are projected to queries q = f q ( ( x t ) ), while the text embedding is projected to keys k = f k ( c ) and values v = f v ( c ), where f q, f k, and f v are learned linear layers. the output of the cross - attention layer is computed as mv, where m are the attention maps defined as m = softmax qk t / √ d. previous works have shown that each component of attention has its own role [ 2, 21, 40, 59 ]. the keys, which form the attention map, tend to control the layout, and the values determine the appearance. we use this observation to control the identity preservation - diversity tradeoff. prompting with images. while natural language allows us to control generation with simple words, it often fails to provide precise descriptions of objects. recent methods [ 18, 53, 67 ] extend text - to - image diffusion models to also condition on image prompts. for example, in ip - adapter [ 67 ], the image prompt p img is first encoded with a pretrained image encoder to obtain image embeddings e img ( p img ), and\n\nConstraints: Use only the context. Do not invent datasets, baselines, or numerical results.\nIf results are not stated, describe them generally.\n\nWrite a concise abstract (150-250 words).",
  "rag_output": "This work introduces VisualComposer, a novel method for compositional image generation that integrates object-level visual prompts directly into the feed-forward process of image synthesis. By leveraging compositional guidance, which restricts attention maps, we mitigate attribute leakage and enhance identity preservation of generated objects. Our approach balances adherence to visual prompts with the generative model's ability to produce a rich variety of compositions.\nIn contrast to text-based prompting, visual prompt composition offers more precise control over the visual output, facilitating the creation of complex scenes containing multiple objects. Our method, VisualComposer, is designed to tackle the challenges of identity preservation and compositional diversity. We demonstrate the effectiveness of our approach through qualitative results, showcasing the ability to generate diverse output images composed of individual objects and backgrounds.\nOur architecture design enables precise control over individual objects in generated images, as illustrated through object control experiments. The use of visual prompts facilitates the creation of complex scenes, addressing a long-standing challenge in text-to-image models. This work presents a significant advancement in the field of image generation, offering a more nuanced and controlled approach to compositional image synthesis.",
  "metrics": {
    "hwt": {
      "llama": {
        "perplexity": 29.453492679719986,
        "burstness": 2.88671875,
        "curvature": 0.13427734375
      },
      "gpt2": {
        "perplexity": 59.265731184583274,
        "burstness": 3.08203125,
        "curvature": 0.08662109374999982
      }
    },
    "only_llm": {
      "llama": {
        "perplexity": 3.64714734423248,
        "burstness": 1.7431640625,
        "curvature": 0.2608398437499999
      },
      "gpt2": {
        "perplexity": 10.709098957841949,
        "burstness": 2.255859375,
        "curvature": 0.2531249999999998
      }
    },
    "rag": {
      "llama": {
        "perplexity": 10.079935612761957,
        "burstness": 2.357421875,
        "curvature": 0.177734375
      },
      "gpt2": {
        "perplexity": 21.173160702117308,
        "burstness": 2.666015625,
        "curvature": 0.16669921874999982
      }
    }
  }
}