{
  "paper_id": "2502.20119v1",
  "keyword": "visual_understanding",
  "source_path": "papers/outputs/visual_understanding/2502.20119v1.json",
  "abstract_hwt": "",
  "abstract_only_llm": "Understanding the stroke-based evolution of visual artworks is a crucial aspect of advancing artwork learning, appreciation, and interactive display. By analyzing the sequence of strokes used in renowned artworks, we can gain a deeper insight into the artistic techniques employed by master artists. However, the stroke sequence of many iconic artworks remains largely unknown, hindering our ability to appreciate the nuances of artistic expression.\nThis study aims to formulate the stroke sequence for near-natural image drawing processes, thereby facilitating a more comprehensive understanding of artistic techniques. By developing a framework for analyzing and reconstructing the stroke sequence of visual artworks, we can uncover the underlying processes that govern artistic creation. This, in turn, can inform the development of more sophisticated artwork learning and appreciation tools, as well as interactive display systems that simulate the artistic process.\nBy shedding light on the stroke sequence of visual artworks, this research has the potential to revolutionize our understanding of artistic techniques and their application in various fields, including art education, art appreciation, and interactive media.",
  "abstract_rag": "This study presents an algorithmic approach to comprehending artworks through interactive drawing models. Our method can interpret various input images, including natural and complex images, and produce a pragmatic drawing process. We evaluate the effectiveness of our algorithm relative to other state-of-the-art methods, demonstrating its ability to provide systematic sequencing of strokes, as opposed to projecting them in random order. An initial user study with limited participants reveals that our method provides a more engaging and satisfying user experience compared to other related methods.\nOur approach aims to construct a step-by-step drawing process, mirroring the natural progression of an artist. We address the fundamental challenges in building interactive drawing models, including representing and extracting stroke-level information, constructing sequence order of strokes, and mimicking a drawing process. Our method differs from existing works, which struggle with accuracy, scalability, or lack inherent sequence order while generating strokes.\nThe proposed approach has potential applications in art education, enabling students and researchers to closely study historical paintings, understand used techniques, and explore the artist's process.",
  "only_llm_summary": "Understanding the stroke-based evolution of visual artworks is useful for advancing artwork learning, appreciation, and interactive display. While the stroke sequence of renowned artworks remains largely unknown, formulating this sequence for near-natural image drawing processes can significantly enhance our understanding of artistic techniques.",
  "only_llm_body": "Abstract. Understanding the stroke-based evolution of visual artworks is useful for advancing artwork learning, appreciation, and interactive display. While the stroke sequence of renowned artworks remains largely unknown, formulating this sequence for near-natural image drawing processes can significantly enhance our understanding of artistic techniques. This paper introduces a novel method for approximating artwork stroke evolution through a proximity-based clustering mechanism. We first convert pixel images into vector images via parametric curves and then explore the clustering approach to determine the sequence order of extracted strokes. Our proposed algorithm demonstrates the potential to infer stroke sequences in unknown artworks. We evaluate the performance of our method using WikiArt data and qualitatively demonstrate the plausible stroke sequences. Additionally, we demonstrate the robustness of our approach to handle a wide variety of input image types such as line art, face sketches, paintings, and photographic images. By exploring stroke extraction and sequence construction, we aim to improve our understanding of the intricacies of the art development techniques and the step-by-step reconstruction process behind visual artworks, thereby enriching our understanding of the creative journey from the initial sketch to the final artwork. Introduction Visual art is an essential part of humanity. It allows us to explore, express, and communicate ideas, emotions, perspec\n\ne with a set of pixels, the stroke construction module produces a set of strokes (S_Strokes N ) based on vector curves. In the past, various vector curves have been investigated for stroke design [2, 5, 18, 41] . In this work, we mainly employ the stroke representation in terms of Line, Quadratic Bézier Curve (QBC), Cubic Bézier Curve (CBC), Circular Arc (CA), and Elliptical Arc (EA). Here, the Fig. 3 : Framework for sketch stroke construction and sequencing position of control points determines the shape of the curves. The number of control points that define the shape of line, QBC, CBC, CA, AND EA are 2, 3, 4, 3, and 3, respectively. Formally, the control points along with color parameter are defined as: [x 0 , y 0 , x 1 , y 1 , #color] -→ (line), [x 0 , y 0 , x 1 , y 1 , x 2 , y 2 , #color] -→ (QBC), [x 0 , y 0 , x 1 , y 1 , x 2 , y 2 , x 3 , y 3 , #color] -→ (CBC), [x 0 , y 0 , x 1 , y 1 , x 2 , y 2 , #color] -→ (CA), and [x 0 , y 0 , x 1 , y 1 , x 2 , y 2 , #color] -→ (EA). Here, \n\netting. Fig2presents the outline of the proposed method, where we decompose input art and sketch into a set of strokes and compose stroke sequencing to give the semblance of a pragmatic drawing process. Input Art Sketch Generation Sketch Stroke Construction and Sequencing Paint Stroke Construction and Sequencing Evolving Drawing Sketch & Paint Fig. 2: Outline of the proposed method for sketch to paint 3 Methodology Algorithm 1 Sketch & Paint Stroke Construction and Sequence Generation Require: Input image I Ensure: Final stroke sequence Stroke_seq Global Read input image I Generate Sketch (S) from I by generating line drawing of an input image Sketch ← SketchGenerator(I) Extract set of strokes via converting pixel sketch into geometric curves Strokes Sketch : S_StrokesN ← StrokeConstruct(S) Employ proximity based hierarchical clustering on S_StrokesN S_Stroke_clustersM ← Hierarchical_clustering(S_StrokesN , distproximity) Devise TSP on centroids of stroke clusters S_Stroke_seq = T SP (S_Stroke_ClustersM (Pij)) if painting == TRUE (for an RGB image (X)) then Extract set of strokes via converting pixel image into geometric curves StrokesRGB: P _StrokesT ← StrokeConstruct(X) Employ proximity based hierarchical clustering on P _StrokesT P _Stroke_clustersV ← Hierarchical_clustering(P _StrokesT , distproximity) Devise TSP on centroids of stroke clusters P _Stroke_seq = T SP (P _Stroke_ClustersV (Qij)) end if Stroke_seq Global ← S_Stroke_seq + P _Stroke_seq return Stroke_seq Gl",
  "only_llm_prompt": "You are writing an academic abstract.\nKeyword: visual_understanding\nBrief summary (2 sentences): Understanding the stroke-based evolution of visual artworks is useful for advancing artwork learning, appreciation, and interactive display. While the stroke sequence of renowned artworks remains largely unknown, formulating this sequence for near-natural image drawing processes can significantly enhance our understanding of artistic techniques.\nConstraints: Do not invent datasets, baselines, or numerical results.\nIf results are not stated, describe them generally.\n\nWrite a concise abstract (150-250 words).",
  "only_llm_output": "Understanding the stroke-based evolution of visual artworks is a crucial aspect of advancing artwork learning, appreciation, and interactive display. By analyzing the sequence of strokes used in renowned artworks, we can gain a deeper insight into the artistic techniques employed by master artists. However, the stroke sequence of many iconic artworks remains largely unknown, hindering our ability to appreciate the nuances of artistic expression.\nThis study aims to formulate the stroke sequence for near-natural image drawing processes, thereby facilitating a more comprehensive understanding of artistic techniques. By developing a framework for analyzing and reconstructing the stroke sequence of visual artworks, we can uncover the underlying processes that govern artistic creation. This, in turn, can inform the development of more sophisticated artwork learning and appreciation tools, as well as interactive display systems that simulate the artistic process.\nBy shedding light on the stroke sequence of visual artworks, this research has the potential to revolutionize our understanding of artistic techniques and their application in various fields, including art education, art appreciation, and interactive media.",
  "rag_queries": [
    "What is the main problem or motivation addressed in this paper?",
    "What method or approach is proposed? Summarize the core idea and components.",
    "What experiments or evaluation setup are used (datasets, tasks, metrics)?",
    "What are the main results or findings? Include numeric results only if present.",
    "What are the key contributions and significance of this work?"
  ],
  "rag_chunks": [
    {
      "vector_id": 893,
      "score": 0.5332975387573242,
      "text": "follow a logical and intuitive order, closely mirroring the natural progression an artist is likely to adopt. as seen in figure 6 ( e - f ), our method can also effectively interpret natural images that are complex in terms of resolution, detail, and stroke count. from all the results presented above, we can infer that our algorithm can comprehend a variety of input images and produce a pragmatic drawing process. dynamic examples of drawing evolution, from sketch to painting across various inputs, can be viewed at [ 29 ]. fig. 8 : user - survey results for quality evaluation of our method, paint & sketch, in comparison with vector flow ( a ) [ 35 ] and paint transformer ( b ). [ 19 ] comparison with other methods in this section, we analyze the effectiveness of our algorithm relative to other state - of - the - art methods. figure 7 illustrates the comparative evolution of our method against prominent techniques [ 19, 35 ]. for a fair assessment, we qualitatively compare only our image - to - sketch translation with vectorflow's [ 35 ] image - to - pencil translation, and only our colored paint stroke sequence with paint transformer's [ 19 ] paint sequence. in other words, to ensure fair comparability, we omit color sequencing for the vector - flow comparison and sketch sequencing for the paint transformer comparison. from figure 7, we can infer that our proposed method can provide systematic sequencing rather than projecting strokes in random order as in [ 19, 35 ]. additionally, we conducted an initial user study with limited participants ( 5 ), each evaluating 5 image generations with vectorflow [ 35 ] and 3 image generations with painttransformer [ 19 ] along with corresponding generations through our method. participants rated the systems on naturalness, user engagement, stroke quality, and overall experience, with scores ranging from 1 to 10. the survey asked the participants about how accurately the system emulated a pragmatic drawing process, how engaged they felt during the interaction, what the quality of stroke texture and tone was, and what their overall satisfaction was. the bar chart depicting the average user study results is shown in figure 8. these results demonstrate that our method provides a more engaging and satisfying user experience than other related methods. limitations the proposed approach has some known limitations : ( 1 ) the method depends upon the quality of line drawing for sketch generation. hence, it may fail to extract contour lines when the image is dominated by black - intensity regions. ( 2 ) there is no mechanism that",
      "query": "What is the main problem or motivation addressed in this paper?"
    },
    {
      "vector_id": 883,
      "score": 0.51706463098526,
      "text": "##ship and innovation. moreover, detailed dynamic digital reconstruction of artworks also serves as a valuable educational resource [ 20, 34 ], enabling students and researchers to closely study historical paintings, understand the used techniques, and explore the artist's process. it can be surmised that by studying and emulating the techniques of master artists through digital reconstructions, students can develop their skills in painting and drawing, gaining insights into fundamental aspects such as brush control, color mixing, and composition. interactive models that help understand the drawing process, therefore, can prove to be extremely useful. however, building methods that mimic the pragmatic drawing process is extremely challenging. it is hard to define the semantics of each piece of art, the geometries of sketch / painting, the number and the order of strokes, the individual stroke attributes like length, color, shape, & texture, and the overall evolution of an artwork. the fundamental challenges in building the interactive drawing model are : ( i ) how do we represent and extract strokelevel information for complex art ( ii ) what is the plausible way to construct the sequence order of strokes that mimic a drawing process? some works have explored the explication of the drawing process in the recent past. fu et al [ 10 ] introduce an algorithm designed to animate pre - drawn line drawings by determining stroke order, though the method struggles with accuracy over complex sketches. subsequently, sketch - rnn [ 12 ] learns the construction of stroke sequences of hand - drawn sketches by training an ml model on thousands of human - drawn images. however, its learning is based on the available labeled stroked data and it does not learn directly from the sketches. furthermore, the method does not scale for complex sketches involving shading and textures. recently, tong et al. [ 35 ] show advancement with an image - topencil translation method that produces sketches and demonstrates the drawing process. additionally, several works [ 37, 38 ] have investigated new levels of abstraction in object sketching through geometric and semantic simplifications. despite these advancements, accurately recreating the intricate details of complex artworks remains a significant challenge. furthermore, neural painting techniques [ 13, 19, 30 ] employing reinforcement learning have attempted to generate stroke sequences for non - photo - realistic image recreation. nevertheless, these methods struggle with the high computational demands of deep reinforcement learning and lack an inherent sequence order while generating strokes. with these observations, we explore the extraction of stroke sequences from artworks, aiming to construct a step - by - step process, that an artist might use",
      "query": "What is the main problem or motivation addressed in this paper?"
    },
    {
      "vector_id": 882,
      "score": 0.5152334570884705,
      "text": "abstract. understanding the stroke - based evolution of visual artworks is useful for advancing artwork learning, appreciation, and interactive display. while the stroke sequence of renowned artworks remains largely unknown, formulating this sequence for near - natural image drawing processes can significantly enhance our understanding of artistic techniques. this paper introduces a novel method for approximating artwork stroke evolution through a proximity - based clustering mechanism. we first convert pixel images into vector images via parametric curves and then explore the clustering approach to determine the sequence order of extracted strokes. our proposed algorithm demonstrates the potential to infer stroke sequences in unknown artworks. we evaluate the performance of our method using wikiart data and qualitatively demonstrate the plausible stroke sequences. additionally, we demonstrate the robustness of our approach to handle a wide variety of input image types such as line art, face sketches, paintings, and photographic images. by exploring stroke extraction and sequence construction, we aim to improve our understanding of the intricacies of the art development techniques and the step - by - step reconstruction process behind visual artworks, thereby enriching our understanding of the creative journey from the initial sketch to the final artwork. introduction visual art is an essential part of humanity. it allows us to explore, express, and communicate ideas, emotions, perspectives, and experiences. visual arts encompass various mediums such as drawing, painting, sculpture, and photography. in the realm of drawings and paintings, we encounter a wide range of styles, themes, and artistic movements that reflect the creativity and cultural diversity of human existence. understanding the complex landscape of art development is important for art education and appreciation. digital technology can help bridge the gap between traditional art forms and modern accessibility [ 1, 3 ]. for example, high - resolution digital reconstructions for artworks allow museums to create virtual exhibits with interactive features such as zooming into specific painting parts or viewing various stroke forms of artwork, thereby enhancing visitor understanding and engagement [ 3, 4 ]. similarly, understanding the process of constructing a painting is extremely educative. investigating the extraction of strokes from famous artworks and constructing a stroke order can provide significant insights into the creative process and foster a deeper understanding of artistic craftsmanship and innovation. moreover, detailed dynamic digital reconstruction of artworks also serves as a valuable educational resource [ 20, 34 ], enabling students and researchers to closely study historical paintings, understand the used techniques, and explore the artist's process. it can be surmised that by studying and emulating the techniques of master artists through digital reconstructions, students can develop their skills in",
      "query": "What method or approach is proposed? Summarize the core idea and components."
    },
    {
      "vector_id": 894,
      "score": 0.5659225583076477,
      "text": "figure 8. these results demonstrate that our method provides a more engaging and satisfying user experience than other related methods. limitations the proposed approach has some known limitations : ( 1 ) the method depends upon the quality of line drawing for sketch generation. hence, it may fail to extract contour lines when the image is dominated by black - intensity regions. ( 2 ) there is no mechanism that identifies and learns from the generated sequences that are better aligned to human drawing processes. ( 3 ) the paint strokes are coarse and typically not in the form of strokes from any particular drawing medium such as painting brushes. discussion and conclusion in this work, we addressed the challenge of constructing stroke sequences for unlabeled artworks - from initial sketch strokes to final painting strokes. specifically, we formulate a method for ordering stroke sequences through clustering and optimizing vector curves to facilitate a pragmatic drawing process. our approach significantly advances the understanding of artwork evolution by generating stroke sequences for complex artworks. we validated the effectiveness of our algorithm across various data forms, demonstrating its capability to manage diverse inputs and produce coherent drawing processes. our approach, at the moment, is agnostic to the semantic content of the artwork. the alignment performance of the existing algorithm might further improve if we introduce region - based grouping ( for example, by leveraging models such as segment anything models ( sam ) ) as artists tend to complete one semantic region before moving on to another. additionally, we might benefit from the datasets that capture the artist's stroke sequences on the drawings. alternatively, one can explore using art annotators to establish stroke sequences for a limited number of artworks. implementing human feedback mechanisms or preference - based modeling could align the algorithm more closely with human drawing styles. we believe that these enhancements would not only deepen our comprehension of the drawing process but also open up possibilities for practical applications, including next - stroke generation, sketch completion, and artwork retrieval. moreover, this type of work provides a foundation for enriching art education and appreciation by offering insights into the sequential evolution of artworks. fig. 1 : 1 fig. 1 : illustration of constructed stroke sequence for input visual art = i c ij • b ij where c ij represents the distance between the centroids of stroke clusters i and j. and, b ij is a binary decision variable indicating whether there is a direct tour between stroke clusters c i and c j. fig. 4 : 4 fig. 4 : framework for paint stroke construction and sequencing fig. 5 : 5 fig. 5 :",
      "query": "What experiments or evaluation setup are used (datasets, tasks, metrics)?"
    }
  ],
  "rag_by_query": {
    "What is the main problem or motivation addressed in this paper?": [
      {
        "vector_id": 893,
        "score": 0.5332975387573242,
        "text": "follow a logical and intuitive order, closely mirroring the natural progression an artist is likely to adopt. as seen in figure 6 ( e - f ), our method can also effectively interpret natural images that are complex in terms of resolution, detail, and stroke count. from all the results presented above, we can infer that our algorithm can comprehend a variety of input images and produce a pragmatic drawing process. dynamic examples of drawing evolution, from sketch to painting across various inputs, can be viewed at [ 29 ]. fig. 8 : user - survey results for quality evaluation of our method, paint & sketch, in comparison with vector flow ( a ) [ 35 ] and paint transformer ( b ). [ 19 ] comparison with other methods in this section, we analyze the effectiveness of our algorithm relative to other state - of - the - art methods. figure 7 illustrates the comparative evolution of our method against prominent techniques [ 19, 35 ]. for a fair assessment, we qualitatively compare only our image - to - sketch translation with vectorflow's [ 35 ] image - to - pencil translation, and only our colored paint stroke sequence with paint transformer's [ 19 ] paint sequence. in other words, to ensure fair comparability, we omit color sequencing for the vector - flow comparison and sketch sequencing for the paint transformer comparison. from figure 7, we can infer that our proposed method can provide systematic sequencing rather than projecting strokes in random order as in [ 19, 35 ]. additionally, we conducted an initial user study with limited participants ( 5 ), each evaluating 5 image generations with vectorflow [ 35 ] and 3 image generations with painttransformer [ 19 ] along with corresponding generations through our method. participants rated the systems on naturalness, user engagement, stroke quality, and overall experience, with scores ranging from 1 to 10. the survey asked the participants about how accurately the system emulated a pragmatic drawing process, how engaged they felt during the interaction, what the quality of stroke texture and tone was, and what their overall satisfaction was. the bar chart depicting the average user study results is shown in figure 8. these results demonstrate that our method provides a more engaging and satisfying user experience than other related methods. limitations the proposed approach has some known limitations : ( 1 ) the method depends upon the quality of line drawing for sketch generation. hence, it may fail to extract contour lines when the image is dominated by black - intensity regions. ( 2 ) there is no mechanism that"
      },
      {
        "vector_id": 883,
        "score": 0.51706463098526,
        "text": "##ship and innovation. moreover, detailed dynamic digital reconstruction of artworks also serves as a valuable educational resource [ 20, 34 ], enabling students and researchers to closely study historical paintings, understand the used techniques, and explore the artist's process. it can be surmised that by studying and emulating the techniques of master artists through digital reconstructions, students can develop their skills in painting and drawing, gaining insights into fundamental aspects such as brush control, color mixing, and composition. interactive models that help understand the drawing process, therefore, can prove to be extremely useful. however, building methods that mimic the pragmatic drawing process is extremely challenging. it is hard to define the semantics of each piece of art, the geometries of sketch / painting, the number and the order of strokes, the individual stroke attributes like length, color, shape, & texture, and the overall evolution of an artwork. the fundamental challenges in building the interactive drawing model are : ( i ) how do we represent and extract strokelevel information for complex art ( ii ) what is the plausible way to construct the sequence order of strokes that mimic a drawing process? some works have explored the explication of the drawing process in the recent past. fu et al [ 10 ] introduce an algorithm designed to animate pre - drawn line drawings by determining stroke order, though the method struggles with accuracy over complex sketches. subsequently, sketch - rnn [ 12 ] learns the construction of stroke sequences of hand - drawn sketches by training an ml model on thousands of human - drawn images. however, its learning is based on the available labeled stroked data and it does not learn directly from the sketches. furthermore, the method does not scale for complex sketches involving shading and textures. recently, tong et al. [ 35 ] show advancement with an image - topencil translation method that produces sketches and demonstrates the drawing process. additionally, several works [ 37, 38 ] have investigated new levels of abstraction in object sketching through geometric and semantic simplifications. despite these advancements, accurately recreating the intricate details of complex artworks remains a significant challenge. furthermore, neural painting techniques [ 13, 19, 30 ] employing reinforcement learning have attempted to generate stroke sequences for non - photo - realistic image recreation. nevertheless, these methods struggle with the high computational demands of deep reinforcement learning and lack an inherent sequence order while generating strokes. with these observations, we explore the extraction of stroke sequences from artworks, aiming to construct a step - by - step process, that an artist might use"
      }
    ],
    "What method or approach is proposed? Summarize the core idea and components.": [
      {
        "vector_id": 882,
        "score": 0.5152334570884705,
        "text": "abstract. understanding the stroke - based evolution of visual artworks is useful for advancing artwork learning, appreciation, and interactive display. while the stroke sequence of renowned artworks remains largely unknown, formulating this sequence for near - natural image drawing processes can significantly enhance our understanding of artistic techniques. this paper introduces a novel method for approximating artwork stroke evolution through a proximity - based clustering mechanism. we first convert pixel images into vector images via parametric curves and then explore the clustering approach to determine the sequence order of extracted strokes. our proposed algorithm demonstrates the potential to infer stroke sequences in unknown artworks. we evaluate the performance of our method using wikiart data and qualitatively demonstrate the plausible stroke sequences. additionally, we demonstrate the robustness of our approach to handle a wide variety of input image types such as line art, face sketches, paintings, and photographic images. by exploring stroke extraction and sequence construction, we aim to improve our understanding of the intricacies of the art development techniques and the step - by - step reconstruction process behind visual artworks, thereby enriching our understanding of the creative journey from the initial sketch to the final artwork. introduction visual art is an essential part of humanity. it allows us to explore, express, and communicate ideas, emotions, perspectives, and experiences. visual arts encompass various mediums such as drawing, painting, sculpture, and photography. in the realm of drawings and paintings, we encounter a wide range of styles, themes, and artistic movements that reflect the creativity and cultural diversity of human existence. understanding the complex landscape of art development is important for art education and appreciation. digital technology can help bridge the gap between traditional art forms and modern accessibility [ 1, 3 ]. for example, high - resolution digital reconstructions for artworks allow museums to create virtual exhibits with interactive features such as zooming into specific painting parts or viewing various stroke forms of artwork, thereby enhancing visitor understanding and engagement [ 3, 4 ]. similarly, understanding the process of constructing a painting is extremely educative. investigating the extraction of strokes from famous artworks and constructing a stroke order can provide significant insights into the creative process and foster a deeper understanding of artistic craftsmanship and innovation. moreover, detailed dynamic digital reconstruction of artworks also serves as a valuable educational resource [ 20, 34 ], enabling students and researchers to closely study historical paintings, understand the used techniques, and explore the artist's process. it can be surmised that by studying and emulating the techniques of master artists through digital reconstructions, students can develop their skills in"
      }
    ],
    "What experiments or evaluation setup are used (datasets, tasks, metrics)?": [
      {
        "vector_id": 894,
        "score": 0.5659225583076477,
        "text": "figure 8. these results demonstrate that our method provides a more engaging and satisfying user experience than other related methods. limitations the proposed approach has some known limitations : ( 1 ) the method depends upon the quality of line drawing for sketch generation. hence, it may fail to extract contour lines when the image is dominated by black - intensity regions. ( 2 ) there is no mechanism that identifies and learns from the generated sequences that are better aligned to human drawing processes. ( 3 ) the paint strokes are coarse and typically not in the form of strokes from any particular drawing medium such as painting brushes. discussion and conclusion in this work, we addressed the challenge of constructing stroke sequences for unlabeled artworks - from initial sketch strokes to final painting strokes. specifically, we formulate a method for ordering stroke sequences through clustering and optimizing vector curves to facilitate a pragmatic drawing process. our approach significantly advances the understanding of artwork evolution by generating stroke sequences for complex artworks. we validated the effectiveness of our algorithm across various data forms, demonstrating its capability to manage diverse inputs and produce coherent drawing processes. our approach, at the moment, is agnostic to the semantic content of the artwork. the alignment performance of the existing algorithm might further improve if we introduce region - based grouping ( for example, by leveraging models such as segment anything models ( sam ) ) as artists tend to complete one semantic region before moving on to another. additionally, we might benefit from the datasets that capture the artist's stroke sequences on the drawings. alternatively, one can explore using art annotators to establish stroke sequences for a limited number of artworks. implementing human feedback mechanisms or preference - based modeling could align the algorithm more closely with human drawing styles. we believe that these enhancements would not only deepen our comprehension of the drawing process but also open up possibilities for practical applications, including next - stroke generation, sketch completion, and artwork retrieval. moreover, this type of work provides a foundation for enriching art education and appreciation by offering insights into the sequential evolution of artworks. fig. 1 : 1 fig. 1 : illustration of constructed stroke sequence for input visual art = i c ij • b ij where c ij represents the distance between the centroids of stroke clusters i and j. and, b ij is a binary decision variable indicating whether there is a direct tour between stroke clusters c i and c j. fig. 4 : 4 fig. 4 : framework for paint stroke construction and sequencing fig. 5 : 5 fig. 5 :"
      }
    ]
  },
  "rag_prompt": "You are writing an academic abstract using the provided context.\nKeyword: visual_understanding\n\nContext:\n[Chunk 1] follow a logical and intuitive order, closely mirroring the natural progression an artist is likely to adopt. as seen in figure 6 ( e - f ), our method can also effectively interpret natural images that are complex in terms of resolution, detail, and stroke count. from all the results presented above, we can infer that our algorithm can comprehend a variety of input images and produce a pragmatic drawing process. dynamic examples of drawing evolution, from sketch to painting across various inputs, can be viewed at [ 29 ]. fig. 8 : user - survey results for quality evaluation of our method, paint & sketch, in comparison with vector flow ( a ) [ 35 ] and paint transformer ( b ). [ 19 ] comparison with other methods in this section, we analyze the effectiveness of our algorithm relative to other state - of - the - art methods. figure 7 illustrates the comparative evolution of our method against prominent techniques [ 19, 35 ]. for a fair assessment, we qualitatively compare only our image - to - sketch translation with vectorflow's [ 35 ] image - to - pencil translation, and only our colored paint stroke sequence with paint transformer's [ 19 ] paint sequence. in other words, to ensure fair comparability, we omit color sequencing for the vector - flow comparison and sketch sequencing for the paint transformer comparison. from figure 7, we can infer that our proposed method can provide systematic sequencing rather than projecting strokes in random order as in [ 19, 35 ]. additionally, we conducted an initial user study with limited participants ( 5 ), each evaluating 5 image generations with vectorflow [ 35 ] and 3 image generations with painttransformer [ 19 ] along with corresponding generations through our method. participants rated the systems on naturalness, user engagement, stroke quality, and overall experience, with scores ranging from 1 to 10. the survey asked the participants about how accurately the system emulated a pragmatic drawing process, how engaged they felt during the interaction, what the quality of stroke texture and tone was, and what their overall satisfaction was. the bar chart depicting the average user study results is shown in figure 8. these results demonstrate that our method provides a more engaging and satisfying user experience than other related methods. limitations the proposed approach has some known limitations : ( 1 ) the method depends upon the quality of line drawing for sketch generation. hence, it may fail to extract contour lines when the image is dominated by black - intensity regions. ( 2 ) there is no mechanism that\n\n[Chunk 2] ##ship and innovation. moreover, detailed dynamic digital reconstruction of artworks also serves as a valuable educational resource [ 20, 34 ], enabling students and researchers to closely study historical paintings, understand the used techniques, and explore the artist's process. it can be surmised that by studying and emulating the techniques of master artists through digital reconstructions, students can develop their skills in painting and drawing, gaining insights into fundamental aspects such as brush control, color mixing, and composition. interactive models that help understand the drawing process, therefore, can prove to be extremely useful. however, building methods that mimic the pragmatic drawing process is extremely challenging. it is hard to define the semantics of each piece of art, the geometries of sketch / painting, the number and the order of strokes, the individual stroke attributes like length, color, shape, & texture, and the overall evolution of an artwork. the fundamental challenges in building the interactive drawing model are : ( i ) how do we represent and extract strokelevel information for complex art ( ii ) what is the plausible way to construct the sequence order of strokes that mimic a drawing process? some works have explored the explication of the drawing process in the recent past. fu et al [ 10 ] introduce an algorithm designed to animate pre - drawn line drawings by determining stroke order, though the method struggles with accuracy over complex sketches. subsequently, sketch - rnn [ 12 ] learns the construction of stroke sequences of hand - drawn sketches by training an ml model on thousands of human - drawn images. however, its learning is based on the available labeled stroked data and it does not learn directly from the sketches. furthermore, the method does not scale for complex sketches involving shading and textures. recently, tong et al. [ 35 ] show advancement with an image - topencil translation method that produces sketches and demonstrates the drawing process. additionally, several works [ 37, 38 ] have investigated new levels of abstraction in object sketching through geometric and semantic simplifications. despite these advancements, accurately recreating the intricate details of complex artworks remains a significant challenge. furthermore, neural painting techniques [ 13, 19, 30 ] employing reinforcement learning have attempted to generate stroke sequences for non - photo - realistic image recreation. nevertheless, these methods struggle with the high computational demands of deep reinforcement learning and lack an inherent sequence order while generating strokes. with these observations, we explore the extraction of stroke sequences from artworks, aiming to construct a step - by - step process, that an artist might use\n\nConstraints: Use only the context. Do not invent datasets, baselines, or numerical results.\nIf results are not stated, describe them generally.\n\nWrite a concise abstract (150-250 words).",
  "rag_output": "This study presents an algorithmic approach to comprehending artworks through interactive drawing models. Our method can interpret various input images, including natural and complex images, and produce a pragmatic drawing process. We evaluate the effectiveness of our algorithm relative to other state-of-the-art methods, demonstrating its ability to provide systematic sequencing of strokes, as opposed to projecting them in random order. An initial user study with limited participants reveals that our method provides a more engaging and satisfying user experience compared to other related methods.\nOur approach aims to construct a step-by-step drawing process, mirroring the natural progression of an artist. We address the fundamental challenges in building interactive drawing models, including representing and extracting stroke-level information, constructing sequence order of strokes, and mimicking a drawing process. Our method differs from existing works, which struggle with accuracy, scalability, or lack inherent sequence order while generating strokes.\nThe proposed approach has potential applications in art education, enabling students and researchers to closely study historical paintings, understand used techniques, and explore the artist's process.",
  "metrics": {
    "hwt": {
      "llama": {
        "perplexity": NaN,
        "burstness": NaN,
        "curvature": NaN
      },
      "gpt2": {
        "perplexity": NaN,
        "burstness": NaN,
        "curvature": NaN
      }
    },
    "only_llm": {
      "llama": {
        "perplexity": 5.995538594132881,
        "burstness": 2.390625,
        "curvature": 0.2688964843749999
      },
      "gpt2": {
        "perplexity": 11.027483150026422,
        "burstness": 2.33984375,
        "curvature": 0.3015625000000002
      }
    },
    "rag": {
      "llama": {
        "perplexity": 16.91371785382974,
        "burstness": 2.701171875,
        "curvature": 0.1729492187499999
      },
      "gpt2": {
        "perplexity": 22.189281900071105,
        "burstness": 2.734375,
        "curvature": 0.2056640624999999
      }
    }
  }
}