{
  "paper_id": "2508.03713v1",
  "keyword": "visual_understanding",
  "source_path": "papers/outputs/visual_understanding/2508.03713v1.json",
  "abstract_hwt": "Higher Focus Lower Focus Fig. 1: Predicted visual saliency map from Lit2Sal model on three literacy assessment test (mini-VLAT, CALVI, SGL) scores for treemap and histogram. High-literacy group represents the top 20% on each test, and Low-literacy group represents the bottom 20%. The saliency map for high scores on mini-VLAT and CALVI focuses more on the title and axis labels than low scores, also showing more focused attention. Refer to Section 5 for further details.",
  "abstract_only_llm": "The effectiveness of data visualization in facilitating visual understanding has long been debated, with a growing recognition that the 'right' design is not a fixed entity, but rather a subjective interpretation influenced by individual perspectives and goals. This paper explores the complexities of visual understanding, examining how the design of visualizations can shape users' perceptions of data and how these perceptions, in turn, impact decision-making and problem-solving outcomes.\nThrough a critical analysis of existing literature on data visualization, this study highlights the limitations of traditional approaches to design, which often prioritize aesthetics and cognitive efficiency over contextual factors and user needs. By examining the interplay between design elements, user characteristics, and task requirements, we shed light on the nuances of visual understanding and its dependence on subjective interpretations of data. The findings of this research have implications for the development of more effective and inclusive data visualization practices, which acknowledge the diversity of user experiences and perspectives. Ultimately, this study contributes to a deeper understanding of the complex relationships between design, perception, and decision-making in the context of data visualization.",
  "abstract_rag": "The assessment of visual understanding, a critical aspect of literacy, has been hindered by the lack of standardized and comparable methodologies. Recent studies have proposed various assessments, including VLAT, CALVI, and SGL, to evaluate chart comprehension, critical thinking, and self-assessment. However, these tests are often time-intensive and may not capture the full spectrum of cognitive levels in Bloom's taxonomy. This study aims to estimate literacy levels efficiently and explore the potential of machine learning in predicting visual understanding.\nOur analysis reveals that incorporating information from additional charts and visual attention maps may not enhance performance, indicating a limit to the meaningful information that can be extracted from these tools. We also observe that critical thinking ability, as measured by CALVI, can be captured through VLAT questions without relying on trick questions. Furthermore, our machine learning model, Sal2Lit, demonstrates robust prediction performance, with feature importance analysis revealing that Shannon entropy has the highest feature importance despite a low regression coefficient.\nThis study contributes to the development of more efficient and effective assessments of visual understanding, with implications for education and research in the field of visualization literacy.",
  "only_llm_summary": "INTRODUCTION Visualization can guide users to notice key patterns in data. Yet what counts as the 'right' design often depends on who is looking.",
  "only_llm_body": "INTRODUCTION Visualization can guide users to notice key patterns in data. Yet what counts as the 'right' design often depends on who is looking. People interpret data on a deeply personal level [64, 78] , thus visualization design effectiveness can depend on their analytic tasks [48] , their goals [67] , and most importantly, their visualization literacy [58, 62] . Existing research has demonstrated that we can improve visualization design by understanding where people look in a visualization [16] . Researchers have built saliency models to predict which parts of a visualization are most likely to attract a viewer's attention [15, 18, 53, 76, 85] . These models have proven valuable in supporting visualization and tool design, such as attention-aware UI [55] , chart compression [16] , and image quality evaluations [80] . However, existing models still largely assume universal viewing patterns among people and overlook differences driven by cognitive abilities such as visualization literacy [56, 79] . We posit that individuals with varying levels of visualization literacy interpret visualizations through distinct viewing patterns and can be effectively captured by models of their visual attention. Therefore, we argue that we can improve existing saliency models by accounting for the unique patterns in viewers' visual attention depending on their literacy levels. In this paper, we conduct user study (N = 235) using three established literacy tests: the mini Visualization Litera\n\nion was found on labels and legends. This aligns with the findings in Section 4.4 that SGL measures a distinct dimension of literacy compared to mini-VLAT and CALVI. Takeaway: Taken together, these findings support H2, suggesting that visual attention differs between novices and experts, driven by the distinct viewing patterns observed between correct and incorrect groups. H3: Correlating Literacy and Viewing Patterns To explore the relationship between visualization literacy and attention maps generated from viewing patterns, we described participant behaviors and quantified the attention maps via two complementary categories of predictive variables: Within-Map Descriptive Features: We first adopt unitary features that describe the viewers' attention during the task. These are metrics extracted from individual attention maps, such as click count, task duration, Shannon entropy (SE), and saliency coverage (SC). They Between-Group Comparative Features: Within-map features may only parti\n\n.320 0.245 0.074 0.053 0.098 0.084 0.126 0.096 mini-VLAT Experts Novices 0.045 0.039 0.299 0.239 0.090 0.042 0.128 0.060 0.124 0.094 CALVI Experts Novices 0.046 0.038 0.294 0.243 0.092 0.040 0.119 0.057 0.123 0.094 SGL Experts Novices 0.041 0.045 0.260 0.250 0.055 0.068 0.087 0.086 0.102 0.113 Average metrics by accuracy and literacy groups. Coverage reflects the wideness of attention maps. IoU is computed for within-group pairs (IoU Pair ) or with specific chart elements (title, labels, legend). Bold indicates significance (p<0.001, pairwise t-tests). SGL's IoU with labels and legend was not significant (p>0.05). merged visual (chartbased) and textual information (task-based) via the first two attention modules. This enables task-focused predictions that can predict viewer Model PCC ↑ NSS ↑ AUC ↑ SIM ↑ KL ↓ TSN (Pre-trained) 0.156 0.714 0.677 0.154 2.689 TSN (Literacy) 0.251 1.209 0.773 0.142 2.612 VSF (Pre-trained) 0.118 0.551 0.637 0.142 2.665 VSF (Literacy) 0.347 1.500 0.833 0.188 2.327 Lit2Sal (mini-VLAT) 0.429 2.147 0.864 0.255 2.100 Lit2Sal (CALVI) 0.460 2.320 0.874 0.254 2.170 Lit2Sal (SGL) 0.430 2.052 0.858 0.257 2.086 Table 2: Model performance comparison on five metrics with pre-trained weights or trained version with our dataset for TranSalNet (TSN) and VisSalFormer (VSF). All metrics for Lit2Sal with all literacy levels have significant differences (p < 0.001 except KL-D: 0.0016, AUC: 0.0022) compared to the VSF model (literacy-trained) based on pairwise t-te",
  "only_llm_prompt": "You are writing an academic abstract.\nKeyword: visual_understanding\nBrief summary (2 sentences): INTRODUCTION Visualization can guide users to notice key patterns in data. Yet what counts as the 'right' design often depends on who is looking.\nConstraints: Do not invent datasets, baselines, or numerical results.\nIf results are not stated, describe them generally.\n\nWrite a concise abstract (150-250 words).",
  "only_llm_output": "The effectiveness of data visualization in facilitating visual understanding has long been debated, with a growing recognition that the 'right' design is not a fixed entity, but rather a subjective interpretation influenced by individual perspectives and goals. This paper explores the complexities of visual understanding, examining how the design of visualizations can shape users' perceptions of data and how these perceptions, in turn, impact decision-making and problem-solving outcomes.\nThrough a critical analysis of existing literature on data visualization, this study highlights the limitations of traditional approaches to design, which often prioritize aesthetics and cognitive efficiency over contextual factors and user needs. By examining the interplay between design elements, user characteristics, and task requirements, we shed light on the nuances of visual understanding and its dependence on subjective interpretations of data. The findings of this research have implications for the development of more effective and inclusive data visualization practices, which acknowledge the diversity of user experiences and perspectives. Ultimately, this study contributes to a deeper understanding of the complex relationships between design, perception, and decision-making in the context of data visualization.",
  "rag_queries": [
    "What is the main problem or motivation addressed in this paper?",
    "What method or approach is proposed? Summarize the core idea and components.",
    "What experiments or evaluation setup are used (datasets, tasks, metrics)?",
    "What are the main results or findings? Include numeric results only if present.",
    "What are the key contributions and significance of this work?"
  ],
  "rag_chunks": [
    {
      "vector_id": 1807,
      "score": 0.5823497772216797,
      "text": "update the charts. rodrigues et al. [ 70 ] explored how novices attempt to interpret visualizations by letting them ask questions rather than responding to predefined ones. however, these domain - specific and exploratory methodologies limited the generalizability of research findings and comparability across different studies. to address this gap, lee et al. [ 46 ] proposed vlat, a standardized test assessing basic chart comprehension across diverse visualization types and tasks. garcia et al. [ 34 ] created a standardized self - assessment inventory of visualization literacy based on chart familiarity. in addition to evaluating chart comprehension and familiarity, researchers also recognized that literacy could be assessed through higher levels of thinking, such as critical reflection of visualization takeaways and evaluations of argument quality from visualizations [ 13 ]. for example, to evaluate the critical thinking process of visualization literacy, ge et al. [ 35 ] created calvi by adding trick questions where misinformation is deliberately included. quadri et al. [ 67 ] assessed the viewer's high - level chart comprehension by qualitatively comparing the takeaways with theme analysis. adar and lee [ 1 ] introduced a learning objectives framework to evaluate how viewers comprehend communicative visualizations matching the designer's goal. these assessments were frequently adopted in other research to assess general visualization literacy [ 29, 47 ], understand barriers better [ 21, 58 ], or benchmark large language models'visualization literacy [ 4, 37, 61 ]. researchers also considered enhancing the reliability and efficiency of these standardized tests by slightly tuning their structures. for example, mini - vlat, a subset of vlat [ 46 ], was developed with comparable diagnostic capability. cui et al. [ 26 ] also devised a compressed version of calvi, which reduced the average test questionnaires by half [ 26 ]. despite these efforts, assessing literacy remains time - intensive, particularly across multiple cognitive levels in bloom's taxonomy [ 31 ], from basic comprehension to critical thinking. this further motivated us to estimate literacy levels efficiently. although standardized tests provide individual score - based assessments, researchers typically group people to understand their common aspects better. for example, in the field of education, persky et al. [ 65 ] proposed a framework comprising five stages of expertise, ranging from beginner to expert, drawing inspiration from the dreyfus model [ 30 ], which similarly categorizes adults'skill acquisition into five distinct phases. reding et al. [",
      "query": "What is the main problem or motivation addressed in this paper?"
    },
    {
      "vector_id": 1824,
      "score": 0.5656878352165222,
      "text": "critical thinking ( calvi ) reached 97 %, self - assessment ( sgl ) 90 %, and basic comprehension ( mini - vlat ) 87 %. however, contrary to the expectation that incorporating information from additional charts would enhance performance, accuracy did not improve significantly with added charts and visual attention maps. this indicates a limit to the meaningful information that can be extracted from visual attention maps, beyond which the model begins to learn noise rather than meaningful patterns. comparing the results among the literacy types, we observe that calvi's prediction accuracy is almost always higher than mini - vlat and sgl. this suggests that the difference in critical thinking ability is shown most vividly as the difference in the attention pattern. in comparison, the mini - vlat's accuracy was significantly lower than the other two tests, suggesting that the general comprehension level is more difficult to capture only based on the visual attention patterns. the optimal charts and tasks selected by the greedy algorithm are shown in the bottom of figure 9, which illustrates the ranking of the charts that contributed most to distinguishing experts from novices in literacy level prediction based on visual attention maps. the top three items ( v6, v3, v1 ) with the highest average accuracy were from the mini - vlat test. this suggests that the critical thinking ability measured by calvi, can be captured even through vlat questions without relying on trick questions. we discuss this deeper in section 7. analyzing feature importance to support our trained sal2lit model's robustness of its prediction performance, we analyzed which feature ( from section 4. 6 ) contributed the most to the model's prediction. we applied the integrated gradient ( ig ) [ 54 ] technique to measure how each feature strongly affects the gradient flow. the impact is calculated by aggregating the gradient value in our model f, starting from the baseline feature v 0 = 0 to our test data's feature v. this is formulated as : ig ( v ) = v 1 0 ∇ v f ( αv ) dα ( 3 ) the result of applying ig to the binary - level prediction model is plotted in figure 7 as a blue color scale of the predictive model. among the within - map descriptive features ( see section 2. 2 ), click counts had the highest regression coefficient ( computed from our user study results ), but shannon entropy had the highest feature importance from our sal2lit model ) despite a low regression coefficient. this discrepancy between empirical user - driven results and model - based interpretation suggests a",
      "query": "What is the main problem or motivation addressed in this paper?"
    },
    {
      "vector_id": 1810,
      "score": 0.5434530377388,
      "text": "degree. regarding visualization experience, 83 participants reported occasionally reading data visualizations, while 59 did so frequently. additionally, 43 occasionally created visualizations for work or hobbies, and 30 reported often creating data visualizations. all participants were compensated at a rate of $ 12 per hour. methodology visualization literacy tests : since visualization literacy can be assessed in multiple ways ( section 2. 2 ), we employed three complementary approaches for a more comprehensive measurement : mini - vlat [ 46 ] ( basic literacy ), abridged calvi [ 35 ] ( critical thinking ), and sgl [ 34 ] ( self - assessment ). we used the mini - vlat [ 62 ] to assess basic comprehension to ensure the study runs for a manageable length. for critical thinking, because the full - length calvi [ 35 ] consists of 47 trick questions and requires over 45 minutes to complete, we selected a 15 - item subset with the highest discriminability, following the authors'recommendation in subsequent work by cui et al. [ 26 ]. this combination of mini - vlat and abridged calvi contains both questions with and without misinformation, which ge et al. [ 35 ] have demonstrated to support participants'critical thinking process. sgl, being a standalone, short self - assessment, was administered in its entirety. capturing viewing patterns through attention proxy we also showed each visualization on mini - vlat and abridged calvi with the bubbleview [ 40 ] interface to collect the viewing pattern when taking the tests. while traditional eye - tracking hardware is effective, it can be cumbersome for collecting large - scale attention data. recent research has validated mouse - based proxies as reliable alternatives for capturing attention from images [ 17, 19, 40, 57, 59, 63, 72 ]. therefore, we used a mouse - based proxy, bubbleview [ 40 ], for data collection, especially suited for capturing intentional attention. the bubble size was initially set to 32px and then adjusted based on each participant's screen. this ensured consistent bubble sizes across different images and display resolutions, aligning with the size of human foveal vision [ 40, 86 ]. from the collected stream of click records, we generated a continuous 2d attention map by applying a gaussian blur to the bubbles, using a kernel with a sigma of 19px, approximately the same as 1 degree of visual angle [ 15, 40 ]. our pilot study ( 40 participants ) showed that 95 %",
      "query": "What method or approach is proposed? Summarize the core idea and components."
    },
    {
      "vector_id": 1823,
      "score": 0.6443941593170166,
      "text": "rate of 1 × 10 - 4 for optimization. a batch size of 256 was chosen to maximize the gpu memory usage. the model was trained for a maximum of 150 epochs, with early stopping implemented to mitigate overfitting. greedy subset selection for influential charts we aim for our visual attention - based model to supplement literacy tests by efficiently predicting literacy using only a few charts, minimizing time and effort. exhaustively evaluating all possible chart item combinations is computationally expensive, so we applied a greedy selection algorithm to approximate the optimal subset. in this approach, we first identified the single chart item with the highest prediction accuracy when used alone. this was the bar chart from the mini - vlat ( v6 ), as shown in figure 9. we then iteratively added one chart item at a time, each time selecting the item that produced the most significant improvement in prediction accuracy when combined with the previously selected items. accuracy was measured as the average across the three literacy tests. this process continued until every chart item was added. through this strategy, we efficiently identified a highperforming set of charts for literacy prediction without evaluating all possible combinations. we also leave how to average three literacy scores'accuracy as a controllable parameter. for example, in some cases, the literacy level of comprehension ( vlat ) would be preferred over critical thinking ( calvi ), where all charts are proven to have no misinformation. based on these scenarios, we can apply a weighted average to prioritize vlat over calvi and sgl. evaluation we evaluated the trained sal2lit model based on the accuracy of its prediction results. the summarized results are plotted in figure 9. overall accuracy matching the intuition, the accuracy for binary classification of literacy level was generally higher than on more diverse levels in all three tests. our model could predict the binary literacy level with an average accuracy of 86 % in all three literacy levels using only one visual attention map ( mini - vlat : 73 %, calvi : 93 %, sgl : 90 % ). moreover, the accuracy exceeded 87 % across all three tests using only three visualizations'attention maps : critical thinking ( calvi ) reached 97 %, self - assessment ( sgl ) 90 %, and basic comprehension ( mini - vlat ) 87 %. however, contrary to the expectation that incorporating information from additional charts would enhance performance, accuracy did not improve significantly with added charts and visual attention maps. this indicates a limit to the meaningful information that can be extracted from visual attention",
      "query": "What experiments or evaluation setup are used (datasets, tasks, metrics)?"
    },
    {
      "vector_id": 1812,
      "score": 0.5641239285469055,
      "text": "c : number of choices ) to account for random guessing, as recommended by the authors [ 62 ], while calvi and sgl used raw scores. throughout the paper, we refer to the normalized scores for all three tests instead of the raw scores unless stated otherwise. each test score distribution resembled a normal distribution, with the mini - vlat exhibiting the widest and most balanced spread. regarding the balancedness of each test, we measured pearson's third - moment coefficient of skewness. mini - vlat and calvi are slightly skewed to the left and right, respectively. sgl was highly left - skewed, showing a ceiling effect. relationships between literacy assessment scores the ceiling effect observed in sgl [ 34 ] correlates with performance on the mini - vlat [ 62 ] with a resemblance to the dunning - kruger effect [ 20, 42 ]. figure 4 presents a regression plot of mini - vlat scores against calvi and sgl scores, highlighting this phenomenon. participants with very low or moderately high mini - vlat performance estimated their literacy to be low in the self - assessment ( sgl ). in contrast, those with slightly low or exceptionally high vlat performance estimated their literacy to be high in sgl. we formally characterize the relationship between mini - vlat and sgl by analyzing the variance explained in a polynomial regression model. as the polynomial degree increases, the model captures more variance and becomes more complex. to balance model fit and complexity, we identify the elbow point where r 2 shows minimal improvement with additional degrees. this occurs at degree three, indicating that a third - degree polynomial provides the optimal trade - off. this allows us to express the relationship between sgl and vlat performance as follows : s = 0. 598 + 1. 216 • v - 2. 619 • v 2 + 1. 708 • v 3 ( 1 ) where s refers to sgl and v to the mini - vlat score. the extreme points where the dunning - kruger effect occurs are v = 0. 36 and 0. 67. similarly, we fit a polynomial regression model to describe the calvi score with mini - vlat. r 2 score had the elbow point on the fourth - degree polynomial, showing optimal trade - offs. the expressed relationship is : c = 0. 112 + 1. 267 • v - 4. 852 • v 2 + 7. 989 • v 3 - 4. 046 • v 4 ( 2 ) where c is the",
      "query": "What are the main results or findings? Include numeric results only if present."
    },
    {
      "vector_id": 1828,
      "score": 0.6102958917617798,
      "text": "and bottom 25 % of participants. in the attention maps, red regions indicate areas of higher visual attention, while blue regions indicate lower attention. the difference map highlights areas where high - performers exhibited greater attention in purple and where low - performers did in orange. fig. 7 : 7 fig. 7 : relative feature importance from linear regression ( section 4. 6. 1 ) and sal2lit model ( section 6. 3. 2 ). darker color represents higher importance in both colors. the linear regression's red color represents the coefficients'absolute value with a corresponding significance level ( * : p < 0. 05, * * : p < 0. 01, * * * : p < 0. 001 ), and blue represents the sal2lit model's feature importance calculated with integrated gradients [ 54 ]. fig. 8 : 8 fig. 8 : ( top ) description of hypothesis on a similarity in attention map where experts and novices would have common areas in attention. ( bottom ) the similarity of individual attention map against two groups calculated with negated kl - d. only experts'attention converges into a certain pattern. see section 4. 6. 2 for further analysis. capture a participant's attention distribution and focus within a single visualization, following methods from wang et al. [ 86 ]. higher se and sc values indicate a more broad and dispersed attention map, reflecting less focused viewing patterns. lower values indicate more concentrated attention. • minsuk chang, yuanhong zhou, and cindy xiong bearfield is with georgiatech. e - mail : { minsuk, yzhou842, cxiong } @ gatech. edu • yao wang and andreas bulling is with university of stuttgart. e - mail : { yao. wang, andreas. bulling } @ vis. uni - stuttgart. de • huichen will wang is with university of washington. e - mail : wwill @ cs. washington. edu manuscript received xx xxx. 201x ; accepted xx xxx. 201x. date of publication xx xxx. 201x ; date of current version xx xxx. 201x. for information on obtaining reprints of this article, please send e - mail to : reprints @ ieee. org. digital object identifier : xx. xxxx / tvcg. 201x. xxxxxxx table 1 : 1 categorygroup coverage iou pair iou iou labels iou legend accuracy correct incorrect 0. 045 0. 04",
      "query": "What are the key contributions and significance of this work?"
    },
    {
      "vector_id": 1825,
      "score": 0.5983362197875977,
      "text": "of the predictive model. among the within - map descriptive features ( see section 2. 2 ), click counts had the highest regression coefficient ( computed from our user study results ), but shannon entropy had the highest feature importance from our sal2lit model ) despite a low regression coefficient. this discrepancy between empirical user - driven results and model - based interpretation suggests a non - linear relationship of entropy value predicting literacy. among between - group comparative features, kl - d showed both high feature importance and regression coefficients. note that the calculated feature importance reflects the behavior of the trained model and does not necessarily indicate generalizable knowledge. conclusion : our sal2lit model accurately predicts visualization literacy using features from as few as three visual attention maps, validating our hypotheses that viewing patterns can effectively distinguish between varying levels of literacy. discussion several findings in our study offer new insights into how visual attention reflects literacy and critical thinking. implications for adaptive visualization and scaffolding. our study reveals diverging behavior among literacy levels : experts show focused,'convergent'attention on contextual elements like titles, while novices display dispersed, divergent'visual exploration. we reflect on our findings to consider their implications for adaptive visualization design. while our current findings do not allow for any causal conclusions about whether novices become disoriented within the visualization or whether the visualization itself fails to guide them, we propose two plausible explanations. on one hand, novices may be more susceptible to cognitive overload when faced with unfamiliar visual structures, leaving them uncertain about where to begin extracting information. on the other hand, the visualization might not be designed to help certain viewers locate key patterns, increasing the likelihood of incorrect responses on comprehension critical thinking questions. in both scenarios, an adaptive system that detects disoriented viewing patterns could intervene with visual cues, like highlighting axes or annotations, to support user understanding. however, we acknowledge the risk that such designs may reduce user agency. as every visualization is a rhetorical device with multiple possible interpretations [ 3 ], adaptive systems must be designed with careful attention to the story the visualization intends to convey. redefining critical thinking in visualization. in our experiment, viewing patterns on mini - vlat charts, which contained no misinformation, were strongly predictive of calvi test scores. this finding suggests the presence of expert - like viewing behaviors associated with critical thinking, particularly those involving scrutiny of a chart's structure. these results",
      "query": "What are the key contributions and significance of this work?"
    }
  ],
  "rag_by_query": {
    "What is the main problem or motivation addressed in this paper?": [
      {
        "vector_id": 1807,
        "score": 0.5823497772216797,
        "text": "update the charts. rodrigues et al. [ 70 ] explored how novices attempt to interpret visualizations by letting them ask questions rather than responding to predefined ones. however, these domain - specific and exploratory methodologies limited the generalizability of research findings and comparability across different studies. to address this gap, lee et al. [ 46 ] proposed vlat, a standardized test assessing basic chart comprehension across diverse visualization types and tasks. garcia et al. [ 34 ] created a standardized self - assessment inventory of visualization literacy based on chart familiarity. in addition to evaluating chart comprehension and familiarity, researchers also recognized that literacy could be assessed through higher levels of thinking, such as critical reflection of visualization takeaways and evaluations of argument quality from visualizations [ 13 ]. for example, to evaluate the critical thinking process of visualization literacy, ge et al. [ 35 ] created calvi by adding trick questions where misinformation is deliberately included. quadri et al. [ 67 ] assessed the viewer's high - level chart comprehension by qualitatively comparing the takeaways with theme analysis. adar and lee [ 1 ] introduced a learning objectives framework to evaluate how viewers comprehend communicative visualizations matching the designer's goal. these assessments were frequently adopted in other research to assess general visualization literacy [ 29, 47 ], understand barriers better [ 21, 58 ], or benchmark large language models'visualization literacy [ 4, 37, 61 ]. researchers also considered enhancing the reliability and efficiency of these standardized tests by slightly tuning their structures. for example, mini - vlat, a subset of vlat [ 46 ], was developed with comparable diagnostic capability. cui et al. [ 26 ] also devised a compressed version of calvi, which reduced the average test questionnaires by half [ 26 ]. despite these efforts, assessing literacy remains time - intensive, particularly across multiple cognitive levels in bloom's taxonomy [ 31 ], from basic comprehension to critical thinking. this further motivated us to estimate literacy levels efficiently. although standardized tests provide individual score - based assessments, researchers typically group people to understand their common aspects better. for example, in the field of education, persky et al. [ 65 ] proposed a framework comprising five stages of expertise, ranging from beginner to expert, drawing inspiration from the dreyfus model [ 30 ], which similarly categorizes adults'skill acquisition into five distinct phases. reding et al. ["
      },
      {
        "vector_id": 1824,
        "score": 0.5656878352165222,
        "text": "critical thinking ( calvi ) reached 97 %, self - assessment ( sgl ) 90 %, and basic comprehension ( mini - vlat ) 87 %. however, contrary to the expectation that incorporating information from additional charts would enhance performance, accuracy did not improve significantly with added charts and visual attention maps. this indicates a limit to the meaningful information that can be extracted from visual attention maps, beyond which the model begins to learn noise rather than meaningful patterns. comparing the results among the literacy types, we observe that calvi's prediction accuracy is almost always higher than mini - vlat and sgl. this suggests that the difference in critical thinking ability is shown most vividly as the difference in the attention pattern. in comparison, the mini - vlat's accuracy was significantly lower than the other two tests, suggesting that the general comprehension level is more difficult to capture only based on the visual attention patterns. the optimal charts and tasks selected by the greedy algorithm are shown in the bottom of figure 9, which illustrates the ranking of the charts that contributed most to distinguishing experts from novices in literacy level prediction based on visual attention maps. the top three items ( v6, v3, v1 ) with the highest average accuracy were from the mini - vlat test. this suggests that the critical thinking ability measured by calvi, can be captured even through vlat questions without relying on trick questions. we discuss this deeper in section 7. analyzing feature importance to support our trained sal2lit model's robustness of its prediction performance, we analyzed which feature ( from section 4. 6 ) contributed the most to the model's prediction. we applied the integrated gradient ( ig ) [ 54 ] technique to measure how each feature strongly affects the gradient flow. the impact is calculated by aggregating the gradient value in our model f, starting from the baseline feature v 0 = 0 to our test data's feature v. this is formulated as : ig ( v ) = v 1 0 ∇ v f ( αv ) dα ( 3 ) the result of applying ig to the binary - level prediction model is plotted in figure 7 as a blue color scale of the predictive model. among the within - map descriptive features ( see section 2. 2 ), click counts had the highest regression coefficient ( computed from our user study results ), but shannon entropy had the highest feature importance from our sal2lit model ) despite a low regression coefficient. this discrepancy between empirical user - driven results and model - based interpretation suggests a"
      }
    ],
    "What method or approach is proposed? Summarize the core idea and components.": [
      {
        "vector_id": 1810,
        "score": 0.5434530377388,
        "text": "degree. regarding visualization experience, 83 participants reported occasionally reading data visualizations, while 59 did so frequently. additionally, 43 occasionally created visualizations for work or hobbies, and 30 reported often creating data visualizations. all participants were compensated at a rate of $ 12 per hour. methodology visualization literacy tests : since visualization literacy can be assessed in multiple ways ( section 2. 2 ), we employed three complementary approaches for a more comprehensive measurement : mini - vlat [ 46 ] ( basic literacy ), abridged calvi [ 35 ] ( critical thinking ), and sgl [ 34 ] ( self - assessment ). we used the mini - vlat [ 62 ] to assess basic comprehension to ensure the study runs for a manageable length. for critical thinking, because the full - length calvi [ 35 ] consists of 47 trick questions and requires over 45 minutes to complete, we selected a 15 - item subset with the highest discriminability, following the authors'recommendation in subsequent work by cui et al. [ 26 ]. this combination of mini - vlat and abridged calvi contains both questions with and without misinformation, which ge et al. [ 35 ] have demonstrated to support participants'critical thinking process. sgl, being a standalone, short self - assessment, was administered in its entirety. capturing viewing patterns through attention proxy we also showed each visualization on mini - vlat and abridged calvi with the bubbleview [ 40 ] interface to collect the viewing pattern when taking the tests. while traditional eye - tracking hardware is effective, it can be cumbersome for collecting large - scale attention data. recent research has validated mouse - based proxies as reliable alternatives for capturing attention from images [ 17, 19, 40, 57, 59, 63, 72 ]. therefore, we used a mouse - based proxy, bubbleview [ 40 ], for data collection, especially suited for capturing intentional attention. the bubble size was initially set to 32px and then adjusted based on each participant's screen. this ensured consistent bubble sizes across different images and display resolutions, aligning with the size of human foveal vision [ 40, 86 ]. from the collected stream of click records, we generated a continuous 2d attention map by applying a gaussian blur to the bubbles, using a kernel with a sigma of 19px, approximately the same as 1 degree of visual angle [ 15, 40 ]. our pilot study ( 40 participants ) showed that 95 %"
      }
    ],
    "What experiments or evaluation setup are used (datasets, tasks, metrics)?": [
      {
        "vector_id": 1823,
        "score": 0.6443941593170166,
        "text": "rate of 1 × 10 - 4 for optimization. a batch size of 256 was chosen to maximize the gpu memory usage. the model was trained for a maximum of 150 epochs, with early stopping implemented to mitigate overfitting. greedy subset selection for influential charts we aim for our visual attention - based model to supplement literacy tests by efficiently predicting literacy using only a few charts, minimizing time and effort. exhaustively evaluating all possible chart item combinations is computationally expensive, so we applied a greedy selection algorithm to approximate the optimal subset. in this approach, we first identified the single chart item with the highest prediction accuracy when used alone. this was the bar chart from the mini - vlat ( v6 ), as shown in figure 9. we then iteratively added one chart item at a time, each time selecting the item that produced the most significant improvement in prediction accuracy when combined with the previously selected items. accuracy was measured as the average across the three literacy tests. this process continued until every chart item was added. through this strategy, we efficiently identified a highperforming set of charts for literacy prediction without evaluating all possible combinations. we also leave how to average three literacy scores'accuracy as a controllable parameter. for example, in some cases, the literacy level of comprehension ( vlat ) would be preferred over critical thinking ( calvi ), where all charts are proven to have no misinformation. based on these scenarios, we can apply a weighted average to prioritize vlat over calvi and sgl. evaluation we evaluated the trained sal2lit model based on the accuracy of its prediction results. the summarized results are plotted in figure 9. overall accuracy matching the intuition, the accuracy for binary classification of literacy level was generally higher than on more diverse levels in all three tests. our model could predict the binary literacy level with an average accuracy of 86 % in all three literacy levels using only one visual attention map ( mini - vlat : 73 %, calvi : 93 %, sgl : 90 % ). moreover, the accuracy exceeded 87 % across all three tests using only three visualizations'attention maps : critical thinking ( calvi ) reached 97 %, self - assessment ( sgl ) 90 %, and basic comprehension ( mini - vlat ) 87 %. however, contrary to the expectation that incorporating information from additional charts would enhance performance, accuracy did not improve significantly with added charts and visual attention maps. this indicates a limit to the meaningful information that can be extracted from visual attention"
      }
    ],
    "What are the main results or findings? Include numeric results only if present.": [
      {
        "vector_id": 1812,
        "score": 0.5641239285469055,
        "text": "c : number of choices ) to account for random guessing, as recommended by the authors [ 62 ], while calvi and sgl used raw scores. throughout the paper, we refer to the normalized scores for all three tests instead of the raw scores unless stated otherwise. each test score distribution resembled a normal distribution, with the mini - vlat exhibiting the widest and most balanced spread. regarding the balancedness of each test, we measured pearson's third - moment coefficient of skewness. mini - vlat and calvi are slightly skewed to the left and right, respectively. sgl was highly left - skewed, showing a ceiling effect. relationships between literacy assessment scores the ceiling effect observed in sgl [ 34 ] correlates with performance on the mini - vlat [ 62 ] with a resemblance to the dunning - kruger effect [ 20, 42 ]. figure 4 presents a regression plot of mini - vlat scores against calvi and sgl scores, highlighting this phenomenon. participants with very low or moderately high mini - vlat performance estimated their literacy to be low in the self - assessment ( sgl ). in contrast, those with slightly low or exceptionally high vlat performance estimated their literacy to be high in sgl. we formally characterize the relationship between mini - vlat and sgl by analyzing the variance explained in a polynomial regression model. as the polynomial degree increases, the model captures more variance and becomes more complex. to balance model fit and complexity, we identify the elbow point where r 2 shows minimal improvement with additional degrees. this occurs at degree three, indicating that a third - degree polynomial provides the optimal trade - off. this allows us to express the relationship between sgl and vlat performance as follows : s = 0. 598 + 1. 216 • v - 2. 619 • v 2 + 1. 708 • v 3 ( 1 ) where s refers to sgl and v to the mini - vlat score. the extreme points where the dunning - kruger effect occurs are v = 0. 36 and 0. 67. similarly, we fit a polynomial regression model to describe the calvi score with mini - vlat. r 2 score had the elbow point on the fourth - degree polynomial, showing optimal trade - offs. the expressed relationship is : c = 0. 112 + 1. 267 • v - 4. 852 • v 2 + 7. 989 • v 3 - 4. 046 • v 4 ( 2 ) where c is the"
      }
    ],
    "What are the key contributions and significance of this work?": [
      {
        "vector_id": 1828,
        "score": 0.6102958917617798,
        "text": "and bottom 25 % of participants. in the attention maps, red regions indicate areas of higher visual attention, while blue regions indicate lower attention. the difference map highlights areas where high - performers exhibited greater attention in purple and where low - performers did in orange. fig. 7 : 7 fig. 7 : relative feature importance from linear regression ( section 4. 6. 1 ) and sal2lit model ( section 6. 3. 2 ). darker color represents higher importance in both colors. the linear regression's red color represents the coefficients'absolute value with a corresponding significance level ( * : p < 0. 05, * * : p < 0. 01, * * * : p < 0. 001 ), and blue represents the sal2lit model's feature importance calculated with integrated gradients [ 54 ]. fig. 8 : 8 fig. 8 : ( top ) description of hypothesis on a similarity in attention map where experts and novices would have common areas in attention. ( bottom ) the similarity of individual attention map against two groups calculated with negated kl - d. only experts'attention converges into a certain pattern. see section 4. 6. 2 for further analysis. capture a participant's attention distribution and focus within a single visualization, following methods from wang et al. [ 86 ]. higher se and sc values indicate a more broad and dispersed attention map, reflecting less focused viewing patterns. lower values indicate more concentrated attention. • minsuk chang, yuanhong zhou, and cindy xiong bearfield is with georgiatech. e - mail : { minsuk, yzhou842, cxiong } @ gatech. edu • yao wang and andreas bulling is with university of stuttgart. e - mail : { yao. wang, andreas. bulling } @ vis. uni - stuttgart. de • huichen will wang is with university of washington. e - mail : wwill @ cs. washington. edu manuscript received xx xxx. 201x ; accepted xx xxx. 201x. date of publication xx xxx. 201x ; date of current version xx xxx. 201x. for information on obtaining reprints of this article, please send e - mail to : reprints @ ieee. org. digital object identifier : xx. xxxx / tvcg. 201x. xxxxxxx table 1 : 1 categorygroup coverage iou pair iou iou labels iou legend accuracy correct incorrect 0. 045 0. 04"
      },
      {
        "vector_id": 1825,
        "score": 0.5983362197875977,
        "text": "of the predictive model. among the within - map descriptive features ( see section 2. 2 ), click counts had the highest regression coefficient ( computed from our user study results ), but shannon entropy had the highest feature importance from our sal2lit model ) despite a low regression coefficient. this discrepancy between empirical user - driven results and model - based interpretation suggests a non - linear relationship of entropy value predicting literacy. among between - group comparative features, kl - d showed both high feature importance and regression coefficients. note that the calculated feature importance reflects the behavior of the trained model and does not necessarily indicate generalizable knowledge. conclusion : our sal2lit model accurately predicts visualization literacy using features from as few as three visual attention maps, validating our hypotheses that viewing patterns can effectively distinguish between varying levels of literacy. discussion several findings in our study offer new insights into how visual attention reflects literacy and critical thinking. implications for adaptive visualization and scaffolding. our study reveals diverging behavior among literacy levels : experts show focused,'convergent'attention on contextual elements like titles, while novices display dispersed, divergent'visual exploration. we reflect on our findings to consider their implications for adaptive visualization design. while our current findings do not allow for any causal conclusions about whether novices become disoriented within the visualization or whether the visualization itself fails to guide them, we propose two plausible explanations. on one hand, novices may be more susceptible to cognitive overload when faced with unfamiliar visual structures, leaving them uncertain about where to begin extracting information. on the other hand, the visualization might not be designed to help certain viewers locate key patterns, increasing the likelihood of incorrect responses on comprehension critical thinking questions. in both scenarios, an adaptive system that detects disoriented viewing patterns could intervene with visual cues, like highlighting axes or annotations, to support user understanding. however, we acknowledge the risk that such designs may reduce user agency. as every visualization is a rhetorical device with multiple possible interpretations [ 3 ], adaptive systems must be designed with careful attention to the story the visualization intends to convey. redefining critical thinking in visualization. in our experiment, viewing patterns on mini - vlat charts, which contained no misinformation, were strongly predictive of calvi test scores. this finding suggests the presence of expert - like viewing behaviors associated with critical thinking, particularly those involving scrutiny of a chart's structure. these results"
      }
    ]
  },
  "rag_prompt": "You are writing an academic abstract using the provided context.\nKeyword: visual_understanding\n\nContext:\n[Chunk 1] update the charts. rodrigues et al. [ 70 ] explored how novices attempt to interpret visualizations by letting them ask questions rather than responding to predefined ones. however, these domain - specific and exploratory methodologies limited the generalizability of research findings and comparability across different studies. to address this gap, lee et al. [ 46 ] proposed vlat, a standardized test assessing basic chart comprehension across diverse visualization types and tasks. garcia et al. [ 34 ] created a standardized self - assessment inventory of visualization literacy based on chart familiarity. in addition to evaluating chart comprehension and familiarity, researchers also recognized that literacy could be assessed through higher levels of thinking, such as critical reflection of visualization takeaways and evaluations of argument quality from visualizations [ 13 ]. for example, to evaluate the critical thinking process of visualization literacy, ge et al. [ 35 ] created calvi by adding trick questions where misinformation is deliberately included. quadri et al. [ 67 ] assessed the viewer's high - level chart comprehension by qualitatively comparing the takeaways with theme analysis. adar and lee [ 1 ] introduced a learning objectives framework to evaluate how viewers comprehend communicative visualizations matching the designer's goal. these assessments were frequently adopted in other research to assess general visualization literacy [ 29, 47 ], understand barriers better [ 21, 58 ], or benchmark large language models'visualization literacy [ 4, 37, 61 ]. researchers also considered enhancing the reliability and efficiency of these standardized tests by slightly tuning their structures. for example, mini - vlat, a subset of vlat [ 46 ], was developed with comparable diagnostic capability. cui et al. [ 26 ] also devised a compressed version of calvi, which reduced the average test questionnaires by half [ 26 ]. despite these efforts, assessing literacy remains time - intensive, particularly across multiple cognitive levels in bloom's taxonomy [ 31 ], from basic comprehension to critical thinking. this further motivated us to estimate literacy levels efficiently. although standardized tests provide individual score - based assessments, researchers typically group people to understand their common aspects better. for example, in the field of education, persky et al. [ 65 ] proposed a framework comprising five stages of expertise, ranging from beginner to expert, drawing inspiration from the dreyfus model [ 30 ], which similarly categorizes adults'skill acquisition into five distinct phases. reding et al. [\n\n[Chunk 2] critical thinking ( calvi ) reached 97 %, self - assessment ( sgl ) 90 %, and basic comprehension ( mini - vlat ) 87 %. however, contrary to the expectation that incorporating information from additional charts would enhance performance, accuracy did not improve significantly with added charts and visual attention maps. this indicates a limit to the meaningful information that can be extracted from visual attention maps, beyond which the model begins to learn noise rather than meaningful patterns. comparing the results among the literacy types, we observe that calvi's prediction accuracy is almost always higher than mini - vlat and sgl. this suggests that the difference in critical thinking ability is shown most vividly as the difference in the attention pattern. in comparison, the mini - vlat's accuracy was significantly lower than the other two tests, suggesting that the general comprehension level is more difficult to capture only based on the visual attention patterns. the optimal charts and tasks selected by the greedy algorithm are shown in the bottom of figure 9, which illustrates the ranking of the charts that contributed most to distinguishing experts from novices in literacy level prediction based on visual attention maps. the top three items ( v6, v3, v1 ) with the highest average accuracy were from the mini - vlat test. this suggests that the critical thinking ability measured by calvi, can be captured even through vlat questions without relying on trick questions. we discuss this deeper in section 7. analyzing feature importance to support our trained sal2lit model's robustness of its prediction performance, we analyzed which feature ( from section 4. 6 ) contributed the most to the model's prediction. we applied the integrated gradient ( ig ) [ 54 ] technique to measure how each feature strongly affects the gradient flow. the impact is calculated by aggregating the gradient value in our model f, starting from the baseline feature v 0 = 0 to our test data's feature v. this is formulated as : ig ( v ) = v 1 0 ∇ v f ( αv ) dα ( 3 ) the result of applying ig to the binary - level prediction model is plotted in figure 7 as a blue color scale of the predictive model. among the within - map descriptive features ( see section 2. 2 ), click counts had the highest regression coefficient ( computed from our user study results ), but shannon entropy had the highest feature importance from our sal2lit model ) despite a low regression coefficient. this discrepancy between empirical user - driven results and model - based interpretation suggests a\n\nConstraints: Use only the context. Do not invent datasets, baselines, or numerical results.\nIf results are not stated, describe them generally.\n\nWrite a concise abstract (150-250 words).",
  "rag_output": "The assessment of visual understanding, a critical aspect of literacy, has been hindered by the lack of standardized and comparable methodologies. Recent studies have proposed various assessments, including VLAT, CALVI, and SGL, to evaluate chart comprehension, critical thinking, and self-assessment. However, these tests are often time-intensive and may not capture the full spectrum of cognitive levels in Bloom's taxonomy. This study aims to estimate literacy levels efficiently and explore the potential of machine learning in predicting visual understanding.\nOur analysis reveals that incorporating information from additional charts and visual attention maps may not enhance performance, indicating a limit to the meaningful information that can be extracted from these tools. We also observe that critical thinking ability, as measured by CALVI, can be captured through VLAT questions without relying on trick questions. Furthermore, our machine learning model, Sal2Lit, demonstrates robust prediction performance, with feature importance analysis revealing that Shannon entropy has the highest feature importance despite a low regression coefficient.\nThis study contributes to the development of more efficient and effective assessments of visual understanding, with implications for education and research in the field of visualization literacy.",
  "metrics": {
    "hwt": {
      "llama": {
        "perplexity": 31.53732846903916,
        "burstness": 3.3671875,
        "curvature": 0.17460937500000018
      },
      "gpt2": {
        "perplexity": 45.79700747446617,
        "burstness": 3.6015625,
        "curvature": 0.22646484374999964
      }
    },
    "only_llm": {
      "llama": {
        "perplexity": 3.538390189544906,
        "burstness": 1.4755859375,
        "curvature": 0.34931640625000004
      },
      "gpt2": {
        "perplexity": 9.267952672428878,
        "burstness": 1.974609375,
        "curvature": 0.3135742187499999
      }
    },
    "rag": {
      "llama": {
        "perplexity": 13.643746025356307,
        "burstness": 3.01171875,
        "curvature": 0.1514648437499999
      },
      "gpt2": {
        "perplexity": 23.16350836406023,
        "burstness": 2.826171875,
        "curvature": 0.18339843750000018
      }
    }
  }
}