{
  "paper_id": "2510.21697v1",
  "keyword": "visual_understanding",
  "source_path": "papers/outputs/visual_understanding/2510.21697v1.json",
  "abstract_hwt": "In this paper we show that visual diffusion models can serve as effective geometric solvers: they can directly reason about geometric problems by working in pixel space. We first demonstrate this on the Inscribed Square Problem, a long-standing problem in geometry that asks whether every Jordan curve contains four points forming a square. We then extend the approach to two other well-known hard geometric problems: the Steiner Tree Problem and the Simple Polygon Problem. Our method treats each problem instance as an image and trains a standard visual diffusion model that transforms Gaussian noise into an image representing a valid approximate solution that closely matches the exact one. The model learns to transform noisy geometric structures into correct configurations, effectively recasting geometric reasoning as image generation. Unlike prior work that necessitates specialized architectures and domain-specific adaptations when applying diffusion to parametric geometric representations, we employ a standard visual diffusion model that operates on the visual representation of the problem. This simplicity highlights a surprising bridge between generative modeling and geometric problem solving. Beyond the specific problems studied here, our results point toward a broader paradigm: operating in image space provides a general and practical framework for approximating notoriously hard problems, and opens the door to tackling a far wider class of challenging geometric tasks. introduction Diffusion models have emerged as a transformative force in generative AI. Initially developed for image synthesis, they have quickly proven to be among the most powerful and versatile generative models across a wide range of media, including audio, video, and 3D content. Their ability to progressively denoise random signals into coherent and high-fidelity samples has enabled breakthrough applications, from photorealistic image generation to controllable editing and cross-modal translation. Beyond their remarkable empirical success, diffusion models are increasingly recognized as a general framework for modeling complex, multimodal distributions. In this work, we take a different perspective on diffusion models: rather than focusing on their creative generative capacity, we demonstrate their potential as solvers of hard geometric problems. We show that the sampling process of diffusion can be harnessed to directly reason about and discover geometric structures, guided only by pixel-level formulations of the problem. This visual diffusion approach allows us to treat abstract geometric challenges as image generation tasks, bridging the gap between visual synthesis and mathematical problem-solving. * Equal contribution.",
  "abstract_only_llm": "Recent advancements in computer vision have led to significant breakthroughs in visual understanding, enabling models to tackle complex tasks directly in pixel space. This abstract introduces a novel visual diffusion approach for solving hard geometric problems, which leverages the power of pixel-level representation to find optimal solutions. We demonstrate the efficacy of this approach on the Inscribed Square Problem, a classic geometric challenge that involves finding a square with vertices lying on a given curve.\nBy operating in pixel space, our visual diffusion model can directly manipulate and refine visual representations to satisfy geometric constraints, bypassing the need for intermediate representations or explicit geometric reasoning. This approach enables the model to explore a vast solution space and converge on optimal solutions, even in the presence of complex constraints. The visual diffusion approach has the potential to generalize to a wide range of geometric problems, offering a new paradigm for visual understanding and problem-solving. Our work contributes to the development of more robust and efficient visual models, which can tackle real-world geometric challenges with unprecedented accuracy and flexibility.",
  "abstract_rag": "We propose a novel visual diffusion approach to solve hard geometric problems, focusing on the inscribed square problem as a central case study. This problem, first posed in 1911, asks whether every Jordan curve in the Euclidean plane contains four points that form a square. Our method leverages a conditional diffusion model to generate solutions in pixel space, demonstrating capabilities and limitations in addressing this task. We also explore the application of our approach to other geometric problems, including the maximum area polygon problem.\nOur visual diffusion formulation addresses the task by structuring the paper around a set of case studies on well-known challenges. Each case study begins with the problem statement and its mathematical context, followed by a brief review of existing methods. We describe how our imagespace diffusion formulation addresses the task, highlighting its capabilities and limitations.\nOur approach demonstrates the potential of visual diffusion for solving hard geometric problems, with promising results on the inscribed square problem and other challenges. The method's ability to generate high-quality solutions even for instances with a large number of input points is particularly noteworthy.",
  "only_llm_summary": "Figure 1 : We introduce a visual diffusion approach to solving hard geometric problems directly in pixel space. Shown here on the Inscribed Square Problem, where we task the model with finding a square such that all of its four vertices lie on a given curve.",
  "only_llm_body": "Figure 1 : We introduce a visual diffusion approach to solving hard geometric problems directly in pixel space. Shown here on the Inscribed Square Problem, where we task the model with finding a square such that all of its four vertices lie on a given curve. Our method uncovers diverse approximate solutions, corresponding to different random seeds. Diffusion models have been used in various contexts to tackle optimization and reasoning problems, including combinatorial tasks such as the traveling salesman problem [26, 36, 40] . These approaches typically formulate the problem in symbolic or graphbased representations, leveraging the probabilistic nature of diffusion to search solution spaces. In contrast, our method operates purely in the visual domain. By representing geometric problems as images and reasoning directly in pixel space, we exploit the intrinsic strength of diffusion models in handling multimodal distributions and ambiguous solutions. This visual formulation makes our approach fundamentally distinct from prior problem-solving applications of diffusion. To ground our approach, we begin with the Inscribed Square Problem, a long-standing problem that asks whether every simple closed curve in the plane admits an inscribed square. The problem is still unsolved in the general case. Furthermore, a given curve may admit multiple and often very different inscribed squares, and enumerating them is non-trivial even in restricted settings [42] . This multiplicity naturally\n\nput points. This is evident in the third row, where the solution produced by the noise initialization contains a loop and is not a tree. Maximum Area Polygon Problem The third problem we attempt to tackle with our approach is the Maximum Area Polygonization Problem (MAXAP), a well-established problem in computational geometry. Given a set of vertices in the plane, the problem asks to find a simple polygon (a polygon that does not intersect itself and has no holes) that passes through all the vertices and has the largest possible area. MAXAP is known to be NP-complete [14, 15] and difficult to solve both in theory and in practice [16] , with no known algorithm that provides better than 1 2 -approximation factor in polynomial time. Furthermore, deciding whether there exists a simple polygon that contains strictly more than 2/3 of the area of the convex hull is also NP-complete [14] . Exact approaches based on integer programming are able to solve instances with up to 25 points [16] , whi\n\n𝑥 0 predictions for decreasing timesteps 𝑡 from left to right (leftmost: 𝑡=𝑇 ; rightmost: 𝑡=0). Input points are overlayed in red. 0.953 0.9887 ± 0.0205 0.7711 ± 0.1361 0.574 13-15 0.620 0.9624 ± 0.0418 0.4779 ± 0.2717 0.062 6 Discussion and Conclusions Table 2 : 2 Steiner Tree Evaluation Results. Comparison of our method, MST, and random solutions. Reported are valid tree rates and mean Euclidean length ratios (± std) relative to the optimal solution across input point ranges. #Input Valid Ours MST Random Points Rate Ratio Mean ± Std Ratio Mean ± Std Ratio Mean ± Std 10-20 0.996 1.0008 ± 0.0005 1.0363 ± 0.0124 1.8344 ± 0.2363 21-30 0.986 1.0018 ± 0.0011 1.0416 ± 0.0095 1.9044 ± 0.1827 31-40 0.834 1.0044 ± 0.0035 1.0470 ± 0.0079 1.8981 ± 0.1656 41-50 0.334 1.0092 ± 0.0055 1.0522 ± 0.0072 1.8605 ± 0.1425 Table 4 : 4 Regression Model Evaluation Results. Comparison of diffusion (best-of-10) and regression models. Reported are valid polygon rates and mean area ratios (± std) across input point ranges. Diffusion Regression #Input Valid Valid Diffusion Regression Points Rate Rate Ratio Mean ± Std Ratio Mean ± Std 7-12 0.953 0.361 0.9887 ± 0.0205 0.9994 ± 0.0025 13-15 0.620 0.016 0.9624 ± 0.0418 0.9988 ± 0.0031 (obtained by rotation), we sample a small number of representative ones to enrich the dataset. The samples are finally rasterized into 128 × 128 binary images, with curves as one-pixel-wide strokes and squares as filled shapes. In total, the dataset contains 100,000 examp",
  "only_llm_prompt": "You are writing an academic abstract.\nKeyword: visual_understanding\nBrief summary (2 sentences): Figure 1 : We introduce a visual diffusion approach to solving hard geometric problems directly in pixel space. Shown here on the Inscribed Square Problem, where we task the model with finding a square such that all of its four vertices lie on a given curve.\nConstraints: Do not invent datasets, baselines, or numerical results.\nIf results are not stated, describe them generally.\n\nWrite a concise abstract (150-250 words).",
  "only_llm_output": "Recent advancements in computer vision have led to significant breakthroughs in visual understanding, enabling models to tackle complex tasks directly in pixel space. This abstract introduces a novel visual diffusion approach for solving hard geometric problems, which leverages the power of pixel-level representation to find optimal solutions. We demonstrate the efficacy of this approach on the Inscribed Square Problem, a classic geometric challenge that involves finding a square with vertices lying on a given curve.\nBy operating in pixel space, our visual diffusion model can directly manipulate and refine visual representations to satisfy geometric constraints, bypassing the need for intermediate representations or explicit geometric reasoning. This approach enables the model to explore a vast solution space and converge on optimal solutions, even in the presence of complex constraints. The visual diffusion approach has the potential to generalize to a wide range of geometric problems, offering a new paradigm for visual understanding and problem-solving. Our work contributes to the development of more robust and efficient visual models, which can tackle real-world geometric challenges with unprecedented accuracy and flexibility.",
  "rag_queries": [
    "What is the main problem or motivation addressed in this paper?",
    "What method or approach is proposed? Summarize the core idea and components.",
    "What experiments or evaluation setup are used (datasets, tasks, metrics)?",
    "What are the main results or findings? Include numeric results only if present.",
    "What are the key contributions and significance of this work?"
  ],
  "rag_chunks": [
    {
      "vector_id": 1439,
      "score": 0.5516061186790466,
      "text": "up via an optimization - consistency objective, matching or surpassing multistep diffusion solvers performance with single - step generation plus a single gradient step. closer to our approach, some methods solve constrained problems in pixel - space representation. [ 20 ] train an unconditional diffusion model on pixel - space representations of tsp instances. they then solve new instances with stochastic optimization using a differential renderer, utilizing the prior of the learned model. differently from us, they optimize a parametric representation of the solution to a given instance, while we generate solutions with ddim sampling of a conditional model. [ 47 ] train a noise - prediction unet in pixel space on a visual representation of sudoku, which is another np - hard combinatorial problem. they depart from fully - parallel image diffusion by ( i ) assigning individual noise levels to patches, and ( ii ) sampling patches in a learned order or a hand - crafted order. they demonstrate that sampling order matters, and can substantially outperform a conditional ddpm baseline that operates fully in parallel. inscribed square problem we present our visual diffusion approach as a solver for hard geometric problems by structuring the paper around a set of case studies on well - known challenges. each case study begins with the problem statement and its mathematical context, followed by a brief review of existing methods. we then describe how our imagespace diffusion formulation addresses the task, highlighting both its capabilities and limitations. the first and central case we study is the inscribed square problem, which serves as an illustrative entry point into our approach. problem statement. the inscribed square problem, also known as toeplitz's square peg problem first posed in 1911, asks whether every jordan curve in the euclidean plane contains four points that form a square. formally, the conjecture states that for every jordan curve ⊂ r 2, there exist four points { 1, 2, 3, 4 } ⊂ such that 1, 2, 3, 4 are the vertices of a non - degenerate square. figure 2 illustrates this setting, showing a curve with several inscribed squares. the problem has since been resolved in several restricted settings. some works show the conjecture holds for convex and piecewise analytic curves [ 11 ] [ 12 ] [ 13 ] and later results prove it for 1 - smooth curves columns show selected 0 predictions for decreasing timesteps from left to right ( leftmost : = ; penultimate : = 0 ). for = 0 we",
      "query": "What is the main problem or motivation addressed in this paper?"
    },
    {
      "vector_id": 1445,
      "score": 0.5512112975120544,
      "text": "taken as a node position, with nodes falling within a small radius of an input terminal being snapped to that terminal's location. in the second stage, we extract edges by considering the complete graph over the detected nodes. for each candidate edge, we compute the fraction of pixels along the straight line segment that are marked as foreground. if this fraction exceeds a threshold ( 70 % in our implementation ), the edge is retained. if two vertices are very close to each other, we assume they are connected via an edge. in cases of ambiguity where multiple potential edges with a shared node overlap, we retain the shortest one and discard the rest. evaluation. we evaluate our trained model on a test set containing instances with 10 - 20 input points, matching the number of points seen during training, and four other test sets containing 11 - 20, 21 - 30, 31 - 40 and 41 - 50 input points. after extracting the graph from the generated solution, we check the validity of the solution by verifying that the resulting graph is a tree and that it contains all of the input points. if the solution is valid, we then measure the total euclidean length of the tree. for each instance, we generate in parallel 10 solutions from different noise seeds and select the one with minimal total edge length that is also valid. in table 2 we report for each test set the rate of valid solutions as well as the mean ratio between the total euclidean length of the best solution produced by our model compared to that of the optimal solution ( ★ ( ) ). for comparison, we also report the ratio between the total euclidean length of a random planar tree and the optimal solution and that of the solution produced by the minimum spanning tree of the full graph and ★ ( ). our model is able to successfully produce high quality solutions even for instances with markedly more input points than were seen during training, and often produces solutions that align with the optimal ones ( see figure 7 ). while there is generally a one - to - one coupling between an input and the optimal solution, for some instances the model still produces variations, often of similar quality, for different noise initializations ( see figure 6 ). however, some of these variations can happen to be invalid, especially for instances with a large number of input points. this is evident in the third row, where the solution produced by the noise initialization contains a loop and is not a tree. maximum area polygon problem the third problem we attempt to tackle with our approach is the maximum area polygon",
      "query": "What is the main problem or motivation addressed in this paper?"
    },
    {
      "vector_id": 1455,
      "score": 0.5175119638442993,
      "text": "and blue in the difference map correspond to regions that are exclusive to the optimal solution and our solution, respectively. it can be noticed that even in cases where there is a disparity between the optimal solution and the one produced by the model, the area difference between the exclusive regions tends to be small, amounting to a solution of similar quality. input points are overlaid over both optimal and produced solutions as red circles. figure 9 : 9 figure 9 : maximum area polygon 0 predictions across denoising steps. each row corresponds to a different seed. columns show selected 0 predictions for decreasing timesteps from left to right ( leftmost : = ; rightmost : = 0 ). input points are overlayed in red. 0. 953 0. 9887 ± 0. 0205 0. 7711 ± 0. 1361 0. 574 13 - 15 0. 620 0. 9624 ± 0. 0418 0. 4779 ± 0. 2717 0. 062 6 discussion and conclusions table 2 : 2 steiner tree evaluation results. comparison of our method, mst, and random solutions. reported are valid tree rates and mean euclidean length ratios ( ± std ) relative to the optimal solution across input point ranges. # input valid ours mst random points rate ratio mean ± std ratio mean ± std ratio mean ± std 10 - 20 0. 996 1. 0008 ± 0. 0005 1. 0363 ± 0. 0124 1. 8344 ± 0. 2363 21 - 30 0. 986 1. 0018 ± 0. 0011 1. 0416 ± 0. 0095 1. 9044 ± 0. 1827 31 - 40 0. 834 1. 0044 ± 0. 0035 1. 0470 ± 0. 0079 1. 8981 ± 0. 1656 41 - 50 0. 334 1. 0092 ± 0. 0055 1. 0522 ± 0. 0072 1. 8605 ± 0. 1425 table 4 : 4 regression model evaluation results. comparison of diffusion ( best - of - 10 ) and regression models. reported are valid polygon rates and mean area ratios ( ± std ) across input point ranges. diffusion regression # input valid valid diffusion regression points rate rate ratio mean ± std ratio mean ± std 7 - 12 0. 953 0. 361 0. 9887 ± 0. 0205 0",
      "query": "What method or approach is proposed? Summarize the core idea and components."
    },
    {
      "vector_id": 1448,
      "score": 0.6033744812011719,
      "text": "fourth rows in figure 9 ). nevertheless, whenever a valid polygon is produced, its area is typically very close to that of the optimal solution. figure we note that for this problem, like the last one, there is generally only a single optimal solution per problem instance. therefore the benefit of training conditional diffusion models which are generally used to learn conditional distributions in order to solve these instances is not immediately clear. in section a we demonstrate on the maxap problem that there is a performance advantage over using a regression model even for problems of this kind. table 3 : maximum area polygon evaluation results. comparison of our method, random polygons, and optimal solutions. metrics include polygon validity rate, mean area ratio ( ± std ), and optimal solution rate for different input point ranges. in this work, we presented visual diffusion as a general framework for approximating solutions to notoriously hard geometric problems. through three case studies, the inscribed square problem, the steiner tree problem, and the simple polygon problem, we demonstrated that diffusion models can operate in image space to uncover valid geometric structures. we do not claim that our method outperforms specialized solvers tailored to any single problem. indeed, for each of these problems, carefully designed algorithms may yield more efficient or more accurate solutions. instead, our contribution is to reveal a paradigm : visual diffusion provides a single, simple framework that applies across a diverse set of problems without requiring custom formulations. specifically, each task uses the very same diffusion architecture without modification, varying only in task - specific training data. our approach produces accurate and diverse approximations, naturally recovering multiple valid solutions through diffusion, as illustrated in the inscribed square problem. these solutions can be further refined if desired. importantly, we also observe that models trained on relatively simple instances generalize to more complex inputs, such as handling a larger number of points than those seen in training. this behavior is particularly valuable for problems where complexity grows with the number of points. this contrasts with traditional geometric solvers, whose runtime typically grows polynomially or even exponentially with input size. # input points valid despite the diversity of the problems they are trained to solve, the models exhibit a consistent behavior, evident in the denoising progression ( figures 3, 6 and 9 ). already in the early steps of the sampling process, the global structure of the solution becomes apparent, suggesting that the essence of the solution lies primarily in low - frequency geometric features that can be recovered quickly. the subsequent denoising steps refine these structures to achieve",
      "query": "What experiments or evaluation setup are used (datasets, tasks, metrics)?"
    },
    {
      "vector_id": 1442,
      "score": 0.5373103022575378,
      "text": "ground truth squares used in construction, we avoid comparing distances to the closest ground truth square and instead focus on evaluating the geometric properties of our generated solutions. table 1 : evaluation results. we report alignment a (, ) and squareness q under three conditions : before snapping, after snapping, and ground truth ( gt ). we evaluate our method along two complementary axes : alignment and quality. for alignment, we report the score a (, ) defined in eq. 1, which directly measures how well the vertices of a predicted square lie on the conditioning curve. for quality, we introduce a squareness metric that captures how close a predicted shape is to a valid square. given a predicted square, let area ( ) denote its contour area, and let (, ) denote the side lengths of its minimum - area enclosing rectangle. we define : q ( ) = area ( ) • • exp - 2 max (, ) min (, ) - 1. ( ) 2 this produces a score in [ 0, 1 ] that is high only when tightly fills a nearly equilateral rectangle, i. e., when it closely resembles a true square. we report both alignment and quality metrics under three conditions : ( i ) predictions before snapping, ( ii ) predictions after snapping, and ( iii ) the ground - truth squares from the dataset ( tab. 1 ). this evaluation disentangles the intrinsic generative ability of the diffusion model from the gains achieved by the geometric snapping refinement. interpretation of evaluation results. the evaluation demonstrates that our model consistently produces shapes that closely approximate true inscribed squares with strong accuracy. even though the alignment of predicted squares with the conditioning curve is not always pixel - perfect, the snapping step leads to a substantial refinement, bringing the results impressively close to the ground truth. in practice, this shows that the diffusion process is highly effective at capturing both the structural regularity and the correct placement of squares, with only minimal residual deviation that often manifests at the sub - pixel level. importantly, such deviations are expected given the inherent discretization of the pixel domain, which naturally puts an upper bound even on the ground truth results. within this setting, our method reliably recovers high - quality approximations of valid inscribed squares. the reported numbers confirm that the model does not merely suggest plausible candidates but in fact achieves precise and robust approximations, validating the",
      "query": "What are the key contributions and significance of this work?"
    }
  ],
  "rag_by_query": {
    "What is the main problem or motivation addressed in this paper?": [
      {
        "vector_id": 1439,
        "score": 0.5516061186790466,
        "text": "up via an optimization - consistency objective, matching or surpassing multistep diffusion solvers performance with single - step generation plus a single gradient step. closer to our approach, some methods solve constrained problems in pixel - space representation. [ 20 ] train an unconditional diffusion model on pixel - space representations of tsp instances. they then solve new instances with stochastic optimization using a differential renderer, utilizing the prior of the learned model. differently from us, they optimize a parametric representation of the solution to a given instance, while we generate solutions with ddim sampling of a conditional model. [ 47 ] train a noise - prediction unet in pixel space on a visual representation of sudoku, which is another np - hard combinatorial problem. they depart from fully - parallel image diffusion by ( i ) assigning individual noise levels to patches, and ( ii ) sampling patches in a learned order or a hand - crafted order. they demonstrate that sampling order matters, and can substantially outperform a conditional ddpm baseline that operates fully in parallel. inscribed square problem we present our visual diffusion approach as a solver for hard geometric problems by structuring the paper around a set of case studies on well - known challenges. each case study begins with the problem statement and its mathematical context, followed by a brief review of existing methods. we then describe how our imagespace diffusion formulation addresses the task, highlighting both its capabilities and limitations. the first and central case we study is the inscribed square problem, which serves as an illustrative entry point into our approach. problem statement. the inscribed square problem, also known as toeplitz's square peg problem first posed in 1911, asks whether every jordan curve in the euclidean plane contains four points that form a square. formally, the conjecture states that for every jordan curve ⊂ r 2, there exist four points { 1, 2, 3, 4 } ⊂ such that 1, 2, 3, 4 are the vertices of a non - degenerate square. figure 2 illustrates this setting, showing a curve with several inscribed squares. the problem has since been resolved in several restricted settings. some works show the conjecture holds for convex and piecewise analytic curves [ 11 ] [ 12 ] [ 13 ] and later results prove it for 1 - smooth curves columns show selected 0 predictions for decreasing timesteps from left to right ( leftmost : = ; penultimate : = 0 ). for = 0 we"
      },
      {
        "vector_id": 1445,
        "score": 0.5512112975120544,
        "text": "taken as a node position, with nodes falling within a small radius of an input terminal being snapped to that terminal's location. in the second stage, we extract edges by considering the complete graph over the detected nodes. for each candidate edge, we compute the fraction of pixels along the straight line segment that are marked as foreground. if this fraction exceeds a threshold ( 70 % in our implementation ), the edge is retained. if two vertices are very close to each other, we assume they are connected via an edge. in cases of ambiguity where multiple potential edges with a shared node overlap, we retain the shortest one and discard the rest. evaluation. we evaluate our trained model on a test set containing instances with 10 - 20 input points, matching the number of points seen during training, and four other test sets containing 11 - 20, 21 - 30, 31 - 40 and 41 - 50 input points. after extracting the graph from the generated solution, we check the validity of the solution by verifying that the resulting graph is a tree and that it contains all of the input points. if the solution is valid, we then measure the total euclidean length of the tree. for each instance, we generate in parallel 10 solutions from different noise seeds and select the one with minimal total edge length that is also valid. in table 2 we report for each test set the rate of valid solutions as well as the mean ratio between the total euclidean length of the best solution produced by our model compared to that of the optimal solution ( ★ ( ) ). for comparison, we also report the ratio between the total euclidean length of a random planar tree and the optimal solution and that of the solution produced by the minimum spanning tree of the full graph and ★ ( ). our model is able to successfully produce high quality solutions even for instances with markedly more input points than were seen during training, and often produces solutions that align with the optimal ones ( see figure 7 ). while there is generally a one - to - one coupling between an input and the optimal solution, for some instances the model still produces variations, often of similar quality, for different noise initializations ( see figure 6 ). however, some of these variations can happen to be invalid, especially for instances with a large number of input points. this is evident in the third row, where the solution produced by the noise initialization contains a loop and is not a tree. maximum area polygon problem the third problem we attempt to tackle with our approach is the maximum area polygon"
      }
    ],
    "What method or approach is proposed? Summarize the core idea and components.": [
      {
        "vector_id": 1455,
        "score": 0.5175119638442993,
        "text": "and blue in the difference map correspond to regions that are exclusive to the optimal solution and our solution, respectively. it can be noticed that even in cases where there is a disparity between the optimal solution and the one produced by the model, the area difference between the exclusive regions tends to be small, amounting to a solution of similar quality. input points are overlaid over both optimal and produced solutions as red circles. figure 9 : 9 figure 9 : maximum area polygon 0 predictions across denoising steps. each row corresponds to a different seed. columns show selected 0 predictions for decreasing timesteps from left to right ( leftmost : = ; rightmost : = 0 ). input points are overlayed in red. 0. 953 0. 9887 ± 0. 0205 0. 7711 ± 0. 1361 0. 574 13 - 15 0. 620 0. 9624 ± 0. 0418 0. 4779 ± 0. 2717 0. 062 6 discussion and conclusions table 2 : 2 steiner tree evaluation results. comparison of our method, mst, and random solutions. reported are valid tree rates and mean euclidean length ratios ( ± std ) relative to the optimal solution across input point ranges. # input valid ours mst random points rate ratio mean ± std ratio mean ± std ratio mean ± std 10 - 20 0. 996 1. 0008 ± 0. 0005 1. 0363 ± 0. 0124 1. 8344 ± 0. 2363 21 - 30 0. 986 1. 0018 ± 0. 0011 1. 0416 ± 0. 0095 1. 9044 ± 0. 1827 31 - 40 0. 834 1. 0044 ± 0. 0035 1. 0470 ± 0. 0079 1. 8981 ± 0. 1656 41 - 50 0. 334 1. 0092 ± 0. 0055 1. 0522 ± 0. 0072 1. 8605 ± 0. 1425 table 4 : 4 regression model evaluation results. comparison of diffusion ( best - of - 10 ) and regression models. reported are valid polygon rates and mean area ratios ( ± std ) across input point ranges. diffusion regression # input valid valid diffusion regression points rate rate ratio mean ± std ratio mean ± std 7 - 12 0. 953 0. 361 0. 9887 ± 0. 0205 0"
      }
    ],
    "What experiments or evaluation setup are used (datasets, tasks, metrics)?": [
      {
        "vector_id": 1448,
        "score": 0.6033744812011719,
        "text": "fourth rows in figure 9 ). nevertheless, whenever a valid polygon is produced, its area is typically very close to that of the optimal solution. figure we note that for this problem, like the last one, there is generally only a single optimal solution per problem instance. therefore the benefit of training conditional diffusion models which are generally used to learn conditional distributions in order to solve these instances is not immediately clear. in section a we demonstrate on the maxap problem that there is a performance advantage over using a regression model even for problems of this kind. table 3 : maximum area polygon evaluation results. comparison of our method, random polygons, and optimal solutions. metrics include polygon validity rate, mean area ratio ( ± std ), and optimal solution rate for different input point ranges. in this work, we presented visual diffusion as a general framework for approximating solutions to notoriously hard geometric problems. through three case studies, the inscribed square problem, the steiner tree problem, and the simple polygon problem, we demonstrated that diffusion models can operate in image space to uncover valid geometric structures. we do not claim that our method outperforms specialized solvers tailored to any single problem. indeed, for each of these problems, carefully designed algorithms may yield more efficient or more accurate solutions. instead, our contribution is to reveal a paradigm : visual diffusion provides a single, simple framework that applies across a diverse set of problems without requiring custom formulations. specifically, each task uses the very same diffusion architecture without modification, varying only in task - specific training data. our approach produces accurate and diverse approximations, naturally recovering multiple valid solutions through diffusion, as illustrated in the inscribed square problem. these solutions can be further refined if desired. importantly, we also observe that models trained on relatively simple instances generalize to more complex inputs, such as handling a larger number of points than those seen in training. this behavior is particularly valuable for problems where complexity grows with the number of points. this contrasts with traditional geometric solvers, whose runtime typically grows polynomially or even exponentially with input size. # input points valid despite the diversity of the problems they are trained to solve, the models exhibit a consistent behavior, evident in the denoising progression ( figures 3, 6 and 9 ). already in the early steps of the sampling process, the global structure of the solution becomes apparent, suggesting that the essence of the solution lies primarily in low - frequency geometric features that can be recovered quickly. the subsequent denoising steps refine these structures to achieve"
      }
    ],
    "What are the key contributions and significance of this work?": [
      {
        "vector_id": 1442,
        "score": 0.5373103022575378,
        "text": "ground truth squares used in construction, we avoid comparing distances to the closest ground truth square and instead focus on evaluating the geometric properties of our generated solutions. table 1 : evaluation results. we report alignment a (, ) and squareness q under three conditions : before snapping, after snapping, and ground truth ( gt ). we evaluate our method along two complementary axes : alignment and quality. for alignment, we report the score a (, ) defined in eq. 1, which directly measures how well the vertices of a predicted square lie on the conditioning curve. for quality, we introduce a squareness metric that captures how close a predicted shape is to a valid square. given a predicted square, let area ( ) denote its contour area, and let (, ) denote the side lengths of its minimum - area enclosing rectangle. we define : q ( ) = area ( ) • • exp - 2 max (, ) min (, ) - 1. ( ) 2 this produces a score in [ 0, 1 ] that is high only when tightly fills a nearly equilateral rectangle, i. e., when it closely resembles a true square. we report both alignment and quality metrics under three conditions : ( i ) predictions before snapping, ( ii ) predictions after snapping, and ( iii ) the ground - truth squares from the dataset ( tab. 1 ). this evaluation disentangles the intrinsic generative ability of the diffusion model from the gains achieved by the geometric snapping refinement. interpretation of evaluation results. the evaluation demonstrates that our model consistently produces shapes that closely approximate true inscribed squares with strong accuracy. even though the alignment of predicted squares with the conditioning curve is not always pixel - perfect, the snapping step leads to a substantial refinement, bringing the results impressively close to the ground truth. in practice, this shows that the diffusion process is highly effective at capturing both the structural regularity and the correct placement of squares, with only minimal residual deviation that often manifests at the sub - pixel level. importantly, such deviations are expected given the inherent discretization of the pixel domain, which naturally puts an upper bound even on the ground truth results. within this setting, our method reliably recovers high - quality approximations of valid inscribed squares. the reported numbers confirm that the model does not merely suggest plausible candidates but in fact achieves precise and robust approximations, validating the"
      }
    ]
  },
  "rag_prompt": "You are writing an academic abstract using the provided context.\nKeyword: visual_understanding\n\nContext:\n[Chunk 1] up via an optimization - consistency objective, matching or surpassing multistep diffusion solvers performance with single - step generation plus a single gradient step. closer to our approach, some methods solve constrained problems in pixel - space representation. [ 20 ] train an unconditional diffusion model on pixel - space representations of tsp instances. they then solve new instances with stochastic optimization using a differential renderer, utilizing the prior of the learned model. differently from us, they optimize a parametric representation of the solution to a given instance, while we generate solutions with ddim sampling of a conditional model. [ 47 ] train a noise - prediction unet in pixel space on a visual representation of sudoku, which is another np - hard combinatorial problem. they depart from fully - parallel image diffusion by ( i ) assigning individual noise levels to patches, and ( ii ) sampling patches in a learned order or a hand - crafted order. they demonstrate that sampling order matters, and can substantially outperform a conditional ddpm baseline that operates fully in parallel. inscribed square problem we present our visual diffusion approach as a solver for hard geometric problems by structuring the paper around a set of case studies on well - known challenges. each case study begins with the problem statement and its mathematical context, followed by a brief review of existing methods. we then describe how our imagespace diffusion formulation addresses the task, highlighting both its capabilities and limitations. the first and central case we study is the inscribed square problem, which serves as an illustrative entry point into our approach. problem statement. the inscribed square problem, also known as toeplitz's square peg problem first posed in 1911, asks whether every jordan curve in the euclidean plane contains four points that form a square. formally, the conjecture states that for every jordan curve ⊂ r 2, there exist four points { 1, 2, 3, 4 } ⊂ such that 1, 2, 3, 4 are the vertices of a non - degenerate square. figure 2 illustrates this setting, showing a curve with several inscribed squares. the problem has since been resolved in several restricted settings. some works show the conjecture holds for convex and piecewise analytic curves [ 11 ] [ 12 ] [ 13 ] and later results prove it for 1 - smooth curves columns show selected 0 predictions for decreasing timesteps from left to right ( leftmost : = ; penultimate : = 0 ). for = 0 we\n\n[Chunk 2] taken as a node position, with nodes falling within a small radius of an input terminal being snapped to that terminal's location. in the second stage, we extract edges by considering the complete graph over the detected nodes. for each candidate edge, we compute the fraction of pixels along the straight line segment that are marked as foreground. if this fraction exceeds a threshold ( 70 % in our implementation ), the edge is retained. if two vertices are very close to each other, we assume they are connected via an edge. in cases of ambiguity where multiple potential edges with a shared node overlap, we retain the shortest one and discard the rest. evaluation. we evaluate our trained model on a test set containing instances with 10 - 20 input points, matching the number of points seen during training, and four other test sets containing 11 - 20, 21 - 30, 31 - 40 and 41 - 50 input points. after extracting the graph from the generated solution, we check the validity of the solution by verifying that the resulting graph is a tree and that it contains all of the input points. if the solution is valid, we then measure the total euclidean length of the tree. for each instance, we generate in parallel 10 solutions from different noise seeds and select the one with minimal total edge length that is also valid. in table 2 we report for each test set the rate of valid solutions as well as the mean ratio between the total euclidean length of the best solution produced by our model compared to that of the optimal solution ( ★ ( ) ). for comparison, we also report the ratio between the total euclidean length of a random planar tree and the optimal solution and that of the solution produced by the minimum spanning tree of the full graph and ★ ( ). our model is able to successfully produce high quality solutions even for instances with markedly more input points than were seen during training, and often produces solutions that align with the optimal ones ( see figure 7 ). while there is generally a one - to - one coupling between an input and the optimal solution, for some instances the model still produces variations, often of similar quality, for different noise initializations ( see figure 6 ). however, some of these variations can happen to be invalid, especially for instances with a large number of input points. this is evident in the third row, where the solution produced by the noise initialization contains a loop and is not a tree. maximum area polygon problem the third problem we attempt to tackle with our approach is the maximum area polygon\n\nConstraints: Use only the context. Do not invent datasets, baselines, or numerical results.\nIf results are not stated, describe them generally.\n\nWrite a concise abstract (150-250 words).",
  "rag_output": "We propose a novel visual diffusion approach to solve hard geometric problems, focusing on the inscribed square problem as a central case study. This problem, first posed in 1911, asks whether every Jordan curve in the Euclidean plane contains four points that form a square. Our method leverages a conditional diffusion model to generate solutions in pixel space, demonstrating capabilities and limitations in addressing this task. We also explore the application of our approach to other geometric problems, including the maximum area polygon problem.\nOur visual diffusion formulation addresses the task by structuring the paper around a set of case studies on well-known challenges. Each case study begins with the problem statement and its mathematical context, followed by a brief review of existing methods. We describe how our imagespace diffusion formulation addresses the task, highlighting its capabilities and limitations.\nOur approach demonstrates the potential of visual diffusion for solving hard geometric problems, with promising results on the inscribed square problem and other challenges. The method's ability to generate high-quality solutions even for instances with a large number of input points is particularly noteworthy.",
  "metrics": {
    "hwt": {
      "llama": {
        "perplexity": 9.67486465818584,
        "burstness": 2.619140625,
        "curvature": 0.0869140625
      },
      "gpt2": {
        "perplexity": 20.322298876557472,
        "burstness": 2.86328125,
        "curvature": 0.11191406249999991
      }
    },
    "only_llm": {
      "llama": {
        "perplexity": 5.198850274067211,
        "burstness": 2.09765625,
        "curvature": 0.29218750000000004
      },
      "gpt2": {
        "perplexity": 12.667789349678872,
        "burstness": 2.2890625,
        "curvature": 0.2678710937500002
      }
    },
    "rag": {
      "llama": {
        "perplexity": 9.358903395261644,
        "burstness": 2.4296875,
        "curvature": 0.1812499999999999
      },
      "gpt2": {
        "perplexity": 17.725424121461643,
        "burstness": 2.732421875,
        "curvature": 0.24687500000000018
      }
    }
  }
}