{
  "paper_id": "2511.04384v1",
  "keyword": "visual_understanding",
  "source_path": "papers/outputs/visual_understanding/2511.04384v1.json",
  "abstract_hwt": "We present a multi-task framework for the MediaEval Medico 2025 challenge, leveraging a LoRA-tuned Florence-2 model for simultaneous visual question answering (VQA), explanation generation, and visual grounding. The proposed system integrates three curated datasets: (1) Kvasir-VQA-x1 for question-answer learning, (2) a synthetically enriched explanation dataset offering structured medical reasoning, and (3) text-to-region pairs linking visual features with segmentation masks. This multi-task setup enables the model to jointly learn visual grounding, reasoning, and interpretation, producing responses that are both accurate and interpretable. Extensive evaluation demonstrates that our approach substantially improves over single-task baselines in both answer accuracy and visual localization, highlighting the effectiveness of grounded multi-task learning for medical VQA applications. Our code: GitHub Repository",
  "abstract_only_llm": "The MediaEval Medico 2025 VQA Challenge is a pivotal initiative aimed at advancing explainable AI in gastrointestinal imaging. This challenge features two primary subtasks: visual question answering (VQA) and multimodal explanation generation. The VQA subtask requires models to accurately answer questions posed about medical images, while the multimodal explanation generation subtask demands the creation of comprehensive explanations to support these answers.\nThe challenge utilizes the Kvasir-VQA-x1 dataset, which comprises a diverse collection of gastrointestinal imaging data annotated with relevant clinical information. This dataset provides a robust foundation for evaluating the performance of explainable AI models in this domain. By focusing on explainability, the challenge seeks to promote the development of transparent and trustworthy AI systems that can augment medical decision-making.\nTo tackle this challenge, participants will need to design and implement AI models that can effectively integrate visual understanding with clinical knowledge to provide accurate and interpretable answers to medical questions. The ultimate goal is to create AI systems that not only excel in visual question answering but also offer actionable insights that can inform clinical practice.",
  "abstract_rag": "This study presents a multi-task training framework for visual language models (VLMs) in gastrointestinal endoscopy, aiming to improve visual understanding and explainability. Our proposed framework combines visual grounding, question answering, and explanation generation tasks, leveraging synthetic data generation and pseudo-masking techniques. We evaluate the effectiveness of our approach on a private dataset, demonstrating improved performance in both visual and language tasks.\nOur results show that the multi-task approach enhances visual grounding while preserving language quality, as evident in the accurate polyp segmentation and correct identification of its size. However, the model's textual explanations for structured tasks, such as presence detection and counting, exhibit mixed success, with significant weaknesses in completeness and faithfulness. The model excels with binary and quantitative attributes but struggles with descriptive ones, particularly color identification.\nThese findings highlight key challenges in training VLMs for gastrointestinal endoscopy, including synthetic data generation and class imbalance. Future work directions include leveraging pseudo-masking to propose regions for refinement, incorporating negative examples, and grounding explanations by expert descriptions to further improve visual understanding and explainability.",
  "only_llm_summary": "Introduction The MediaEval Medico 2025 VQA Challenge [1] focuses on explainable AI for Gastrointestinal imaging. It features two subtasks-visual question answering and multimodal explanation generation-based on the Kvasir-VQA-x1 dataset [2] .",
  "only_llm_body": "Introduction The MediaEval Medico 2025 VQA Challenge [1] focuses on explainable AI for Gastrointestinal imaging. It features two subtasks-visual question answering and multimodal explanation generation-based on the Kvasir-VQA-x1 dataset [2] . Building on this challenge, we address a key limitation of Vision-Language Models (VLMs): while VLMs recognize visual features well, they often lack medical terminology and reasoning for trustworthy clinical applications. Standard VQA training without explicit visual grounding or detailed explanations is insufficient for medical AI. We propose a multi-task learning framework enriching training with textual explanations and visual grounding through two curated datasets: (1) textual explanations providing medical reasoning for complexity-1 questions, and (2) visually grounded data linking answers to segmentation masks. Training Florence-2 [3] with this framework enables simultaneous learning of visual grounding, medical reasoning, and question answering, improving VQA performance while producing models grounded in visual evidence and medical knowledge. The principles guiding our framework draw from prior work that has consistently shown multi-task learning to be effective for vision-language models. [4] trained on 12 tasks, reducing parameters from 3B to 270M while improving performance by 2.05 points. Molmo [5] showed that curating detailed captioning, QA pairs, and 2D pointing enables smaller models to outperform larger closed-source mod\n\n tokens: <MedVQA> for VQA, <MedVQA_EXPLAIN> for explanations, and <REFERRING_EXPRESSION_SEGMENTATION> for region grounding (masks were converted to Florence-2 location tokens). Subtask 1 generated outputs using <MedVQA> with the question as input. Subtask 2 followed a twostep approach: first predicting the answer with <MedVQA>, then localizing the region using <REFERRING_EXPRESSION_SEGMENTATION> with the predicted answer. Explanations were generated using <MedVQA_EXPLAIN> with the question and the prompt \"Explain in detail\". A confidence score for each generated explanation was derived from decoding stability, computed as the average top-𝑘 (𝑘 = 5) probability mass over top tokens. We found that conflicting explanations scored lower, while correct ones scored higher, though further validation is needed. The polyp measures greater than 20 millimeters in size. It appears as a large, rounded, and irregular shape with a mix of red, pink, and yellow colors. Results and Evaluation Increasing \n\nmade by dataset augmentation for rare classes, incorporating negative examples, and grounding explanations by expert descriptions. Figure 1 : 1 Figure 1: Our proposed multi-task training framework. Figure 2 : 2 Figure 2: Comparison of model responses before and after multi-task training. Question: What is the size of the polyp? Actual Answer: polyp larger than 20 millimeters. Figure 3 : 3 Figure 3: Sub-Task 2: Question-wise radar graph for each explainability metric on official results. Table 1 1 Validation Scores Across Different Model Variants. FL2: Florence-2; MT: Multi-task Training; Format: Rank_Alpha (e.g., 32_64 indicates LoRA rank=32, alpha=64) Model Configuration Seg-IoU Seg-IoU Seg-IoU BLEU ROUGE-1 ROUGE-2 ROUGE-L METEOR Instrument Polyp Pseudo FL2_VQA_32_64 0.4911 0.4029 0.1309 0.4348 0.6856 0.4935 0.6566 0.6548 FL2_VQA_64_128 0.3712 0.5589 0.1651 0.4518 0.6953 0.5074 0.6675 0.6674 FL2_VQA_128_256 0.2961 0.2390 0.1688 0.4623 0.7024 0.5163 0.6754 0.6735 FL2_VQA_MT_32_64 0.7098 0.6828 0.5110 0.4432 0.6894 0.5010 0.6613 0.6592 FL2_VQA_MT_64_128 0.7374 0.7063 0.5344 0.4615 0.7008 0.5144 0.6731 0.6728 FL2_VQA_MT_128_256 0.7403 0.6879 0.5447 0.4726 0.7076 0.5234 0.6802 0.6804 Official results on Private Dataset (FL2_VQA_MT_128_256): FL2_VQA_MT_128_256 - - - 0.4539 0.6828 0.4954 0.6531 0.6515 Pred: polyp measuring greater than 20 millimeters Exp: Additional results on private dataset: CHRF++ = 63.79, BERTScore F1 = 0.9479. Pred: polyp measuring 11 to 20 millimeters Ex",
  "only_llm_prompt": "You are writing an academic abstract.\nKeyword: visual_understanding\nBrief summary (2 sentences): Introduction The MediaEval Medico 2025 VQA Challenge [1] focuses on explainable AI for Gastrointestinal imaging. It features two subtasks-visual question answering and multimodal explanation generation-based on the Kvasir-VQA-x1 dataset [2] .\nConstraints: Do not invent datasets, baselines, or numerical results.\nIf results are not stated, describe them generally.\n\nWrite a concise abstract (150-250 words).",
  "only_llm_output": "The MediaEval Medico 2025 VQA Challenge is a pivotal initiative aimed at advancing explainable AI in gastrointestinal imaging. This challenge features two primary subtasks: visual question answering (VQA) and multimodal explanation generation. The VQA subtask requires models to accurately answer questions posed about medical images, while the multimodal explanation generation subtask demands the creation of comprehensive explanations to support these answers.\nThe challenge utilizes the Kvasir-VQA-x1 dataset, which comprises a diverse collection of gastrointestinal imaging data annotated with relevant clinical information. This dataset provides a robust foundation for evaluating the performance of explainable AI models in this domain. By focusing on explainability, the challenge seeks to promote the development of transparent and trustworthy AI systems that can augment medical decision-making.\nTo tackle this challenge, participants will need to design and implement AI models that can effectively integrate visual understanding with clinical knowledge to provide accurate and interpretable answers to medical questions. The ultimate goal is to create AI systems that not only excel in visual question answering but also offer actionable insights that can inform clinical practice.",
  "rag_queries": [
    "What is the main problem or motivation addressed in this paper?",
    "What method or approach is proposed? Summarize the core idea and components.",
    "What experiments or evaluation setup are used (datasets, tasks, metrics)?",
    "What are the main results or findings? Include numeric results only if present.",
    "What are the key contributions and significance of this work?"
  ],
  "rag_chunks": [
    {
      "vector_id": 436,
      "score": 0.519421398639679,
      "text": "in figure 2, where the multi - task model produces a more accurate polyp segmentation and correctly identifies it as \" greater than 20 millimeters, \" consistent with the ground truth. as shown in the radar chart ( figure 3 ), our model's textual explanations for sub - task 2 are a mixed success. for structured tasks like presence detection and counting, the model achieves high answer correctness and clarity. however, it shows significant weaknesses in completeness ( 0. 3 - 0. 7 ) and faithfulness ( 0. 4 - 0. 6 ). the model excels with binary and quantitative attributes but struggles with descriptive ones, particularly color identification, where all metrics fall below 0. 6. these results highlight that although our training has improved correctness, further refinement is essential to ensure explanations are complete and clinically reliable. conclusion and future work our work advances grounded training for vlms in gi endoscopy but revealed key challenges. synthetic explaination data generation using the gemma - 27b model produced less diverse descriptions, hindering effective training. furthermore, severe class imbalance hindered visual grounding, as rare landmarks were overshadowed by prevalent polyps, and the lack of negative examples in the augmented datasets may have also biased the model training. future work could leverage the model's pseudo - masking to propose regions for refinement, using them as prompts for the segment anything model ( sam ) [ 13 ], which can generate more precise masks that may be used to train an auxiliary segmentation head alongside vqa training. additional improvements can be made by dataset augmentation for rare classes, incorporating negative examples, and grounding explanations by expert descriptions. figure 1 : 1 figure 1 : our proposed multi - task training framework. figure 2 : 2 figure 2 : comparison of model responses before and after multi - task training. question : what is the size of the polyp? actual answer : polyp larger than 20 millimeters. figure 3 : 3 figure 3 : sub - task 2 : question - wise radar graph for each explainability metric on official results. table 1 1 validation scores across different model variants. fl2 : florence - 2 ; mt : multi - task training ; format : rank _ alpha ( e. g., 32 _ 64 indicates lora rank = 32, alpha = 64 ) model configuration seg - iou seg - iou seg - iou bleu rouge - 1 rouge - 2 rouge - l meteor instrument polyp pseudo fl",
      "query": "What is the main problem or motivation addressed in this paper?"
    },
    {
      "vector_id": 435,
      "score": 0.5126579999923706,
      "text": "> for vqa, < medvqa _ explain > for explanations, and < referring _ expression _ segmentation > for region grounding ( masks were converted to florence - 2 location tokens ). subtask 1 generated outputs using < medvqa > with the question as input. subtask 2 followed a twostep approach : first predicting the answer with < medvqa >, then localizing the region using < referring _ expression _ segmentation > with the predicted answer. explanations were generated using < medvqa _ explain > with the question and the prompt \" explain in detail \". a confidence score for each generated explanation was derived from decoding stability, computed as the average top - ( = 5 ) probability mass over top tokens. we found that conflicting explanations scored lower, while correct ones scored higher, though further validation is needed. the polyp measures greater than 20 millimeters in size. it appears as a large, rounded, and irregular shape with a mix of red, pink, and yellow colors. results and evaluation increasing lora parameters, as referenced in table 1, reveals a critical trade - off in vqaonly training. while language scores improved, with bleu increasing from 0. 4348 to 0. 4623, visual grounding severely degraded as seg - iou instrument scores dropped from 0. 4911 to 0. 2961. this suggests the model overfits to linguistic cues. conversely, our multi - task approach improved all metrics simultaneously ; seg - iou instrument scores rose from 0. 7098 to 0. 7403 and bleu scores climbed from 0. 4432 to 0. 4726. this culminated in our best - performing model ( fl2 _ vqa _ mt _ 128 _ 256 ), which demonstrated robust generalization to unseen data on the official private dataset with a bleu of 0. 4539, rouge - l of 0. 6531, and bertscore f1 of 0. 9479. this shows the segmentation task acts as an effective regularizer, preserving visual understanding while enhancing language quality. this is evident in figure 2, where the multi - task model produces a more accurate polyp segmentation and correctly identifies it as \" greater than 20 millimeters, \" consistent with the ground truth. as shown in the radar chart ( figure 3 ), our model's textual explanations for sub - task 2 are a mixed success. for structured tasks like presence detection and counting, the model achieve",
      "query": "What is the main problem or motivation addressed in this paper?"
    },
    {
      "vector_id": 434,
      "score": 0.5109984874725342,
      "text": "further descriptive visual cues. the prompting strategy for gemma explicitly discouraged medical terminology, focusing instead on observable features ( shape, texture ) to improve generalization. in the second stage, we used the gemma - 27b model with few - shot prompting [ 9 ] to synthesize the ground - truth metadata, visual descriptions, and original qa pairs into complete, well - structured textual explanations. after post - processing to enhance fluency, the final dataset contained approximately 3, 344 samples. text - to - relevant - region dataset was curated by first collecting segmentation masks. we generated pseudo - masks for abnormalities and landmarks ( 2, 954 samples ) using the clipseg model [ 10 ] with descriptive text prompts ( e. g., \" red patches \" ). to improve coverage, we used multiple prompts per case and refined the resulting masks by removing black backgrounds and artifacts using opencv. we also incorporated 1, 383 high - quality polyp and instrument masks from the kvasir - seg datasets [ 11, 12 ]. in the second stage, we linked these masks to corresponding textual answers from [ 2 ]. the final dataset comprises 4, 337 text - mask pairs. although pseudo - masks lack medical precision, they offer useful approximate supervision, guiding the model to ground predictions in relevant visual evidence. training and post - processing the florence - 2 model was fine - tuned using lora on a combined dataset ( kvasir - vqa - x1, textual explanation, text - to - region ) with an 80 / 20 split to prevent image overlap between training and validation sets. training was conducted on kaggle ( 2×t4 gpus ) for one epoch using the transformers trainer library. we applied lora ( rank = 128, alpha = 256 ) to all attention modules and trained with a learning rate of 5 × 10 - 5, warmup _ ratio = 0. 1, fp16 precision, and an effective batch size of 12 ( 2 per device × 3 accumulation steps ). for post - processing and inference, we used three task - specific tokens : < medvqa > for vqa, < medvqa _ explain > for explanations, and < referring _ expression _ segmentation > for region grounding ( masks were converted to florence - 2 location tokens ). subtask 1 generated outputs using < medvqa > with the question as input. subtask 2 followed a twostep approach : first predicting the answer with <",
      "query": "What method or approach is proposed? Summarize the core idea and components."
    }
  ],
  "rag_by_query": {
    "What is the main problem or motivation addressed in this paper?": [
      {
        "vector_id": 436,
        "score": 0.519421398639679,
        "text": "in figure 2, where the multi - task model produces a more accurate polyp segmentation and correctly identifies it as \" greater than 20 millimeters, \" consistent with the ground truth. as shown in the radar chart ( figure 3 ), our model's textual explanations for sub - task 2 are a mixed success. for structured tasks like presence detection and counting, the model achieves high answer correctness and clarity. however, it shows significant weaknesses in completeness ( 0. 3 - 0. 7 ) and faithfulness ( 0. 4 - 0. 6 ). the model excels with binary and quantitative attributes but struggles with descriptive ones, particularly color identification, where all metrics fall below 0. 6. these results highlight that although our training has improved correctness, further refinement is essential to ensure explanations are complete and clinically reliable. conclusion and future work our work advances grounded training for vlms in gi endoscopy but revealed key challenges. synthetic explaination data generation using the gemma - 27b model produced less diverse descriptions, hindering effective training. furthermore, severe class imbalance hindered visual grounding, as rare landmarks were overshadowed by prevalent polyps, and the lack of negative examples in the augmented datasets may have also biased the model training. future work could leverage the model's pseudo - masking to propose regions for refinement, using them as prompts for the segment anything model ( sam ) [ 13 ], which can generate more precise masks that may be used to train an auxiliary segmentation head alongside vqa training. additional improvements can be made by dataset augmentation for rare classes, incorporating negative examples, and grounding explanations by expert descriptions. figure 1 : 1 figure 1 : our proposed multi - task training framework. figure 2 : 2 figure 2 : comparison of model responses before and after multi - task training. question : what is the size of the polyp? actual answer : polyp larger than 20 millimeters. figure 3 : 3 figure 3 : sub - task 2 : question - wise radar graph for each explainability metric on official results. table 1 1 validation scores across different model variants. fl2 : florence - 2 ; mt : multi - task training ; format : rank _ alpha ( e. g., 32 _ 64 indicates lora rank = 32, alpha = 64 ) model configuration seg - iou seg - iou seg - iou bleu rouge - 1 rouge - 2 rouge - l meteor instrument polyp pseudo fl"
      },
      {
        "vector_id": 435,
        "score": 0.5126579999923706,
        "text": "> for vqa, < medvqa _ explain > for explanations, and < referring _ expression _ segmentation > for region grounding ( masks were converted to florence - 2 location tokens ). subtask 1 generated outputs using < medvqa > with the question as input. subtask 2 followed a twostep approach : first predicting the answer with < medvqa >, then localizing the region using < referring _ expression _ segmentation > with the predicted answer. explanations were generated using < medvqa _ explain > with the question and the prompt \" explain in detail \". a confidence score for each generated explanation was derived from decoding stability, computed as the average top - ( = 5 ) probability mass over top tokens. we found that conflicting explanations scored lower, while correct ones scored higher, though further validation is needed. the polyp measures greater than 20 millimeters in size. it appears as a large, rounded, and irregular shape with a mix of red, pink, and yellow colors. results and evaluation increasing lora parameters, as referenced in table 1, reveals a critical trade - off in vqaonly training. while language scores improved, with bleu increasing from 0. 4348 to 0. 4623, visual grounding severely degraded as seg - iou instrument scores dropped from 0. 4911 to 0. 2961. this suggests the model overfits to linguistic cues. conversely, our multi - task approach improved all metrics simultaneously ; seg - iou instrument scores rose from 0. 7098 to 0. 7403 and bleu scores climbed from 0. 4432 to 0. 4726. this culminated in our best - performing model ( fl2 _ vqa _ mt _ 128 _ 256 ), which demonstrated robust generalization to unseen data on the official private dataset with a bleu of 0. 4539, rouge - l of 0. 6531, and bertscore f1 of 0. 9479. this shows the segmentation task acts as an effective regularizer, preserving visual understanding while enhancing language quality. this is evident in figure 2, where the multi - task model produces a more accurate polyp segmentation and correctly identifies it as \" greater than 20 millimeters, \" consistent with the ground truth. as shown in the radar chart ( figure 3 ), our model's textual explanations for sub - task 2 are a mixed success. for structured tasks like presence detection and counting, the model achieve"
      }
    ],
    "What method or approach is proposed? Summarize the core idea and components.": [
      {
        "vector_id": 434,
        "score": 0.5109984874725342,
        "text": "further descriptive visual cues. the prompting strategy for gemma explicitly discouraged medical terminology, focusing instead on observable features ( shape, texture ) to improve generalization. in the second stage, we used the gemma - 27b model with few - shot prompting [ 9 ] to synthesize the ground - truth metadata, visual descriptions, and original qa pairs into complete, well - structured textual explanations. after post - processing to enhance fluency, the final dataset contained approximately 3, 344 samples. text - to - relevant - region dataset was curated by first collecting segmentation masks. we generated pseudo - masks for abnormalities and landmarks ( 2, 954 samples ) using the clipseg model [ 10 ] with descriptive text prompts ( e. g., \" red patches \" ). to improve coverage, we used multiple prompts per case and refined the resulting masks by removing black backgrounds and artifacts using opencv. we also incorporated 1, 383 high - quality polyp and instrument masks from the kvasir - seg datasets [ 11, 12 ]. in the second stage, we linked these masks to corresponding textual answers from [ 2 ]. the final dataset comprises 4, 337 text - mask pairs. although pseudo - masks lack medical precision, they offer useful approximate supervision, guiding the model to ground predictions in relevant visual evidence. training and post - processing the florence - 2 model was fine - tuned using lora on a combined dataset ( kvasir - vqa - x1, textual explanation, text - to - region ) with an 80 / 20 split to prevent image overlap between training and validation sets. training was conducted on kaggle ( 2×t4 gpus ) for one epoch using the transformers trainer library. we applied lora ( rank = 128, alpha = 256 ) to all attention modules and trained with a learning rate of 5 × 10 - 5, warmup _ ratio = 0. 1, fp16 precision, and an effective batch size of 12 ( 2 per device × 3 accumulation steps ). for post - processing and inference, we used three task - specific tokens : < medvqa > for vqa, < medvqa _ explain > for explanations, and < referring _ expression _ segmentation > for region grounding ( masks were converted to florence - 2 location tokens ). subtask 1 generated outputs using < medvqa > with the question as input. subtask 2 followed a twostep approach : first predicting the answer with <"
      }
    ]
  },
  "rag_prompt": "You are writing an academic abstract using the provided context.\nKeyword: visual_understanding\n\nContext:\n[Chunk 1] in figure 2, where the multi - task model produces a more accurate polyp segmentation and correctly identifies it as \" greater than 20 millimeters, \" consistent with the ground truth. as shown in the radar chart ( figure 3 ), our model's textual explanations for sub - task 2 are a mixed success. for structured tasks like presence detection and counting, the model achieves high answer correctness and clarity. however, it shows significant weaknesses in completeness ( 0. 3 - 0. 7 ) and faithfulness ( 0. 4 - 0. 6 ). the model excels with binary and quantitative attributes but struggles with descriptive ones, particularly color identification, where all metrics fall below 0. 6. these results highlight that although our training has improved correctness, further refinement is essential to ensure explanations are complete and clinically reliable. conclusion and future work our work advances grounded training for vlms in gi endoscopy but revealed key challenges. synthetic explaination data generation using the gemma - 27b model produced less diverse descriptions, hindering effective training. furthermore, severe class imbalance hindered visual grounding, as rare landmarks were overshadowed by prevalent polyps, and the lack of negative examples in the augmented datasets may have also biased the model training. future work could leverage the model's pseudo - masking to propose regions for refinement, using them as prompts for the segment anything model ( sam ) [ 13 ], which can generate more precise masks that may be used to train an auxiliary segmentation head alongside vqa training. additional improvements can be made by dataset augmentation for rare classes, incorporating negative examples, and grounding explanations by expert descriptions. figure 1 : 1 figure 1 : our proposed multi - task training framework. figure 2 : 2 figure 2 : comparison of model responses before and after multi - task training. question : what is the size of the polyp? actual answer : polyp larger than 20 millimeters. figure 3 : 3 figure 3 : sub - task 2 : question - wise radar graph for each explainability metric on official results. table 1 1 validation scores across different model variants. fl2 : florence - 2 ; mt : multi - task training ; format : rank _ alpha ( e. g., 32 _ 64 indicates lora rank = 32, alpha = 64 ) model configuration seg - iou seg - iou seg - iou bleu rouge - 1 rouge - 2 rouge - l meteor instrument polyp pseudo fl\n\n[Chunk 2] > for vqa, < medvqa _ explain > for explanations, and < referring _ expression _ segmentation > for region grounding ( masks were converted to florence - 2 location tokens ). subtask 1 generated outputs using < medvqa > with the question as input. subtask 2 followed a twostep approach : first predicting the answer with < medvqa >, then localizing the region using < referring _ expression _ segmentation > with the predicted answer. explanations were generated using < medvqa _ explain > with the question and the prompt \" explain in detail \". a confidence score for each generated explanation was derived from decoding stability, computed as the average top - ( = 5 ) probability mass over top tokens. we found that conflicting explanations scored lower, while correct ones scored higher, though further validation is needed. the polyp measures greater than 20 millimeters in size. it appears as a large, rounded, and irregular shape with a mix of red, pink, and yellow colors. results and evaluation increasing lora parameters, as referenced in table 1, reveals a critical trade - off in vqaonly training. while language scores improved, with bleu increasing from 0. 4348 to 0. 4623, visual grounding severely degraded as seg - iou instrument scores dropped from 0. 4911 to 0. 2961. this suggests the model overfits to linguistic cues. conversely, our multi - task approach improved all metrics simultaneously ; seg - iou instrument scores rose from 0. 7098 to 0. 7403 and bleu scores climbed from 0. 4432 to 0. 4726. this culminated in our best - performing model ( fl2 _ vqa _ mt _ 128 _ 256 ), which demonstrated robust generalization to unseen data on the official private dataset with a bleu of 0. 4539, rouge - l of 0. 6531, and bertscore f1 of 0. 9479. this shows the segmentation task acts as an effective regularizer, preserving visual understanding while enhancing language quality. this is evident in figure 2, where the multi - task model produces a more accurate polyp segmentation and correctly identifies it as \" greater than 20 millimeters, \" consistent with the ground truth. as shown in the radar chart ( figure 3 ), our model's textual explanations for sub - task 2 are a mixed success. for structured tasks like presence detection and counting, the model achieve\n\nConstraints: Use only the context. Do not invent datasets, baselines, or numerical results.\nIf results are not stated, describe them generally.\n\nWrite a concise abstract (150-250 words).",
  "rag_output": "This study presents a multi-task training framework for visual language models (VLMs) in gastrointestinal endoscopy, aiming to improve visual understanding and explainability. Our proposed framework combines visual grounding, question answering, and explanation generation tasks, leveraging synthetic data generation and pseudo-masking techniques. We evaluate the effectiveness of our approach on a private dataset, demonstrating improved performance in both visual and language tasks.\nOur results show that the multi-task approach enhances visual grounding while preserving language quality, as evident in the accurate polyp segmentation and correct identification of its size. However, the model's textual explanations for structured tasks, such as presence detection and counting, exhibit mixed success, with significant weaknesses in completeness and faithfulness. The model excels with binary and quantitative attributes but struggles with descriptive ones, particularly color identification.\nThese findings highlight key challenges in training VLMs for gastrointestinal endoscopy, including synthetic data generation and class imbalance. Future work directions include leveraging pseudo-masking to propose regions for refinement, incorporating negative examples, and grounding explanations by expert descriptions to further improve visual understanding and explainability.",
  "metrics": {
    "hwt": {
      "llama": {
        "perplexity": 17.28103011956753,
        "burstness": 3.2421875,
        "curvature": 0.14501953125
      },
      "gpt2": {
        "perplexity": 47.435694792893365,
        "burstness": 3.44921875,
        "curvature": 0.10634765625000009
      }
    },
    "only_llm": {
      "llama": {
        "perplexity": 4.395005356905533,
        "burstness": 2.22265625,
        "curvature": 0.298828125
      },
      "gpt2": {
        "perplexity": 16.88071548801052,
        "burstness": 2.81640625,
        "curvature": 0.2948242187500001
      }
    },
    "rag": {
      "llama": {
        "perplexity": 14.495353140571094,
        "burstness": 2.81640625,
        "curvature": 0.10400390625
      },
      "gpt2": {
        "perplexity": 32.79363281328884,
        "burstness": 3.0625,
        "curvature": 0.13750000000000018
      }
    }
  }
}